building_type,task,run_period,building_id,reward_run1,reward_mean
OfficeMedium,task_const_e0,full_year,OfficeMedium-4037,-1198.7,-1198.7
OfficeMedium,task_const_e0,full_year,OfficeMedium-4040,-950.0,-950.0
OfficeMedium,task_const_e0,full_year,OfficeMedium-4041,-1273.0,-1273.0
OfficeMedium,task_const_e0,full_year,OfficeMedium-4047,-2352.3,-2352.3
OfficeMedium,task_const_e0,full_year,OfficeMedium-4051,-2973.0,-2973.0
OfficeMedium,task_const_e0,full_year,OfficeMedium-4055,-4495.4,-4495.4
OfficeMedium,task_const_e0,full_year,OfficeMedium-4067,-2914.1,-2914.1
OfficeMedium,task_const_e0,full_year,OfficeMedium-4070,-353.7,-353.7
OfficeMedium,task_const_e0,full_year,OfficeMedium-4093,-4019.2,-4019.2
OfficeMedium,task_const_e0,full_year,OfficeMedium-4126,-1718.3,-1718.3
OfficeMedium,task_const_e0,full_year,OfficeMedium-4130,-1304.6,-1304.6
OfficeMedium,task_const_e0,full_year,OfficeMedium-4138,-801.0,-801.0
OfficeMedium,task_const_e0,full_year,OfficeMedium-4142,-1065.1,-1065.1
OfficeMedium,task_const_e0,full_year,OfficeMedium-4146,-2654.9,-2654.9
OfficeMedium,task_const_e0,full_year,OfficeMedium-4150,-1267.6,-1267.6
OfficeMedium,task_const_e0,full_year,OfficeMedium-4151,-2644.4,-2644.4
OfficeMedium,task_const_e0,full_year,OfficeMedium-4152,-1619.9,-1619.9
OfficeMedium,task_const_e0,full_year,OfficeMedium-4153,-1407.6,-1407.6
OfficeMedium,task_const_e0,full_year,OfficeMedium-4158,-1369.4,-1369.4
OfficeMedium,task_const_e0,full_year,OfficeMedium-4168,-1660.6,-1660.6
OfficeMedium,task_const_e0,full_year,OfficeMedium-4260,-2179.8,-2179.8
OfficeMedium,task_const_e0,full_year,OfficeMedium-4275,-2587.5,-2587.5
OfficeMedium,task_const_e0,full_year,OfficeMedium-4279,-324.9,-324.9
OfficeMedium,task_const_e0,full_year,OfficeMedium-4296,-3228.1,-3228.1
OfficeMedium,task_const_e0,full_year,OfficeMedium-4297,-587.4,-587.4
OfficeMedium,task_const_e0,full_year,OfficeMedium-4300,-2761.2,-2761.2
OfficeMedium,task_const_e0,full_year,OfficeMedium-4332,-1575.4,-1575.4
OfficeMedium,task_const_e0,full_year,OfficeMedium-4365,-4351.3,-4351.3
OfficeMedium,task_const_e0,full_year,OfficeMedium-4389,-1688.4,-1688.4
OfficeMedium,task_const_e0,full_year,OfficeMedium-4391,-318.0,-318.0
OfficeMedium,task_const_e0,full_year,OfficeMedium-4398,-572.6,-572.6
OfficeMedium,task_const_e0,full_year,OfficeMedium-4414,-3512.2,-3512.2
OfficeMedium,task_const_e0,full_year,OfficeMedium-4421,-376.0,-376.0
OfficeMedium,task_const_e0,full_year,OfficeMedium-4430,-394.3,-394.3
OfficeMedium,task_const_e0,full_year,OfficeMedium-4445,-2532.8,-2532.8
OfficeMedium,task_const_e0,full_year,OfficeMedium-4455,-318.1,-318.1
OfficeMedium,task_const_e0,full_year,OfficeMedium-4459,-2699.3,-2699.3
OfficeMedium,task_const_e0,full_year,OfficeMedium-4468,-1585.1,-1585.1
OfficeMedium,task_const_e0,full_year,OfficeMedium-4488,-3688.5,-3688.5
OfficeMedium,task_const_e0,full_year,OfficeMedium-4502,-2542.1,-2542.1
OfficeMedium,task_const_e0,full_year,OfficeMedium-4511,-395.5,-395.5
OfficeMedium,task_const_e0,full_year,OfficeMedium-4523,-1204.6,-1204.6
OfficeMedium,task_const_e0,full_year,OfficeMedium-4537,-420.4,-420.4
OfficeMedium,task_const_e0,full_year,OfficeMedium-4554,-3145.1,-3145.1
OfficeMedium,task_const_e0,full_year,OfficeMedium-4570,-4650.1,-4650.1
OfficeMedium,task_const_e0,full_year,OfficeMedium-4576,-763.1,-763.1
OfficeMedium,task_const_e0,full_year,OfficeMedium-4585,-2136.5,-2136.5
OfficeMedium,task_const_e0,full_year,OfficeMedium-4588,-2291.9,-2291.9
OfficeMedium,task_const_e0,full_year,OfficeMedium-4590,-2097.6,-2097.6
OfficeMedium,task_const_e0,full_year,OfficeMedium-4608,-1985.9,-1985.9
OfficeMedium,task_const_e0,full_year,OfficeMedium-4621,-858.4,-858.4
OfficeMedium,task_const_e0,full_year,OfficeMedium-4625,-2380.4,-2380.4
OfficeMedium,task_const_e0,full_year,OfficeMedium-4631,-985.3,-985.3
OfficeMedium,task_const_e0,full_year,OfficeMedium-4641,-804.8,-804.8
OfficeMedium,task_const_e0,full_year,OfficeMedium-4642,-3498.1,-3498.1
OfficeMedium,task_const_e0,full_year,OfficeMedium-4643,-818.6,-818.6
OfficeMedium,task_const_e0,full_year,OfficeMedium-4670,-2086.1,-2086.1
OfficeMedium,task_const_e0,full_year,OfficeMedium-4680,-800.5,-800.5
OfficeMedium,task_const_e0,full_year,OfficeMedium-4688,-300.7,-300.7
OfficeMedium,task_const_e0,full_year,OfficeMedium-4691,-976.3,-976.3
OfficeMedium,task_const_e0,full_year,OfficeMedium-4692,-1311.7,-1311.7
OfficeMedium,task_const_e0,full_year,OfficeMedium-4693,-1390.3,-1390.3
OfficeMedium,task_const_e0,full_year,OfficeMedium-4695,-322.4,-322.4
OfficeMedium,task_const_e0,full_year,OfficeMedium-4697,-1511.2,-1511.2
OfficeMedium,task_const_e0,full_year,OfficeMedium-4700,-2080.4,-2080.4
OfficeMedium,task_const_e0,full_year,OfficeMedium-4712,-543.3,-543.3
OfficeMedium,task_const_e0,full_year,OfficeMedium-4731,-2508.2,-2508.2
OfficeMedium,task_const_e0,full_year,OfficeMedium-4745,-2066.8,-2066.8
OfficeMedium,task_const_e0,full_year,OfficeMedium-4777,-2275.6,-2275.6
OfficeMedium,task_const_e0,full_year,OfficeMedium-4782,-1428.6,-1428.6
OfficeMedium,task_const_e0,full_year,OfficeMedium-4787,-2778.0,-2778.0
OfficeMedium,task_const_e0,full_year,OfficeMedium-4795,-303.8,-303.8
OfficeMedium,task_const_e0,full_year,OfficeMedium-4796,-2483.5,-2483.5
OfficeMedium,task_const_e0,full_year,OfficeMedium-4799,-707.8,-707.8
OfficeMedium,task_const_e0,full_year,OfficeMedium-4805,-1069.8,-1069.8
OfficeMedium,task_const_e0,full_year,OfficeMedium-4834,-572.4,-572.4
OfficeMedium,task_const_e0,full_year,OfficeMedium-4860,-1049.5,-1049.5
OfficeMedium,task_const_e0,full_year,OfficeMedium-4861,-2345.5,-2345.5
OfficeMedium,task_const_e0,full_year,OfficeMedium-4869,-3300.7,-3300.7
OfficeMedium,task_const_e0,full_year,OfficeMedium-4872,-1078.4,-1078.4
OfficeMedium,task_const_e0,full_year,OfficeMedium-4873,-2649.9,-2649.9
OfficeMedium,task_const_e0,full_year,OfficeMedium-4883,-376.5,-376.5
OfficeMedium,task_const_e0,full_year,OfficeMedium-4890,-861.9,-861.9
OfficeMedium,task_const_e0,full_year,OfficeMedium-4898,-2401.5,-2401.5
OfficeMedium,task_const_e0,full_year,OfficeMedium-4901,-341.4,-341.4
OfficeMedium,task_const_e0,full_year,OfficeMedium-4906,-376.0,-376.0
OfficeMedium,task_const_e0,full_year,OfficeMedium-4925,-1185.0,-1185.0
OfficeMedium,task_const_e0,full_year,OfficeMedium-4931,-2274.6,-2274.6
OfficeMedium,task_const_e0,full_year,OfficeMedium-4947,-1965.2,-1965.2
OfficeMedium,task_const_e0,full_year,OfficeMedium-4949,-566.3,-566.3
OfficeMedium,task_const_e0,full_year,OfficeMedium-4958,-972.2,-972.2
OfficeMedium,task_const_e0,full_year,OfficeMedium-4963,-2016.6,-2016.6
OfficeMedium,task_const_e0,full_year,OfficeMedium-4970,-1447.8,-1447.8
OfficeMedium,task_const_e0,full_year,OfficeMedium-4976,-2483.1,-2483.1
OfficeMedium,task_const_e0,full_year,OfficeMedium-4987,-1339.7,-1339.7
OfficeMedium,task_const_e0,full_year,OfficeMedium-4991,-1266.5,-1266.5
OfficeMedium,task_const_e0,full_year,OfficeMedium-4997,-2504.5,-2504.5
OfficeMedium,task_const_e0,full_year,OfficeMedium-4998,-1319.1,-1319.1
OfficeMedium,task_const_e0,full_year,OfficeMedium-4999,-1463.9,-1463.9
OfficeMedium,task_const_e0,full_year,OfficeMedium-5000,-2215.6,-2215.6
OfficeMedium,task_const_e0,summer,OfficeMedium-4037,-71.8,-71.8
OfficeMedium,task_const_e0,summer,OfficeMedium-4040,-79.8,-79.8
OfficeMedium,task_const_e0,summer,OfficeMedium-4041,-243.6,-243.6
OfficeMedium,task_const_e0,summer,OfficeMedium-4047,-157.8,-157.8
OfficeMedium,task_const_e0,summer,OfficeMedium-4051,-360.8,-360.8
OfficeMedium,task_const_e0,summer,OfficeMedium-4055,-395.9,-395.9
OfficeMedium,task_const_e0,summer,OfficeMedium-4067,-355.4,-355.4
OfficeMedium,task_const_e0,summer,OfficeMedium-4070,-65.9,-65.9
OfficeMedium,task_const_e0,summer,OfficeMedium-4093,-370.4,-370.4
OfficeMedium,task_const_e0,summer,OfficeMedium-4126,-73.9,-73.9
OfficeMedium,task_const_e0,summer,OfficeMedium-4130,-76.6,-76.6
OfficeMedium,task_const_e0,summer,OfficeMedium-4138,-43.2,-43.2
OfficeMedium,task_const_e0,summer,OfficeMedium-4142,-76.2,-76.2
OfficeMedium,task_const_e0,summer,OfficeMedium-4146,-299.5,-299.5
OfficeMedium,task_const_e0,summer,OfficeMedium-4150,-224.9,-224.9
OfficeMedium,task_const_e0,summer,OfficeMedium-4151,-317.0,-317.0
OfficeMedium,task_const_e0,summer,OfficeMedium-4152,-258.8,-258.8
OfficeMedium,task_const_e0,summer,OfficeMedium-4153,-82.9,-82.9
OfficeMedium,task_const_e0,summer,OfficeMedium-4158,-74.5,-74.5
OfficeMedium,task_const_e0,summer,OfficeMedium-4168,-262.7,-262.7
OfficeMedium,task_const_e0,summer,OfficeMedium-4260,-183.1,-183.1
OfficeMedium,task_const_e0,summer,OfficeMedium-4275,-273.5,-273.5
OfficeMedium,task_const_e0,summer,OfficeMedium-4279,-67.2,-67.2
OfficeMedium,task_const_e0,summer,OfficeMedium-4296,-501.7,-501.7
OfficeMedium,task_const_e0,summer,OfficeMedium-4297,-132.0,-132.0
OfficeMedium,task_const_e0,summer,OfficeMedium-4300,-280.6,-280.6
OfficeMedium,task_const_e0,summer,OfficeMedium-4332,-73.5,-73.5
OfficeMedium,task_const_e0,summer,OfficeMedium-4365,-170.1,-170.1
OfficeMedium,task_const_e0,summer,OfficeMedium-4389,-314.5,-314.5
OfficeMedium,task_const_e0,summer,OfficeMedium-4391,-49.7,-49.7
OfficeMedium,task_const_e0,summer,OfficeMedium-4398,-44.5,-44.5
OfficeMedium,task_const_e0,summer,OfficeMedium-4414,-302.7,-302.7
OfficeMedium,task_const_e0,summer,OfficeMedium-4421,-64.9,-64.9
OfficeMedium,task_const_e0,summer,OfficeMedium-4430,-74.4,-74.4
OfficeMedium,task_const_e0,summer,OfficeMedium-4445,-269.3,-269.3
OfficeMedium,task_const_e0,summer,OfficeMedium-4455,-56.8,-56.8
OfficeMedium,task_const_e0,summer,OfficeMedium-4459,-256.5,-256.5
OfficeMedium,task_const_e0,summer,OfficeMedium-4468,-268.9,-268.9
OfficeMedium,task_const_e0,summer,OfficeMedium-4488,-495.2,-495.2
OfficeMedium,task_const_e0,summer,OfficeMedium-4502,-371.5,-371.5
OfficeMedium,task_const_e0,summer,OfficeMedium-4511,-89.5,-89.5
OfficeMedium,task_const_e0,summer,OfficeMedium-4523,-175.7,-175.7
OfficeMedium,task_const_e0,summer,OfficeMedium-4537,-83.7,-83.7
OfficeMedium,task_const_e0,summer,OfficeMedium-4554,-425.1,-425.1
OfficeMedium,task_const_e0,summer,OfficeMedium-4570,-435.6,-435.6
OfficeMedium,task_const_e0,summer,OfficeMedium-4576,-43.3,-43.3
OfficeMedium,task_const_e0,summer,OfficeMedium-4585,-216.1,-216.1
OfficeMedium,task_const_e0,summer,OfficeMedium-4588,-163.6,-163.6
OfficeMedium,task_const_e0,summer,OfficeMedium-4590,-156.7,-156.7
OfficeMedium,task_const_e0,summer,OfficeMedium-4608,-307.7,-307.7
OfficeMedium,task_const_e0,summer,OfficeMedium-4621,-70.9,-70.9
OfficeMedium,task_const_e0,summer,OfficeMedium-4625,-155.3,-155.3
OfficeMedium,task_const_e0,summer,OfficeMedium-4631,-69.9,-69.9
OfficeMedium,task_const_e0,summer,OfficeMedium-4641,-47.3,-47.3
OfficeMedium,task_const_e0,summer,OfficeMedium-4642,-412.6,-412.6
OfficeMedium,task_const_e0,summer,OfficeMedium-4643,-37.5,-37.5
OfficeMedium,task_const_e0,summer,OfficeMedium-4670,-158.0,-158.0
OfficeMedium,task_const_e0,summer,OfficeMedium-4680,-77.5,-77.5
OfficeMedium,task_const_e0,summer,OfficeMedium-4688,-50.5,-50.5
OfficeMedium,task_const_e0,summer,OfficeMedium-4691,-73.5,-73.5
OfficeMedium,task_const_e0,summer,OfficeMedium-4692,-185.9,-185.9
OfficeMedium,task_const_e0,summer,OfficeMedium-4693,-233.9,-233.9
OfficeMedium,task_const_e0,summer,OfficeMedium-4695,-62.2,-62.2
OfficeMedium,task_const_e0,summer,OfficeMedium-4697,-74.3,-74.3
OfficeMedium,task_const_e0,summer,OfficeMedium-4700,-73.9,-73.9
OfficeMedium,task_const_e0,summer,OfficeMedium-4712,-45.1,-45.1
OfficeMedium,task_const_e0,summer,OfficeMedium-4731,-281.0,-281.0
OfficeMedium,task_const_e0,summer,OfficeMedium-4745,-254.3,-254.3
OfficeMedium,task_const_e0,summer,OfficeMedium-4777,-293.2,-293.2
OfficeMedium,task_const_e0,summer,OfficeMedium-4782,-216.6,-216.6
OfficeMedium,task_const_e0,summer,OfficeMedium-4787,-301.1,-301.1
OfficeMedium,task_const_e0,summer,OfficeMedium-4795,-51.2,-51.2
OfficeMedium,task_const_e0,summer,OfficeMedium-4796,-157.5,-157.5
OfficeMedium,task_const_e0,summer,OfficeMedium-4799,-137.1,-137.1
OfficeMedium,task_const_e0,summer,OfficeMedium-4805,-190.6,-190.6
OfficeMedium,task_const_e0,summer,OfficeMedium-4834,-125.0,-125.0
OfficeMedium,task_const_e0,summer,OfficeMedium-4860,-161.5,-161.5
OfficeMedium,task_const_e0,summer,OfficeMedium-4861,-249.9,-249.9
OfficeMedium,task_const_e0,summer,OfficeMedium-4869,-390.0,-390.0
OfficeMedium,task_const_e0,summer,OfficeMedium-4872,-161.0,-161.0
OfficeMedium,task_const_e0,summer,OfficeMedium-4873,-173.5,-173.5
OfficeMedium,task_const_e0,summer,OfficeMedium-4883,-98.8,-98.8
OfficeMedium,task_const_e0,summer,OfficeMedium-4890,-76.0,-76.0
OfficeMedium,task_const_e0,summer,OfficeMedium-4898,-168.4,-168.4
OfficeMedium,task_const_e0,summer,OfficeMedium-4901,-79.0,-79.0
OfficeMedium,task_const_e0,summer,OfficeMedium-4906,-69.3,-69.3
OfficeMedium,task_const_e0,summer,OfficeMedium-4925,-77.6,-77.6
OfficeMedium,task_const_e0,summer,OfficeMedium-4931,-228.2,-228.2
OfficeMedium,task_const_e0,summer,OfficeMedium-4947,-164.4,-164.4
OfficeMedium,task_const_e0,summer,OfficeMedium-4949,-141.2,-141.2
OfficeMedium,task_const_e0,summer,OfficeMedium-4958,-71.7,-71.7
OfficeMedium,task_const_e0,summer,OfficeMedium-4963,-170.7,-170.7
OfficeMedium,task_const_e0,summer,OfficeMedium-4970,-196.1,-196.1
OfficeMedium,task_const_e0,summer,OfficeMedium-4976,-258.3,-258.3
OfficeMedium,task_const_e0,summer,OfficeMedium-4987,-73.9,-73.9
OfficeMedium,task_const_e0,summer,OfficeMedium-4991,-187.9,-187.9
OfficeMedium,task_const_e0,summer,OfficeMedium-4997,-262.8,-262.8
OfficeMedium,task_const_e0,summer,OfficeMedium-4998,-230.2,-230.2
OfficeMedium,task_const_e0,summer,OfficeMedium-4999,-251.4,-251.4
OfficeMedium,task_const_e0,summer,OfficeMedium-5000,-41.9,-41.9
OfficeMedium,task_const_e0,winter,OfficeMedium-4037,-456.7,-456.7
OfficeMedium,task_const_e0,winter,OfficeMedium-4040,-736.1,-736.1
OfficeMedium,task_const_e0,winter,OfficeMedium-4041,-352.2,-352.2
OfficeMedium,task_const_e0,winter,OfficeMedium-4047,-873.4,-873.4
OfficeMedium,task_const_e0,winter,OfficeMedium-4051,-1163.9,-1163.9
OfficeMedium,task_const_e0,winter,OfficeMedium-4055,-1850.4,-1850.4
OfficeMedium,task_const_e0,winter,OfficeMedium-4067,-955.3,-955.3
OfficeMedium,task_const_e0,winter,OfficeMedium-4070,-113.5,-113.5
OfficeMedium,task_const_e0,winter,OfficeMedium-4093,-1715.1,-1715.1
OfficeMedium,task_const_e0,winter,OfficeMedium-4126,-1625.7,-1625.7
OfficeMedium,task_const_e0,winter,OfficeMedium-4130,-495.1,-495.1
OfficeMedium,task_const_e0,winter,OfficeMedium-4138,-406.4,-406.4
OfficeMedium,task_const_e0,winter,OfficeMedium-4142,-368.6,-368.6
OfficeMedium,task_const_e0,winter,OfficeMedium-4146,-906.2,-906.2
OfficeMedium,task_const_e0,winter,OfficeMedium-4150,-382.4,-382.4
OfficeMedium,task_const_e0,winter,OfficeMedium-4151,-992.6,-992.6
OfficeMedium,task_const_e0,winter,OfficeMedium-4152,-508.5,-508.5
OfficeMedium,task_const_e0,winter,OfficeMedium-4153,-542.6,-542.6
OfficeMedium,task_const_e0,winter,OfficeMedium-4158,-522.1,-522.1
OfficeMedium,task_const_e0,winter,OfficeMedium-4168,-439.6,-439.6
OfficeMedium,task_const_e0,winter,OfficeMedium-4260,-638.7,-638.7
OfficeMedium,task_const_e0,winter,OfficeMedium-4275,-855.8,-855.8
OfficeMedium,task_const_e0,winter,OfficeMedium-4279,-103.0,-103.0
OfficeMedium,task_const_e0,winter,OfficeMedium-4296,-1021.3,-1021.3
OfficeMedium,task_const_e0,winter,OfficeMedium-4297,-151.9,-151.9
OfficeMedium,task_const_e0,winter,OfficeMedium-4300,-1014.5,-1014.5
OfficeMedium,task_const_e0,winter,OfficeMedium-4332,-616.2,-616.2
OfficeMedium,task_const_e0,winter,OfficeMedium-4365,-1774.2,-1774.2
OfficeMedium,task_const_e0,winter,OfficeMedium-4389,-394.2,-394.2
OfficeMedium,task_const_e0,winter,OfficeMedium-4391,-111.5,-111.5
OfficeMedium,task_const_e0,winter,OfficeMedium-4398,-245.5,-245.5
OfficeMedium,task_const_e0,winter,OfficeMedium-4414,-1361.0,-1361.0
OfficeMedium,task_const_e0,winter,OfficeMedium-4421,-153.7,-153.7
OfficeMedium,task_const_e0,winter,OfficeMedium-4430,-134.3,-134.3
OfficeMedium,task_const_e0,winter,OfficeMedium-4445,-861.7,-861.7
OfficeMedium,task_const_e0,winter,OfficeMedium-4455,-109.7,-109.7
OfficeMedium,task_const_e0,winter,OfficeMedium-4459,-995.7,-995.7
OfficeMedium,task_const_e0,winter,OfficeMedium-4468,-477.7,-477.7
OfficeMedium,task_const_e0,winter,OfficeMedium-4488,-1193.9,-1193.9
OfficeMedium,task_const_e0,winter,OfficeMedium-4502,-782.3,-782.3
OfficeMedium,task_const_e0,winter,OfficeMedium-4511,-106.0,-106.0
OfficeMedium,task_const_e0,winter,OfficeMedium-4523,-384.8,-384.8
OfficeMedium,task_const_e0,winter,OfficeMedium-4537,-138.6,-138.6
OfficeMedium,task_const_e0,winter,OfficeMedium-4554,-991.7,-991.7
OfficeMedium,task_const_e0,winter,OfficeMedium-4570,-1870.2,-1870.2
OfficeMedium,task_const_e0,winter,OfficeMedium-4576,-379.5,-379.5
OfficeMedium,task_const_e0,winter,OfficeMedium-4585,-706.9,-706.9
OfficeMedium,task_const_e0,winter,OfficeMedium-4588,-743.3,-743.3
OfficeMedium,task_const_e0,winter,OfficeMedium-4590,-653.6,-653.6
OfficeMedium,task_const_e0,winter,OfficeMedium-4608,-611.0,-611.0
OfficeMedium,task_const_e0,winter,OfficeMedium-4621,-655.2,-655.2
OfficeMedium,task_const_e0,winter,OfficeMedium-4625,-834.5,-834.5
OfficeMedium,task_const_e0,winter,OfficeMedium-4631,-358.5,-358.5
OfficeMedium,task_const_e0,winter,OfficeMedium-4641,-393.3,-393.3
OfficeMedium,task_const_e0,winter,OfficeMedium-4642,-1135.0,-1135.0
OfficeMedium,task_const_e0,winter,OfficeMedium-4643,-390.5,-390.5
OfficeMedium,task_const_e0,winter,OfficeMedium-4670,-670.5,-670.5
OfficeMedium,task_const_e0,winter,OfficeMedium-4680,-570.3,-570.3
OfficeMedium,task_const_e0,winter,OfficeMedium-4688,-91.1,-91.1
OfficeMedium,task_const_e0,winter,OfficeMedium-4691,-349.3,-349.3
OfficeMedium,task_const_e0,winter,OfficeMedium-4692,-422.1,-422.1
OfficeMedium,task_const_e0,winter,OfficeMedium-4693,-389.8,-389.8
OfficeMedium,task_const_e0,winter,OfficeMedium-4695,-103.9,-103.9
OfficeMedium,task_const_e0,winter,OfficeMedium-4697,-582.6,-582.6
OfficeMedium,task_const_e0,winter,OfficeMedium-4700,-842.4,-842.4
OfficeMedium,task_const_e0,winter,OfficeMedium-4712,-224.9,-224.9
OfficeMedium,task_const_e0,winter,OfficeMedium-4731,-857.2,-857.2
OfficeMedium,task_const_e0,winter,OfficeMedium-4745,-600.5,-600.5
OfficeMedium,task_const_e0,winter,OfficeMedium-4777,-606.3,-606.3
OfficeMedium,task_const_e0,winter,OfficeMedium-4782,-435.7,-435.7
OfficeMedium,task_const_e0,winter,OfficeMedium-4787,-903.0,-903.0
OfficeMedium,task_const_e0,winter,OfficeMedium-4795,-101.9,-101.9
OfficeMedium,task_const_e0,winter,OfficeMedium-4796,-864.4,-864.4
OfficeMedium,task_const_e0,winter,OfficeMedium-4799,-219.4,-219.4
OfficeMedium,task_const_e0,winter,OfficeMedium-4805,-314.5,-314.5
OfficeMedium,task_const_e0,winter,OfficeMedium-4834,-171.3,-171.3
OfficeMedium,task_const_e0,winter,OfficeMedium-4860,-296.2,-296.2
OfficeMedium,task_const_e0,winter,OfficeMedium-4861,-765.7,-765.7
OfficeMedium,task_const_e0,winter,OfficeMedium-4869,-1131.7,-1131.7
OfficeMedium,task_const_e0,winter,OfficeMedium-4872,-323.0,-323.0
OfficeMedium,task_const_e0,winter,OfficeMedium-4873,-932.1,-932.1
OfficeMedium,task_const_e0,winter,OfficeMedium-4883,-115.4,-115.4
OfficeMedium,task_const_e0,winter,OfficeMedium-4890,-635.3,-635.3
OfficeMedium,task_const_e0,winter,OfficeMedium-4898,-818.6,-818.6
OfficeMedium,task_const_e0,winter,OfficeMedium-4901,-92.5,-92.5
OfficeMedium,task_const_e0,winter,OfficeMedium-4906,-125.6,-125.6
OfficeMedium,task_const_e0,winter,OfficeMedium-4925,-434.3,-434.3
OfficeMedium,task_const_e0,winter,OfficeMedium-4931,-816.6,-816.6
OfficeMedium,task_const_e0,winter,OfficeMedium-4947,-591.3,-591.3
OfficeMedium,task_const_e0,winter,OfficeMedium-4949,-151.5,-151.5
OfficeMedium,task_const_e0,winter,OfficeMedium-4958,-789.4,-789.4
OfficeMedium,task_const_e0,winter,OfficeMedium-4963,-642.1,-642.1
OfficeMedium,task_const_e0,winter,OfficeMedium-4970,-454.2,-454.2
OfficeMedium,task_const_e0,winter,OfficeMedium-4976,-829.1,-829.1
OfficeMedium,task_const_e0,winter,OfficeMedium-4987,-507.6,-507.6
OfficeMedium,task_const_e0,winter,OfficeMedium-4991,-338.4,-338.4
OfficeMedium,task_const_e0,winter,OfficeMedium-4997,-855.8,-855.8
OfficeMedium,task_const_e0,winter,OfficeMedium-4998,-386.6,-386.6
OfficeMedium,task_const_e0,winter,OfficeMedium-4999,-443.9,-443.9
OfficeMedium,task_const_e0,winter,OfficeMedium-5000,-1222.5,-1222.5
OfficeMedium,task_const_e05,full_year,OfficeMedium-4037,-109840.0,-109840.0
OfficeMedium,task_const_e05,full_year,OfficeMedium-4040,-98679.8,-98679.8
OfficeMedium,task_const_e05,full_year,OfficeMedium-4041,-86530.0,-86530.0
OfficeMedium,task_const_e05,full_year,OfficeMedium-4047,-120436.9,-120436.9
OfficeMedium,task_const_e05,full_year,OfficeMedium-4051,-141481.5,-141481.5
OfficeMedium,task_const_e05,full_year,OfficeMedium-4055,-200895.6,-200895.6
OfficeMedium,task_const_e05,full_year,OfficeMedium-4067,-192465.8,-192465.8
OfficeMedium,task_const_e05,full_year,OfficeMedium-4070,-76754.1,-76754.1
OfficeMedium,task_const_e05,full_year,OfficeMedium-4093,-173579.2,-173579.2
OfficeMedium,task_const_e05,full_year,OfficeMedium-4126,-143620.0,-143620.0
OfficeMedium,task_const_e05,full_year,OfficeMedium-4130,-88460.0,-88460.0
OfficeMedium,task_const_e05,full_year,OfficeMedium-4138,-121887.8,-121887.8
OfficeMedium,task_const_e05,full_year,OfficeMedium-4142,-76022.8,-76022.8
OfficeMedium,task_const_e05,full_year,OfficeMedium-4146,-167437.1,-167437.1
OfficeMedium,task_const_e05,full_year,OfficeMedium-4150,-83160.6,-83160.6
OfficeMedium,task_const_e05,full_year,OfficeMedium-4151,-144345.3,-144345.3
OfficeMedium,task_const_e05,full_year,OfficeMedium-4152,-109639.3,-109639.3
OfficeMedium,task_const_e05,full_year,OfficeMedium-4153,-110871.2,-110871.2
OfficeMedium,task_const_e05,full_year,OfficeMedium-4158,-84798.3,-84798.3
OfficeMedium,task_const_e05,full_year,OfficeMedium-4168,-107797.2,-107797.2
OfficeMedium,task_const_e05,full_year,OfficeMedium-4260,-120619.3,-120619.3
OfficeMedium,task_const_e05,full_year,OfficeMedium-4275,-161798.7,-161798.7
OfficeMedium,task_const_e05,full_year,OfficeMedium-4279,-73550.4,-73550.4
OfficeMedium,task_const_e05,full_year,OfficeMedium-4296,-209353.2,-209353.2
OfficeMedium,task_const_e05,full_year,OfficeMedium-4297,-108235.6,-108235.6
OfficeMedium,task_const_e05,full_year,OfficeMedium-4300,-160536.9,-160536.9
OfficeMedium,task_const_e05,full_year,OfficeMedium-4332,-95633.5,-95633.5
OfficeMedium,task_const_e05,full_year,OfficeMedium-4365,-236688.1,-236688.1
OfficeMedium,task_const_e05,full_year,OfficeMedium-4389,-113937.2,-113937.2
OfficeMedium,task_const_e05,full_year,OfficeMedium-4391,-93697.7,-93697.7
OfficeMedium,task_const_e05,full_year,OfficeMedium-4398,-78752.2,-78752.2
OfficeMedium,task_const_e05,full_year,OfficeMedium-4414,-218353.6,-218353.6
OfficeMedium,task_const_e05,full_year,OfficeMedium-4421,-78246.6,-78246.6
OfficeMedium,task_const_e05,full_year,OfficeMedium-4430,-101869.0,-101869.0
OfficeMedium,task_const_e05,full_year,OfficeMedium-4445,-149913.0,-149913.0
OfficeMedium,task_const_e05,full_year,OfficeMedium-4455,-67693.9,-67693.9
OfficeMedium,task_const_e05,full_year,OfficeMedium-4459,-156563.8,-156563.8
OfficeMedium,task_const_e05,full_year,OfficeMedium-4468,-103446.7,-103446.7
OfficeMedium,task_const_e05,full_year,OfficeMedium-4488,-176894.5,-176894.5
OfficeMedium,task_const_e05,full_year,OfficeMedium-4502,-161354.7,-161354.7
OfficeMedium,task_const_e05,full_year,OfficeMedium-4511,-67606.0,-67606.0
OfficeMedium,task_const_e05,full_year,OfficeMedium-4523,-69750.3,-69750.3
OfficeMedium,task_const_e05,full_year,OfficeMedium-4537,-83629.6,-83629.6
OfficeMedium,task_const_e05,full_year,OfficeMedium-4554,-192274.1,-192274.1
OfficeMedium,task_const_e05,full_year,OfficeMedium-4570,-207774.6,-207774.6
OfficeMedium,task_const_e05,full_year,OfficeMedium-4576,-92282.7,-92282.7
OfficeMedium,task_const_e05,full_year,OfficeMedium-4585,-118736.4,-118736.4
OfficeMedium,task_const_e05,full_year,OfficeMedium-4588,-114532.7,-114532.7
OfficeMedium,task_const_e05,full_year,OfficeMedium-4590,-86674.1,-86674.1
OfficeMedium,task_const_e05,full_year,OfficeMedium-4608,-122164.0,-122164.0
OfficeMedium,task_const_e05,full_year,OfficeMedium-4621,-101533.9,-101533.9
OfficeMedium,task_const_e05,full_year,OfficeMedium-4625,-110481.5,-110481.5
OfficeMedium,task_const_e05,full_year,OfficeMedium-4631,-66153.9,-66153.9
OfficeMedium,task_const_e05,full_year,OfficeMedium-4641,-97694.7,-97694.7
OfficeMedium,task_const_e05,full_year,OfficeMedium-4642,-244085.5,-244085.5
OfficeMedium,task_const_e05,full_year,OfficeMedium-4643,-87552.0,-87552.0
OfficeMedium,task_const_e05,full_year,OfficeMedium-4670,-91252.3,-91252.3
OfficeMedium,task_const_e05,full_year,OfficeMedium-4680,-94811.8,-94811.8
OfficeMedium,task_const_e05,full_year,OfficeMedium-4688,-65553.3,-65553.3
OfficeMedium,task_const_e05,full_year,OfficeMedium-4691,-63198.9,-63198.9
OfficeMedium,task_const_e05,full_year,OfficeMedium-4692,-82816.8,-82816.8
OfficeMedium,task_const_e05,full_year,OfficeMedium-4693,-88361.5,-88361.5
OfficeMedium,task_const_e05,full_year,OfficeMedium-4695,-76274.7,-76274.7
OfficeMedium,task_const_e05,full_year,OfficeMedium-4697,-84296.1,-84296.1
OfficeMedium,task_const_e05,full_year,OfficeMedium-4700,-136668.4,-136668.4
OfficeMedium,task_const_e05,full_year,OfficeMedium-4712,-68552.0,-68552.0
OfficeMedium,task_const_e05,full_year,OfficeMedium-4731,-164787.0,-164787.0
OfficeMedium,task_const_e05,full_year,OfficeMedium-4745,-110260.6,-110260.6
OfficeMedium,task_const_e05,full_year,OfficeMedium-4777,-145928.5,-145928.5
OfficeMedium,task_const_e05,full_year,OfficeMedium-4782,-81943.7,-81943.7
OfficeMedium,task_const_e05,full_year,OfficeMedium-4787,-164148.5,-164148.5
OfficeMedium,task_const_e05,full_year,OfficeMedium-4795,-77693.7,-77693.7
OfficeMedium,task_const_e05,full_year,OfficeMedium-4796,-148938.9,-148938.9
OfficeMedium,task_const_e05,full_year,OfficeMedium-4799,-100961.8,-100961.8
OfficeMedium,task_const_e05,full_year,OfficeMedium-4805,-64316.5,-64316.5
OfficeMedium,task_const_e05,full_year,OfficeMedium-4834,-103097.3,-103097.3
OfficeMedium,task_const_e05,full_year,OfficeMedium-4860,-71883.4,-71883.4
OfficeMedium,task_const_e05,full_year,OfficeMedium-4861,-133409.4,-133409.4
OfficeMedium,task_const_e05,full_year,OfficeMedium-4869,-221232.7,-221232.7
OfficeMedium,task_const_e05,full_year,OfficeMedium-4872,-69560.3,-69560.3
OfficeMedium,task_const_e05,full_year,OfficeMedium-4873,-124462.3,-124462.3
OfficeMedium,task_const_e05,full_year,OfficeMedium-4883,-74171.3,-74171.3
OfficeMedium,task_const_e05,full_year,OfficeMedium-4890,-81256.8,-81256.8
OfficeMedium,task_const_e05,full_year,OfficeMedium-4898,-126783.0,-126783.0
OfficeMedium,task_const_e05,full_year,OfficeMedium-4901,-56993.9,-56993.9
OfficeMedium,task_const_e05,full_year,OfficeMedium-4906,-101512.4,-101512.4
OfficeMedium,task_const_e05,full_year,OfficeMedium-4925,-82345.2,-82345.2
OfficeMedium,task_const_e05,full_year,OfficeMedium-4931,-125152.4,-125152.4
OfficeMedium,task_const_e05,full_year,OfficeMedium-4947,-85170.6,-85170.6
OfficeMedium,task_const_e05,full_year,OfficeMedium-4949,-105769.7,-105769.7
OfficeMedium,task_const_e05,full_year,OfficeMedium-4958,-101163.7,-101163.7
OfficeMedium,task_const_e05,full_year,OfficeMedium-4963,-90762.4,-90762.4
OfficeMedium,task_const_e05,full_year,OfficeMedium-4970,-91230.1,-91230.1
OfficeMedium,task_const_e05,full_year,OfficeMedium-4976,-144589.5,-144589.5
OfficeMedium,task_const_e05,full_year,OfficeMedium-4987,-125429.1,-125429.1
OfficeMedium,task_const_e05,full_year,OfficeMedium-4991,-88037.9,-88037.9
OfficeMedium,task_const_e05,full_year,OfficeMedium-4997,-164038.7,-164038.7
OfficeMedium,task_const_e05,full_year,OfficeMedium-4998,-97703.3,-97703.3
OfficeMedium,task_const_e05,full_year,OfficeMedium-4999,-94556.9,-94556.9
OfficeMedium,task_const_e05,full_year,OfficeMedium-5000,-196880.1,-196880.1
OfficeMedium,task_const_e05,summer,OfficeMedium-4037,-21306.5,-21306.5
OfficeMedium,task_const_e05,summer,OfficeMedium-4040,-21993.2,-21993.2
OfficeMedium,task_const_e05,summer,OfficeMedium-4041,-26310.9,-26310.9
OfficeMedium,task_const_e05,summer,OfficeMedium-4047,-24070.5,-24070.5
OfficeMedium,task_const_e05,summer,OfficeMedium-4051,-35082.4,-35082.4
OfficeMedium,task_const_e05,summer,OfficeMedium-4055,-38756.4,-38756.4
OfficeMedium,task_const_e05,summer,OfficeMedium-4067,-52369.3,-52369.3
OfficeMedium,task_const_e05,summer,OfficeMedium-4070,-20139.2,-20139.2
OfficeMedium,task_const_e05,summer,OfficeMedium-4093,-36048.1,-36048.1
OfficeMedium,task_const_e05,summer,OfficeMedium-4126,-18094.2,-18094.2
OfficeMedium,task_const_e05,summer,OfficeMedium-4130,-20479.6,-20479.6
OfficeMedium,task_const_e05,summer,OfficeMedium-4138,-19871.6,-19871.6
OfficeMedium,task_const_e05,summer,OfficeMedium-4142,-19714.9,-19714.9
OfficeMedium,task_const_e05,summer,OfficeMedium-4146,-42485.1,-42485.1
OfficeMedium,task_const_e05,summer,OfficeMedium-4150,-21609.8,-21609.8
OfficeMedium,task_const_e05,summer,OfficeMedium-4151,-31404.6,-31404.6
OfficeMedium,task_const_e05,summer,OfficeMedium-4152,-27881.6,-27881.6
OfficeMedium,task_const_e05,summer,OfficeMedium-4153,-23380.8,-23380.8
OfficeMedium,task_const_e05,summer,OfficeMedium-4158,-17973.8,-17973.8
OfficeMedium,task_const_e05,summer,OfficeMedium-4168,-29776.8,-29776.8
OfficeMedium,task_const_e05,summer,OfficeMedium-4260,-33887.9,-33887.9
OfficeMedium,task_const_e05,summer,OfficeMedium-4275,-39653.0,-39653.0
OfficeMedium,task_const_e05,summer,OfficeMedium-4279,-19428.1,-19428.1
OfficeMedium,task_const_e05,summer,OfficeMedium-4296,-67878.2,-67878.2
OfficeMedium,task_const_e05,summer,OfficeMedium-4297,-25799.9,-25799.9
OfficeMedium,task_const_e05,summer,OfficeMedium-4300,-38825.2,-38825.2
OfficeMedium,task_const_e05,summer,OfficeMedium-4332,-15870.0,-15870.0
OfficeMedium,task_const_e05,summer,OfficeMedium-4365,-33882.1,-33882.1
OfficeMedium,task_const_e05,summer,OfficeMedium-4389,-32967.2,-32967.2
OfficeMedium,task_const_e05,summer,OfficeMedium-4391,-22539.4,-22539.4
OfficeMedium,task_const_e05,summer,OfficeMedium-4398,-20256.0,-20256.0
OfficeMedium,task_const_e05,summer,OfficeMedium-4414,-45303.4,-45303.4
OfficeMedium,task_const_e05,summer,OfficeMedium-4421,-20140.8,-20140.8
OfficeMedium,task_const_e05,summer,OfficeMedium-4430,-26740.6,-26740.6
OfficeMedium,task_const_e05,summer,OfficeMedium-4445,-38353.0,-38353.0
OfficeMedium,task_const_e05,summer,OfficeMedium-4455,-17220.6,-17220.6
OfficeMedium,task_const_e05,summer,OfficeMedium-4459,-36619.7,-36619.7
OfficeMedium,task_const_e05,summer,OfficeMedium-4468,-27809.5,-27809.5
OfficeMedium,task_const_e05,summer,OfficeMedium-4488,-47388.5,-47388.5
OfficeMedium,task_const_e05,summer,OfficeMedium-4502,-50652.0,-50652.0
OfficeMedium,task_const_e05,summer,OfficeMedium-4511,-17430.4,-17430.4
OfficeMedium,task_const_e05,summer,OfficeMedium-4523,-17109.7,-17109.7
OfficeMedium,task_const_e05,summer,OfficeMedium-4537,-22997.2,-22997.2
OfficeMedium,task_const_e05,summer,OfficeMedium-4554,-59052.7,-59052.7
OfficeMedium,task_const_e05,summer,OfficeMedium-4570,-42736.1,-42736.1
OfficeMedium,task_const_e05,summer,OfficeMedium-4576,-19483.5,-19483.5
OfficeMedium,task_const_e05,summer,OfficeMedium-4585,-28416.1,-28416.1
OfficeMedium,task_const_e05,summer,OfficeMedium-4588,-29175.6,-29175.6
OfficeMedium,task_const_e05,summer,OfficeMedium-4590,-24729.3,-24729.3
OfficeMedium,task_const_e05,summer,OfficeMedium-4608,-30227.4,-30227.4
OfficeMedium,task_const_e05,summer,OfficeMedium-4621,-18126.6,-18126.6
OfficeMedium,task_const_e05,summer,OfficeMedium-4625,-26065.6,-26065.6
OfficeMedium,task_const_e05,summer,OfficeMedium-4631,-14898.1,-14898.1
OfficeMedium,task_const_e05,summer,OfficeMedium-4641,-23558.4,-23558.4
OfficeMedium,task_const_e05,summer,OfficeMedium-4642,-62087.5,-62087.5
OfficeMedium,task_const_e05,summer,OfficeMedium-4643,-14032.0,-14032.0
OfficeMedium,task_const_e05,summer,OfficeMedium-4670,-26235.5,-26235.5
OfficeMedium,task_const_e05,summer,OfficeMedium-4680,-22229.6,-22229.6
OfficeMedium,task_const_e05,summer,OfficeMedium-4688,-15716.4,-15716.4
OfficeMedium,task_const_e05,summer,OfficeMedium-4691,-16376.5,-16376.5
OfficeMedium,task_const_e05,summer,OfficeMedium-4692,-20722.1,-20722.1
OfficeMedium,task_const_e05,summer,OfficeMedium-4693,-25613.5,-25613.5
OfficeMedium,task_const_e05,summer,OfficeMedium-4695,-19735.0,-19735.0
OfficeMedium,task_const_e05,summer,OfficeMedium-4697,-14367.8,-14367.8
OfficeMedium,task_const_e05,summer,OfficeMedium-4700,-18154.3,-18154.3
OfficeMedium,task_const_e05,summer,OfficeMedium-4712,-20049.4,-20049.4
OfficeMedium,task_const_e05,summer,OfficeMedium-4731,-42178.9,-42178.9
OfficeMedium,task_const_e05,summer,OfficeMedium-4745,-27430.4,-27430.4
OfficeMedium,task_const_e05,summer,OfficeMedium-4777,-35658.4,-35658.4
OfficeMedium,task_const_e05,summer,OfficeMedium-4782,-22942.7,-22942.7
OfficeMedium,task_const_e05,summer,OfficeMedium-4787,-42573.1,-42573.1
OfficeMedium,task_const_e05,summer,OfficeMedium-4795,-19653.6,-19653.6
OfficeMedium,task_const_e05,summer,OfficeMedium-4796,-30981.1,-30981.1
OfficeMedium,task_const_e05,summer,OfficeMedium-4799,-22235.6,-22235.6
OfficeMedium,task_const_e05,summer,OfficeMedium-4805,-18268.3,-18268.3
OfficeMedium,task_const_e05,summer,OfficeMedium-4834,-24512.1,-24512.1
OfficeMedium,task_const_e05,summer,OfficeMedium-4860,-18364.6,-18364.6
OfficeMedium,task_const_e05,summer,OfficeMedium-4861,-33098.2,-33098.2
OfficeMedium,task_const_e05,summer,OfficeMedium-4869,-58411.4,-58411.4
OfficeMedium,task_const_e05,summer,OfficeMedium-4872,-17234.1,-17234.1
OfficeMedium,task_const_e05,summer,OfficeMedium-4873,-28030.2,-28030.2
OfficeMedium,task_const_e05,summer,OfficeMedium-4883,-22357.0,-22357.0
OfficeMedium,task_const_e05,summer,OfficeMedium-4890,-18653.7,-18653.7
OfficeMedium,task_const_e05,summer,OfficeMedium-4898,-28394.7,-28394.7
OfficeMedium,task_const_e05,summer,OfficeMedium-4901,-14242.8,-14242.8
OfficeMedium,task_const_e05,summer,OfficeMedium-4906,-26738.0,-26738.0
OfficeMedium,task_const_e05,summer,OfficeMedium-4925,-16750.8,-16750.8
OfficeMedium,task_const_e05,summer,OfficeMedium-4931,-29647.1,-29647.1
OfficeMedium,task_const_e05,summer,OfficeMedium-4947,-24612.2,-24612.2
OfficeMedium,task_const_e05,summer,OfficeMedium-4949,-26215.2,-26215.2
OfficeMedium,task_const_e05,summer,OfficeMedium-4958,-18714.8,-18714.8
OfficeMedium,task_const_e05,summer,OfficeMedium-4963,-26369.2,-26369.2
OfficeMedium,task_const_e05,summer,OfficeMedium-4970,-21334.2,-21334.2
OfficeMedium,task_const_e05,summer,OfficeMedium-4976,-35772.5,-35772.5
OfficeMedium,task_const_e05,summer,OfficeMedium-4987,-20950.0,-20950.0
OfficeMedium,task_const_e05,summer,OfficeMedium-4991,-22482.5,-22482.5
OfficeMedium,task_const_e05,summer,OfficeMedium-4997,-38904.2,-38904.2
OfficeMedium,task_const_e05,summer,OfficeMedium-4998,-25648.7,-25648.7
OfficeMedium,task_const_e05,summer,OfficeMedium-4999,-25893.2,-25893.2
OfficeMedium,task_const_e05,summer,OfficeMedium-5000,-16820.5,-16820.5
OfficeMedium,task_const_e05,winter,OfficeMedium-4037,-28092.6,-28092.6
OfficeMedium,task_const_e05,winter,OfficeMedium-4040,-27181.5,-27181.5
OfficeMedium,task_const_e05,winter,OfficeMedium-4041,-19314.2,-19314.2
OfficeMedium,task_const_e05,winter,OfficeMedium-4047,-33309.9,-33309.9
OfficeMedium,task_const_e05,winter,OfficeMedium-4051,-40570.4,-40570.4
OfficeMedium,task_const_e05,winter,OfficeMedium-4055,-61897.5,-61897.5
OfficeMedium,task_const_e05,winter,OfficeMedium-4067,-52202.4,-52202.4
OfficeMedium,task_const_e05,winter,OfficeMedium-4070,-19476.0,-19476.0
OfficeMedium,task_const_e05,winter,OfficeMedium-4093,-54303.9,-54303.9
OfficeMedium,task_const_e05,winter,OfficeMedium-4126,-47566.6,-47566.6
OfficeMedium,task_const_e05,winter,OfficeMedium-4130,-22225.0,-22225.0
OfficeMedium,task_const_e05,winter,OfficeMedium-4138,-35003.3,-35003.3
OfficeMedium,task_const_e05,winter,OfficeMedium-4142,-18176.1,-18176.1
OfficeMedium,task_const_e05,winter,OfficeMedium-4146,-47158.2,-47158.2
OfficeMedium,task_const_e05,winter,OfficeMedium-4150,-20365.4,-20365.4
OfficeMedium,task_const_e05,winter,OfficeMedium-4151,-41572.0,-41572.0
OfficeMedium,task_const_e05,winter,OfficeMedium-4152,-26885.8,-26885.8
OfficeMedium,task_const_e05,winter,OfficeMedium-4153,-28447.6,-28447.6
OfficeMedium,task_const_e05,winter,OfficeMedium-4158,-22399.2,-22399.2
OfficeMedium,task_const_e05,winter,OfficeMedium-4168,-24642.6,-24642.6
OfficeMedium,task_const_e05,winter,OfficeMedium-4260,-28885.3,-28885.3
OfficeMedium,task_const_e05,winter,OfficeMedium-4275,-43185.4,-43185.4
OfficeMedium,task_const_e05,winter,OfficeMedium-4279,-20163.1,-20163.1
OfficeMedium,task_const_e05,winter,OfficeMedium-4296,-51420.9,-51420.9
OfficeMedium,task_const_e05,winter,OfficeMedium-4297,-26917.4,-26917.4
OfficeMedium,task_const_e05,winter,OfficeMedium-4300,-46704.2,-46704.2
OfficeMedium,task_const_e05,winter,OfficeMedium-4332,-26200.3,-26200.3
OfficeMedium,task_const_e05,winter,OfficeMedium-4365,-67701.2,-67701.2
OfficeMedium,task_const_e05,winter,OfficeMedium-4389,-23557.0,-23557.0
OfficeMedium,task_const_e05,winter,OfficeMedium-4391,-23550.7,-23550.7
OfficeMedium,task_const_e05,winter,OfficeMedium-4398,-21158.0,-21158.0
OfficeMedium,task_const_e05,winter,OfficeMedium-4414,-64030.6,-64030.6
OfficeMedium,task_const_e05,winter,OfficeMedium-4421,-23381.4,-23381.4
OfficeMedium,task_const_e05,winter,OfficeMedium-4430,-26808.9,-26808.9
OfficeMedium,task_const_e05,winter,OfficeMedium-4445,-39893.1,-39893.1
OfficeMedium,task_const_e05,winter,OfficeMedium-4455,-18569.8,-18569.8
OfficeMedium,task_const_e05,winter,OfficeMedium-4459,-43184.3,-43184.3
OfficeMedium,task_const_e05,winter,OfficeMedium-4468,-25639.5,-25639.5
OfficeMedium,task_const_e05,winter,OfficeMedium-4488,-43792.1,-43792.1
OfficeMedium,task_const_e05,winter,OfficeMedium-4502,-40018.7,-40018.7
OfficeMedium,task_const_e05,winter,OfficeMedium-4511,-17092.7,-17092.7
OfficeMedium,task_const_e05,winter,OfficeMedium-4523,-17572.9,-17572.9
OfficeMedium,task_const_e05,winter,OfficeMedium-4537,-21607.4,-21607.4
OfficeMedium,task_const_e05,winter,OfficeMedium-4554,-47056.9,-47056.9
OfficeMedium,task_const_e05,winter,OfficeMedium-4570,-63385.2,-63385.2
OfficeMedium,task_const_e05,winter,OfficeMedium-4576,-27622.2,-27622.2
OfficeMedium,task_const_e05,winter,OfficeMedium-4585,-31003.0,-31003.0
OfficeMedium,task_const_e05,winter,OfficeMedium-4588,-28263.7,-28263.7
OfficeMedium,task_const_e05,winter,OfficeMedium-4590,-21210.7,-21210.7
OfficeMedium,task_const_e05,winter,OfficeMedium-4608,-30733.8,-30733.8
OfficeMedium,task_const_e05,winter,OfficeMedium-4621,-27868.1,-27868.1
OfficeMedium,task_const_e05,winter,OfficeMedium-4625,-29410.0,-29410.0
OfficeMedium,task_const_e05,winter,OfficeMedium-4631,-17024.8,-17024.8
OfficeMedium,task_const_e05,winter,OfficeMedium-4641,-28148.0,-28148.0
OfficeMedium,task_const_e05,winter,OfficeMedium-4642,-66432.7,-66432.7
OfficeMedium,task_const_e05,winter,OfficeMedium-4643,-25800.0,-25800.0
OfficeMedium,task_const_e05,winter,OfficeMedium-4670,-23161.7,-23161.7
OfficeMedium,task_const_e05,winter,OfficeMedium-4680,-24587.6,-24587.6
OfficeMedium,task_const_e05,winter,OfficeMedium-4688,-15585.3,-15585.3
OfficeMedium,task_const_e05,winter,OfficeMedium-4691,-15524.5,-15524.5
OfficeMedium,task_const_e05,winter,OfficeMedium-4692,-20998.1,-20998.1
OfficeMedium,task_const_e05,winter,OfficeMedium-4693,-20168.5,-20168.5
OfficeMedium,task_const_e05,winter,OfficeMedium-4695,-20624.0,-20624.0
OfficeMedium,task_const_e05,winter,OfficeMedium-4697,-22990.4,-22990.4
OfficeMedium,task_const_e05,winter,OfficeMedium-4700,-38562.2,-38562.2
OfficeMedium,task_const_e05,winter,OfficeMedium-4712,-17989.3,-17989.3
OfficeMedium,task_const_e05,winter,OfficeMedium-4731,-45650.2,-45650.2
OfficeMedium,task_const_e05,winter,OfficeMedium-4745,-25388.9,-25388.9
OfficeMedium,task_const_e05,winter,OfficeMedium-4777,-33611.4,-33611.4
OfficeMedium,task_const_e05,winter,OfficeMedium-4782,-19002.1,-19002.1
OfficeMedium,task_const_e05,winter,OfficeMedium-4787,-41249.9,-41249.9
OfficeMedium,task_const_e05,winter,OfficeMedium-4795,-21753.7,-21753.7
OfficeMedium,task_const_e05,winter,OfficeMedium-4796,-39195.3,-39195.3
OfficeMedium,task_const_e05,winter,OfficeMedium-4799,-29007.6,-29007.6
OfficeMedium,task_const_e05,winter,OfficeMedium-4805,-15411.2,-15411.2
OfficeMedium,task_const_e05,winter,OfficeMedium-4834,-27337.1,-27337.1
OfficeMedium,task_const_e05,winter,OfficeMedium-4860,-17517.2,-17517.2
OfficeMedium,task_const_e05,winter,OfficeMedium-4861,-34157.8,-34157.8
OfficeMedium,task_const_e05,winter,OfficeMedium-4869,-61811.8,-61811.8
OfficeMedium,task_const_e05,winter,OfficeMedium-4872,-17273.6,-17273.6
OfficeMedium,task_const_e05,winter,OfficeMedium-4873,-33107.4,-33107.4
OfficeMedium,task_const_e05,winter,OfficeMedium-4883,-19853.2,-19853.2
OfficeMedium,task_const_e05,winter,OfficeMedium-4890,-21476.6,-21476.6
OfficeMedium,task_const_e05,winter,OfficeMedium-4898,-32973.9,-32973.9
OfficeMedium,task_const_e05,winter,OfficeMedium-4901,-14188.0,-14188.0
OfficeMedium,task_const_e05,winter,OfficeMedium-4906,-26460.5,-26460.5
OfficeMedium,task_const_e05,winter,OfficeMedium-4925,-21750.0,-21750.0
OfficeMedium,task_const_e05,winter,OfficeMedium-4931,-34441.3,-34441.3
OfficeMedium,task_const_e05,winter,OfficeMedium-4947,-21162.9,-21162.9
OfficeMedium,task_const_e05,winter,OfficeMedium-4949,-25711.2,-25711.2
OfficeMedium,task_const_e05,winter,OfficeMedium-4958,-29095.2,-29095.2
OfficeMedium,task_const_e05,winter,OfficeMedium-4963,-22819.1,-22819.1
OfficeMedium,task_const_e05,winter,OfficeMedium-4970,-23117.8,-23117.8
OfficeMedium,task_const_e05,winter,OfficeMedium-4976,-37270.1,-37270.1
OfficeMedium,task_const_e05,winter,OfficeMedium-4987,-34509.0,-34509.0
OfficeMedium,task_const_e05,winter,OfficeMedium-4991,-20066.2,-20066.2
OfficeMedium,task_const_e05,winter,OfficeMedium-4997,-45732.5,-45732.5
OfficeMedium,task_const_e05,winter,OfficeMedium-4998,-24560.5,-24560.5
OfficeMedium,task_const_e05,winter,OfficeMedium-4999,-22519.9,-22519.9
OfficeMedium,task_const_e05,winter,OfficeMedium-5000,-66658.6,-66658.6
OfficeMedium,task_occ_e0,full_year,OfficeMedium-4037,-4768.6,-4768.6
OfficeMedium,task_occ_e0,full_year,OfficeMedium-4040,-2520.6,-2520.6
OfficeMedium,task_occ_e0,full_year,OfficeMedium-4041,-4670.7,-4670.7
OfficeMedium,task_occ_e0,full_year,OfficeMedium-4047,-5806.4,-5806.4
OfficeMedium,task_occ_e0,full_year,OfficeMedium-4051,-6420.8,-6420.8
OfficeMedium,task_occ_e0,full_year,OfficeMedium-4055,-8152.0,-8152.0
OfficeMedium,task_occ_e0,full_year,OfficeMedium-4067,-4700.1,-4700.1
OfficeMedium,task_occ_e0,full_year,OfficeMedium-4070,-2261.9,-2261.9
OfficeMedium,task_occ_e0,full_year,OfficeMedium-4093,-7723.3,-7723.3
OfficeMedium,task_occ_e0,full_year,OfficeMedium-4126,-3348.9,-3348.9
OfficeMedium,task_occ_e0,full_year,OfficeMedium-4130,-4583.3,-4583.3
OfficeMedium,task_occ_e0,full_year,OfficeMedium-4138,-2469.3,-2469.3
OfficeMedium,task_occ_e0,full_year,OfficeMedium-4142,-4876.4,-4876.4
OfficeMedium,task_occ_e0,full_year,OfficeMedium-4146,-4058.4,-4058.4
OfficeMedium,task_occ_e0,full_year,OfficeMedium-4150,-4841.0,-4841.0
OfficeMedium,task_occ_e0,full_year,OfficeMedium-4151,-6251.9,-6251.9
OfficeMedium,task_occ_e0,full_year,OfficeMedium-4152,-5111.1,-5111.1
OfficeMedium,task_occ_e0,full_year,OfficeMedium-4153,-4829.3,-4829.3
OfficeMedium,task_occ_e0,full_year,OfficeMedium-4158,-4950.9,-4950.9
OfficeMedium,task_occ_e0,full_year,OfficeMedium-4168,-5255.2,-5255.2
OfficeMedium,task_occ_e0,full_year,OfficeMedium-4260,-6098.2,-6098.2
OfficeMedium,task_occ_e0,full_year,OfficeMedium-4275,-4457.1,-4457.1
OfficeMedium,task_occ_e0,full_year,OfficeMedium-4279,-2074.6,-2074.6
OfficeMedium,task_occ_e0,full_year,OfficeMedium-4296,-5045.3,-5045.3
OfficeMedium,task_occ_e0,full_year,OfficeMedium-4297,-1660.2,-1660.2
OfficeMedium,task_occ_e0,full_year,OfficeMedium-4300,-4579.7,-4579.7
OfficeMedium,task_occ_e0,full_year,OfficeMedium-4332,-5186.7,-5186.7
OfficeMedium,task_occ_e0,full_year,OfficeMedium-4365,-7866.5,-7866.5
OfficeMedium,task_occ_e0,full_year,OfficeMedium-4389,-4837.9,-4837.9
OfficeMedium,task_occ_e0,full_year,OfficeMedium-4391,-3731.7,-3731.7
OfficeMedium,task_occ_e0,full_year,OfficeMedium-4398,-2256.1,-2256.1
OfficeMedium,task_occ_e0,full_year,OfficeMedium-4414,-5382.7,-5382.7
OfficeMedium,task_occ_e0,full_year,OfficeMedium-4421,-1996.3,-1996.3
OfficeMedium,task_occ_e0,full_year,OfficeMedium-4430,-2058.6,-2058.6
OfficeMedium,task_occ_e0,full_year,OfficeMedium-4445,-6432.9,-6432.9
OfficeMedium,task_occ_e0,full_year,OfficeMedium-4455,-1819.8,-1819.8
OfficeMedium,task_occ_e0,full_year,OfficeMedium-4459,-6026.6,-6026.6
OfficeMedium,task_occ_e0,full_year,OfficeMedium-4468,-5081.5,-5081.5
OfficeMedium,task_occ_e0,full_year,OfficeMedium-4488,-7135.4,-7135.4
OfficeMedium,task_occ_e0,full_year,OfficeMedium-4502,-3802.7,-3802.7
OfficeMedium,task_occ_e0,full_year,OfficeMedium-4511,-1738.9,-1738.9
OfficeMedium,task_occ_e0,full_year,OfficeMedium-4523,-4709.0,-4709.0
OfficeMedium,task_occ_e0,full_year,OfficeMedium-4537,-2065.5,-2065.5
OfficeMedium,task_occ_e0,full_year,OfficeMedium-4554,-4866.6,-4866.6
OfficeMedium,task_occ_e0,full_year,OfficeMedium-4570,-8611.2,-8611.2
OfficeMedium,task_occ_e0,full_year,OfficeMedium-4576,-2375.7,-2375.7
OfficeMedium,task_occ_e0,full_year,OfficeMedium-4585,-9318.4,-9318.4
OfficeMedium,task_occ_e0,full_year,OfficeMedium-4588,-5971.4,-5971.4
OfficeMedium,task_occ_e0,full_year,OfficeMedium-4590,-5837.4,-5837.4
OfficeMedium,task_occ_e0,full_year,OfficeMedium-4608,-5619.5,-5619.5
OfficeMedium,task_occ_e0,full_year,OfficeMedium-4621,-2527.8,-2527.8
OfficeMedium,task_occ_e0,full_year,OfficeMedium-4625,-6309.1,-6309.1
OfficeMedium,task_occ_e0,full_year,OfficeMedium-4631,-9218.2,-9218.2
OfficeMedium,task_occ_e0,full_year,OfficeMedium-4641,-2581.3,-2581.3
OfficeMedium,task_occ_e0,full_year,OfficeMedium-4642,-5399.8,-5399.8
OfficeMedium,task_occ_e0,full_year,OfficeMedium-4643,-2504.5,-2504.5
OfficeMedium,task_occ_e0,full_year,OfficeMedium-4670,-5767.8,-5767.8
OfficeMedium,task_occ_e0,full_year,OfficeMedium-4680,-2411.5,-2411.5
OfficeMedium,task_occ_e0,full_year,OfficeMedium-4688,-4614.6,-4614.6
OfficeMedium,task_occ_e0,full_year,OfficeMedium-4691,-10859.5,-10859.5
OfficeMedium,task_occ_e0,full_year,OfficeMedium-4692,-4553.0,-4553.0
OfficeMedium,task_occ_e0,full_year,OfficeMedium-4693,-4913.1,-4913.1
OfficeMedium,task_occ_e0,full_year,OfficeMedium-4695,-2147.0,-2147.0
OfficeMedium,task_occ_e0,full_year,OfficeMedium-4697,-5108.4,-5108.4
OfficeMedium,task_occ_e0,full_year,OfficeMedium-4700,-5657.1,-5657.1
OfficeMedium,task_occ_e0,full_year,OfficeMedium-4712,-2460.1,-2460.1
OfficeMedium,task_occ_e0,full_year,OfficeMedium-4731,-4115.1,-4115.1
OfficeMedium,task_occ_e0,full_year,OfficeMedium-4745,-5712.5,-5712.5
OfficeMedium,task_occ_e0,full_year,OfficeMedium-4777,-5290.3,-5290.3
OfficeMedium,task_occ_e0,full_year,OfficeMedium-4782,-4910.7,-4910.7
OfficeMedium,task_occ_e0,full_year,OfficeMedium-4787,-5213.1,-5213.1
OfficeMedium,task_occ_e0,full_year,OfficeMedium-4795,-2103.4,-2103.4
OfficeMedium,task_occ_e0,full_year,OfficeMedium-4796,-6515.5,-6515.5
OfficeMedium,task_occ_e0,full_year,OfficeMedium-4799,-2181.6,-2181.6
OfficeMedium,task_occ_e0,full_year,OfficeMedium-4805,-4494.0,-4494.0
OfficeMedium,task_occ_e0,full_year,OfficeMedium-4834,-1623.7,-1623.7
OfficeMedium,task_occ_e0,full_year,OfficeMedium-4860,-4349.7,-4349.7
OfficeMedium,task_occ_e0,full_year,OfficeMedium-4861,-3653.8,-3653.8
OfficeMedium,task_occ_e0,full_year,OfficeMedium-4869,-5124.2,-5124.2
OfficeMedium,task_occ_e0,full_year,OfficeMedium-4872,-4561.1,-4561.1
OfficeMedium,task_occ_e0,full_year,OfficeMedium-4873,-6567.4,-6567.4
OfficeMedium,task_occ_e0,full_year,OfficeMedium-4883,-2122.3,-2122.3
OfficeMedium,task_occ_e0,full_year,OfficeMedium-4890,-2503.0,-2503.0
OfficeMedium,task_occ_e0,full_year,OfficeMedium-4898,-6145.9,-6145.9
OfficeMedium,task_occ_e0,full_year,OfficeMedium-4901,-1694.9,-1694.9
OfficeMedium,task_occ_e0,full_year,OfficeMedium-4906,-2156.2,-2156.2
OfficeMedium,task_occ_e0,full_year,OfficeMedium-4925,-4790.3,-4790.3
OfficeMedium,task_occ_e0,full_year,OfficeMedium-4931,-9800.0,-9800.0
OfficeMedium,task_occ_e0,full_year,OfficeMedium-4947,-5816.0,-5816.0
OfficeMedium,task_occ_e0,full_year,OfficeMedium-4949,-1690.4,-1690.4
OfficeMedium,task_occ_e0,full_year,OfficeMedium-4958,-2612.5,-2612.5
OfficeMedium,task_occ_e0,full_year,OfficeMedium-4963,-5892.4,-5892.4
OfficeMedium,task_occ_e0,full_year,OfficeMedium-4970,-4963.6,-4963.6
OfficeMedium,task_occ_e0,full_year,OfficeMedium-4976,-9360.2,-9360.2
OfficeMedium,task_occ_e0,full_year,OfficeMedium-4987,-4740.1,-4740.1
OfficeMedium,task_occ_e0,full_year,OfficeMedium-4991,-4764.6,-4764.6
OfficeMedium,task_occ_e0,full_year,OfficeMedium-4997,-3935.3,-3935.3
OfficeMedium,task_occ_e0,full_year,OfficeMedium-4998,-4946.2,-4946.2
OfficeMedium,task_occ_e0,full_year,OfficeMedium-4999,-4980.4,-4980.4
OfficeMedium,task_occ_e0,full_year,OfficeMedium-5000,-3877.2,-3877.2
OfficeMedium,task_occ_e0,summer,OfficeMedium-4037,-2573.3,-2573.3
OfficeMedium,task_occ_e0,summer,OfficeMedium-4040,-2282.5,-2282.5
OfficeMedium,task_occ_e0,summer,OfficeMedium-4041,-4439.1,-4439.1
OfficeMedium,task_occ_e0,summer,OfficeMedium-4047,-2801.5,-2801.5
OfficeMedium,task_occ_e0,summer,OfficeMedium-4051,-4574.6,-4574.6
OfficeMedium,task_occ_e0,summer,OfficeMedium-4055,-4580.1,-4580.1
OfficeMedium,task_occ_e0,summer,OfficeMedium-4067,-2791.6,-2791.6
OfficeMedium,task_occ_e0,summer,OfficeMedium-4070,-2846.7,-2846.7
OfficeMedium,task_occ_e0,summer,OfficeMedium-4093,-4515.3,-4515.3
OfficeMedium,task_occ_e0,summer,OfficeMedium-4126,-2113.8,-2113.8
OfficeMedium,task_occ_e0,summer,OfficeMedium-4130,-2961.1,-2961.1
OfficeMedium,task_occ_e0,summer,OfficeMedium-4138,-1635.7,-1635.7
OfficeMedium,task_occ_e0,summer,OfficeMedium-4142,-3095.0,-3095.0
OfficeMedium,task_occ_e0,summer,OfficeMedium-4146,-2514.7,-2514.7
OfficeMedium,task_occ_e0,summer,OfficeMedium-4150,-3741.2,-3741.2
OfficeMedium,task_occ_e0,summer,OfficeMedium-4151,-4302.5,-4302.5
OfficeMedium,task_occ_e0,summer,OfficeMedium-4152,-4273.6,-4273.6
OfficeMedium,task_occ_e0,summer,OfficeMedium-4153,-2867.6,-2867.6
OfficeMedium,task_occ_e0,summer,OfficeMedium-4158,-3008.1,-3008.1
OfficeMedium,task_occ_e0,summer,OfficeMedium-4168,-4067.1,-4067.1
OfficeMedium,task_occ_e0,summer,OfficeMedium-4260,-2941.6,-2941.6
OfficeMedium,task_occ_e0,summer,OfficeMedium-4275,-2780.7,-2780.7
OfficeMedium,task_occ_e0,summer,OfficeMedium-4279,-2737.5,-2737.5
OfficeMedium,task_occ_e0,summer,OfficeMedium-4296,-2510.6,-2510.6
OfficeMedium,task_occ_e0,summer,OfficeMedium-4297,-3283.2,-3283.2
OfficeMedium,task_occ_e0,summer,OfficeMedium-4300,-2655.3,-2655.3
OfficeMedium,task_occ_e0,summer,OfficeMedium-4332,-3064.3,-3064.3
OfficeMedium,task_occ_e0,summer,OfficeMedium-4365,-3163.2,-3163.2
OfficeMedium,task_occ_e0,summer,OfficeMedium-4389,-4191.3,-4191.3
OfficeMedium,task_occ_e0,summer,OfficeMedium-4391,-2780.2,-2780.2
OfficeMedium,task_occ_e0,summer,OfficeMedium-4398,-1650.8,-1650.8
OfficeMedium,task_occ_e0,summer,OfficeMedium-4414,-2743.2,-2743.2
OfficeMedium,task_occ_e0,summer,OfficeMedium-4421,-2716.7,-2716.7
OfficeMedium,task_occ_e0,summer,OfficeMedium-4430,-2897.7,-2897.7
OfficeMedium,task_occ_e0,summer,OfficeMedium-4445,-2634.5,-2634.5
OfficeMedium,task_occ_e0,summer,OfficeMedium-4455,-2746.7,-2746.7
OfficeMedium,task_occ_e0,summer,OfficeMedium-4459,-2800.3,-2800.3
OfficeMedium,task_occ_e0,summer,OfficeMedium-4468,-4102.7,-4102.7
OfficeMedium,task_occ_e0,summer,OfficeMedium-4488,-4675.3,-4675.3
OfficeMedium,task_occ_e0,summer,OfficeMedium-4502,-2445.6,-2445.6
OfficeMedium,task_occ_e0,summer,OfficeMedium-4511,-3186.2,-3186.2
OfficeMedium,task_occ_e0,summer,OfficeMedium-4523,-3793.3,-3793.3
OfficeMedium,task_occ_e0,summer,OfficeMedium-4537,-2740.8,-2740.8
OfficeMedium,task_occ_e0,summer,OfficeMedium-4554,-2792.5,-2792.5
OfficeMedium,task_occ_e0,summer,OfficeMedium-4570,-4821.0,-4821.0
OfficeMedium,task_occ_e0,summer,OfficeMedium-4576,-1710.9,-1710.9
OfficeMedium,task_occ_e0,summer,OfficeMedium-4585,-2912.9,-2912.9
OfficeMedium,task_occ_e0,summer,OfficeMedium-4588,-3327.3,-3327.3
OfficeMedium,task_occ_e0,summer,OfficeMedium-4590,-3423.8,-3423.8
OfficeMedium,task_occ_e0,summer,OfficeMedium-4608,-3875.1,-3875.1
OfficeMedium,task_occ_e0,summer,OfficeMedium-4621,-2090.5,-2090.5
OfficeMedium,task_occ_e0,summer,OfficeMedium-4625,-3376.6,-3376.6
OfficeMedium,task_occ_e0,summer,OfficeMedium-4631,-3077.9,-3077.9
OfficeMedium,task_occ_e0,summer,OfficeMedium-4641,-1530.1,-1530.1
OfficeMedium,task_occ_e0,summer,OfficeMedium-4642,-2696.3,-2696.3
OfficeMedium,task_occ_e0,summer,OfficeMedium-4643,-1791.9,-1791.9
OfficeMedium,task_occ_e0,summer,OfficeMedium-4670,-3240.1,-3240.1
OfficeMedium,task_occ_e0,summer,OfficeMedium-4680,-2188.6,-2188.6
OfficeMedium,task_occ_e0,summer,OfficeMedium-4688,-2320.8,-2320.8
OfficeMedium,task_occ_e0,summer,OfficeMedium-4691,-3129.1,-3129.1
OfficeMedium,task_occ_e0,summer,OfficeMedium-4692,-4000.5,-4000.5
OfficeMedium,task_occ_e0,summer,OfficeMedium-4693,-4162.5,-4162.5
OfficeMedium,task_occ_e0,summer,OfficeMedium-4695,-2763.1,-2763.1
OfficeMedium,task_occ_e0,summer,OfficeMedium-4697,-3044.4,-3044.4
OfficeMedium,task_occ_e0,summer,OfficeMedium-4700,-2745.1,-2745.1
OfficeMedium,task_occ_e0,summer,OfficeMedium-4712,-1862.5,-1862.5
OfficeMedium,task_occ_e0,summer,OfficeMedium-4731,-2583.9,-2583.9
OfficeMedium,task_occ_e0,summer,OfficeMedium-4745,-4414.9,-4414.9
OfficeMedium,task_occ_e0,summer,OfficeMedium-4777,-4055.2,-4055.2
OfficeMedium,task_occ_e0,summer,OfficeMedium-4782,-4328.4,-4328.4
OfficeMedium,task_occ_e0,summer,OfficeMedium-4787,-2597.4,-2597.4
OfficeMedium,task_occ_e0,summer,OfficeMedium-4795,-2743.2,-2743.2
OfficeMedium,task_occ_e0,summer,OfficeMedium-4796,-3502.9,-3502.9
OfficeMedium,task_occ_e0,summer,OfficeMedium-4799,-3081.9,-3081.9
OfficeMedium,task_occ_e0,summer,OfficeMedium-4805,-4365.4,-4365.4
OfficeMedium,task_occ_e0,summer,OfficeMedium-4834,-3129.7,-3129.7
OfficeMedium,task_occ_e0,summer,OfficeMedium-4860,-3804.4,-3804.4
OfficeMedium,task_occ_e0,summer,OfficeMedium-4861,-2615.9,-2615.9
OfficeMedium,task_occ_e0,summer,OfficeMedium-4869,-2757.7,-2757.7
OfficeMedium,task_occ_e0,summer,OfficeMedium-4872,-3918.1,-3918.1
OfficeMedium,task_occ_e0,summer,OfficeMedium-4873,-3085.5,-3085.5
OfficeMedium,task_occ_e0,summer,OfficeMedium-4883,-2783.8,-2783.8
OfficeMedium,task_occ_e0,summer,OfficeMedium-4890,-2352.9,-2352.9
OfficeMedium,task_occ_e0,summer,OfficeMedium-4898,-3101.1,-3101.1
OfficeMedium,task_occ_e0,summer,OfficeMedium-4901,-2802.4,-2802.4
OfficeMedium,task_occ_e0,summer,OfficeMedium-4906,-2714.6,-2714.6
OfficeMedium,task_occ_e0,summer,OfficeMedium-4925,-3150.0,-3150.0
OfficeMedium,task_occ_e0,summer,OfficeMedium-4931,-2901.1,-2901.1
OfficeMedium,task_occ_e0,summer,OfficeMedium-4947,-2941.9,-2941.9
OfficeMedium,task_occ_e0,summer,OfficeMedium-4949,-3222.9,-3222.9
OfficeMedium,task_occ_e0,summer,OfficeMedium-4958,-2092.7,-2092.7
OfficeMedium,task_occ_e0,summer,OfficeMedium-4963,-2803.6,-2803.6
OfficeMedium,task_occ_e0,summer,OfficeMedium-4970,-3877.0,-3877.0
OfficeMedium,task_occ_e0,summer,OfficeMedium-4976,-2709.3,-2709.3
OfficeMedium,task_occ_e0,summer,OfficeMedium-4987,-2857.4,-2857.4
OfficeMedium,task_occ_e0,summer,OfficeMedium-4991,-4271.4,-4271.4
OfficeMedium,task_occ_e0,summer,OfficeMedium-4997,-2539.3,-2539.3
OfficeMedium,task_occ_e0,summer,OfficeMedium-4998,-3842.3,-3842.3
OfficeMedium,task_occ_e0,summer,OfficeMedium-4999,-4218.8,-4218.8
OfficeMedium,task_occ_e0,summer,OfficeMedium-5000,-1541.9,-1541.9
OfficeMedium,task_occ_e0,winter,OfficeMedium-4037,-2917.4,-2917.4
OfficeMedium,task_occ_e0,winter,OfficeMedium-4040,-2826.7,-2826.7
OfficeMedium,task_occ_e0,winter,OfficeMedium-4041,-2700.4,-2700.4
OfficeMedium,task_occ_e0,winter,OfficeMedium-4047,-3165.9,-3165.9
OfficeMedium,task_occ_e0,winter,OfficeMedium-4051,-3472.6,-3472.6
OfficeMedium,task_occ_e0,winter,OfficeMedium-4055,-4281.9,-4281.9
OfficeMedium,task_occ_e0,winter,OfficeMedium-4067,-1902.0,-1902.0
OfficeMedium,task_occ_e0,winter,OfficeMedium-4070,-1320.7,-1320.7
OfficeMedium,task_occ_e0,winter,OfficeMedium-4093,-4196.1,-4196.1
OfficeMedium,task_occ_e0,winter,OfficeMedium-4126,-3667.0,-3667.0
OfficeMedium,task_occ_e0,winter,OfficeMedium-4130,-2887.2,-2887.2
OfficeMedium,task_occ_e0,winter,OfficeMedium-4138,-1633.7,-1633.7
OfficeMedium,task_occ_e0,winter,OfficeMedium-4142,-2857.3,-2857.3
OfficeMedium,task_occ_e0,winter,OfficeMedium-4146,-1744.0,-1744.0
OfficeMedium,task_occ_e0,winter,OfficeMedium-4150,-2743.8,-2743.8
OfficeMedium,task_occ_e0,winter,OfficeMedium-4151,-3323.6,-3323.6
OfficeMedium,task_occ_e0,winter,OfficeMedium-4152,-2780.1,-2780.1
OfficeMedium,task_occ_e0,winter,OfficeMedium-4153,-2909.8,-2909.8
OfficeMedium,task_occ_e0,winter,OfficeMedium-4158,-2924.7,-2924.7
OfficeMedium,task_occ_e0,winter,OfficeMedium-4168,-2778.7,-2778.7
OfficeMedium,task_occ_e0,winter,OfficeMedium-4260,-3081.1,-3081.1
OfficeMedium,task_occ_e0,winter,OfficeMedium-4275,-1772.3,-1772.3
OfficeMedium,task_occ_e0,winter,OfficeMedium-4279,-1247.0,-1247.0
OfficeMedium,task_occ_e0,winter,OfficeMedium-4296,-1986.4,-1986.4
OfficeMedium,task_occ_e0,winter,OfficeMedium-4297,-815.1,-815.1
OfficeMedium,task_occ_e0,winter,OfficeMedium-4300,-2091.2,-2091.2
OfficeMedium,task_occ_e0,winter,OfficeMedium-4332,-3036.9,-3036.9
OfficeMedium,task_occ_e0,winter,OfficeMedium-4365,-3968.1,-3968.1
OfficeMedium,task_occ_e0,winter,OfficeMedium-4389,-2731.5,-2731.5
OfficeMedium,task_occ_e0,winter,OfficeMedium-4391,-1192.2,-1192.2
OfficeMedium,task_occ_e0,winter,OfficeMedium-4398,-1493.1,-1493.1
OfficeMedium,task_occ_e0,winter,OfficeMedium-4414,-2386.1,-2386.1
OfficeMedium,task_occ_e0,winter,OfficeMedium-4421,-1267.1,-1267.1
OfficeMedium,task_occ_e0,winter,OfficeMedium-4430,-1298.5,-1298.5
OfficeMedium,task_occ_e0,winter,OfficeMedium-4445,-1755.4,-1755.4
OfficeMedium,task_occ_e0,winter,OfficeMedium-4455,-1227.4,-1227.4
OfficeMedium,task_occ_e0,winter,OfficeMedium-4459,-1831.7,-1831.7
OfficeMedium,task_occ_e0,winter,OfficeMedium-4468,-2726.8,-2726.8
OfficeMedium,task_occ_e0,winter,OfficeMedium-4488,-3552.7,-3552.7
OfficeMedium,task_occ_e0,winter,OfficeMedium-4502,-1595.0,-1595.0
OfficeMedium,task_occ_e0,winter,OfficeMedium-4511,-922.1,-922.1
OfficeMedium,task_occ_e0,winter,OfficeMedium-4523,-2647.4,-2647.4
OfficeMedium,task_occ_e0,winter,OfficeMedium-4537,-1243.7,-1243.7
OfficeMedium,task_occ_e0,winter,OfficeMedium-4554,-1955.0,-1955.0
OfficeMedium,task_occ_e0,winter,OfficeMedium-4570,-4520.4,-4520.4
OfficeMedium,task_occ_e0,winter,OfficeMedium-4576,-1627.6,-1627.6
OfficeMedium,task_occ_e0,winter,OfficeMedium-4585,-1451.1,-1451.1
OfficeMedium,task_occ_e0,winter,OfficeMedium-4588,-3017.0,-3017.0
OfficeMedium,task_occ_e0,winter,OfficeMedium-4590,-3107.6,-3107.6
OfficeMedium,task_occ_e0,winter,OfficeMedium-4608,-2962.3,-2962.3
OfficeMedium,task_occ_e0,winter,OfficeMedium-4621,-2712.6,-2712.6
OfficeMedium,task_occ_e0,winter,OfficeMedium-4625,-3261.0,-3261.0
OfficeMedium,task_occ_e0,winter,OfficeMedium-4631,-2751.9,-2751.9
OfficeMedium,task_occ_e0,winter,OfficeMedium-4641,-1578.5,-1578.5
OfficeMedium,task_occ_e0,winter,OfficeMedium-4642,-2066.9,-2066.9
OfficeMedium,task_occ_e0,winter,OfficeMedium-4643,-1631.0,-1631.0
OfficeMedium,task_occ_e0,winter,OfficeMedium-4670,-3009.6,-3009.6
OfficeMedium,task_occ_e0,winter,OfficeMedium-4680,-2657.8,-2657.8
OfficeMedium,task_occ_e0,winter,OfficeMedium-4688,-1193.9,-1193.9
OfficeMedium,task_occ_e0,winter,OfficeMedium-4691,-2847.6,-2847.6
OfficeMedium,task_occ_e0,winter,OfficeMedium-4692,-2645.9,-2645.9
OfficeMedium,task_occ_e0,winter,OfficeMedium-4693,-2722.3,-2722.3
OfficeMedium,task_occ_e0,winter,OfficeMedium-4695,-1279.9,-1279.9
OfficeMedium,task_occ_e0,winter,OfficeMedium-4697,-2993.3,-2993.3
OfficeMedium,task_occ_e0,winter,OfficeMedium-4700,-3242.6,-3242.6
OfficeMedium,task_occ_e0,winter,OfficeMedium-4712,-1452.6,-1452.6
OfficeMedium,task_occ_e0,winter,OfficeMedium-4731,-1737.3,-1737.3
OfficeMedium,task_occ_e0,winter,OfficeMedium-4745,-2990.8,-2990.8
OfficeMedium,task_occ_e0,winter,OfficeMedium-4777,-2748.6,-2748.6
OfficeMedium,task_occ_e0,winter,OfficeMedium-4782,-2680.2,-2680.2
OfficeMedium,task_occ_e0,winter,OfficeMedium-4787,-1959.8,-1959.8
OfficeMedium,task_occ_e0,winter,OfficeMedium-4795,-1219.7,-1219.7
OfficeMedium,task_occ_e0,winter,OfficeMedium-4796,-3323.5,-3323.5
OfficeMedium,task_occ_e0,winter,OfficeMedium-4799,-1044.3,-1044.3
OfficeMedium,task_occ_e0,winter,OfficeMedium-4805,-2619.6,-2619.6
OfficeMedium,task_occ_e0,winter,OfficeMedium-4834,-815.3,-815.3
OfficeMedium,task_occ_e0,winter,OfficeMedium-4860,-2621.9,-2621.9
OfficeMedium,task_occ_e0,winter,OfficeMedium-4861,-1634.8,-1634.8
OfficeMedium,task_occ_e0,winter,OfficeMedium-4869,-2030.9,-2030.9
OfficeMedium,task_occ_e0,winter,OfficeMedium-4872,-2624.7,-2624.7
OfficeMedium,task_occ_e0,winter,OfficeMedium-4873,-3296.9,-3296.9
OfficeMedium,task_occ_e0,winter,OfficeMedium-4883,-1241.2,-1241.2
OfficeMedium,task_occ_e0,winter,OfficeMedium-4890,-2716.9,-2716.9
OfficeMedium,task_occ_e0,winter,OfficeMedium-4898,-3144.1,-3144.1
OfficeMedium,task_occ_e0,winter,OfficeMedium-4901,-925.7,-925.7
OfficeMedium,task_occ_e0,winter,OfficeMedium-4906,-1260.0,-1260.0
OfficeMedium,task_occ_e0,winter,OfficeMedium-4925,-2867.7,-2867.7
OfficeMedium,task_occ_e0,winter,OfficeMedium-4931,-1701.4,-1701.4
OfficeMedium,task_occ_e0,winter,OfficeMedium-4947,-3025.4,-3025.4
OfficeMedium,task_occ_e0,winter,OfficeMedium-4949,-848.2,-848.2
OfficeMedium,task_occ_e0,winter,OfficeMedium-4958,-2848.4,-2848.4
OfficeMedium,task_occ_e0,winter,OfficeMedium-4963,-3070.2,-3070.2
OfficeMedium,task_occ_e0,winter,OfficeMedium-4970,-2721.1,-2721.1
OfficeMedium,task_occ_e0,winter,OfficeMedium-4976,-1632.6,-1632.6
OfficeMedium,task_occ_e0,winter,OfficeMedium-4987,-2911.0,-2911.0
OfficeMedium,task_occ_e0,winter,OfficeMedium-4991,-2651.6,-2651.6
OfficeMedium,task_occ_e0,winter,OfficeMedium-4997,-1666.3,-1666.3
OfficeMedium,task_occ_e0,winter,OfficeMedium-4998,-2767.1,-2767.1
OfficeMedium,task_occ_e0,winter,OfficeMedium-4999,-2711.8,-2711.8
OfficeMedium,task_occ_e0,winter,OfficeMedium-5000,-2461.2,-2461.2
OfficeMedium,task_occ_e05,full_year,OfficeMedium-4037,-210500.5,-210500.5
OfficeMedium,task_occ_e05,full_year,OfficeMedium-4040,-189964.0,-189964.0
OfficeMedium,task_occ_e05,full_year,OfficeMedium-4041,-191924.9,-191924.9
OfficeMedium,task_occ_e05,full_year,OfficeMedium-4047,-208883.9,-208883.9
OfficeMedium,task_occ_e05,full_year,OfficeMedium-4051,-252067.0,-252067.0
OfficeMedium,task_occ_e05,full_year,OfficeMedium-4055,-313686.7,-313686.7
OfficeMedium,task_occ_e05,full_year,OfficeMedium-4067,-270209.6,-270209.6
OfficeMedium,task_occ_e05,full_year,OfficeMedium-4070,-183646.9,-183646.9
OfficeMedium,task_occ_e05,full_year,OfficeMedium-4093,-286675.5,-286675.5
OfficeMedium,task_occ_e05,full_year,OfficeMedium-4126,-234085.5,-234085.5
OfficeMedium,task_occ_e05,full_year,OfficeMedium-4130,-185182.1,-185182.1
OfficeMedium,task_occ_e05,full_year,OfficeMedium-4138,-221666.6,-221666.6
OfficeMedium,task_occ_e05,full_year,OfficeMedium-4142,-176912.2,-176912.2
OfficeMedium,task_occ_e05,full_year,OfficeMedium-4146,-225440.7,-225440.7
OfficeMedium,task_occ_e05,full_year,OfficeMedium-4150,-194092.6,-194092.6
OfficeMedium,task_occ_e05,full_year,OfficeMedium-4151,-256353.4,-256353.4
OfficeMedium,task_occ_e05,full_year,OfficeMedium-4152,-208817.4,-208817.4
OfficeMedium,task_occ_e05,full_year,OfficeMedium-4153,-207353.0,-207353.0
OfficeMedium,task_occ_e05,full_year,OfficeMedium-4158,-185785.1,-185785.1
OfficeMedium,task_occ_e05,full_year,OfficeMedium-4168,-219557.7,-219557.7
OfficeMedium,task_occ_e05,full_year,OfficeMedium-4260,-212969.5,-212969.5
OfficeMedium,task_occ_e05,full_year,OfficeMedium-4275,-260242.7,-260242.7
OfficeMedium,task_occ_e05,full_year,OfficeMedium-4279,-175042.6,-175042.6
OfficeMedium,task_occ_e05,full_year,OfficeMedium-4296,-286078.8,-286078.8
OfficeMedium,task_occ_e05,full_year,OfficeMedium-4297,-201543.1,-201543.1
OfficeMedium,task_occ_e05,full_year,OfficeMedium-4300,-236190.1,-236190.1
OfficeMedium,task_occ_e05,full_year,OfficeMedium-4332,-197412.0,-197412.0
OfficeMedium,task_occ_e05,full_year,OfficeMedium-4365,-316153.5,-316153.5
OfficeMedium,task_occ_e05,full_year,OfficeMedium-4389,-215496.8,-215496.8
OfficeMedium,task_occ_e05,full_year,OfficeMedium-4391,-292008.8,-292008.8
OfficeMedium,task_occ_e05,full_year,OfficeMedium-4398,-179438.2,-179438.2
OfficeMedium,task_occ_e05,full_year,OfficeMedium-4414,-297030.0,-297030.0
OfficeMedium,task_occ_e05,full_year,OfficeMedium-4421,-181103.5,-181103.5
OfficeMedium,task_occ_e05,full_year,OfficeMedium-4430,-206189.4,-206189.4
OfficeMedium,task_occ_e05,full_year,OfficeMedium-4445,-284032.4,-284032.4
OfficeMedium,task_occ_e05,full_year,OfficeMedium-4455,-165182.9,-165182.9
OfficeMedium,task_occ_e05,full_year,OfficeMedium-4459,-271849.3,-271849.3
OfficeMedium,task_occ_e05,full_year,OfficeMedium-4468,-212098.3,-212098.3
OfficeMedium,task_occ_e05,full_year,OfficeMedium-4488,-289873.3,-289873.3
OfficeMedium,task_occ_e05,full_year,OfficeMedium-4502,-215223.0,-215223.0
OfficeMedium,task_occ_e05,full_year,OfficeMedium-4511,-180982.7,-180982.7
OfficeMedium,task_occ_e05,full_year,OfficeMedium-4523,-177699.9,-177699.9
OfficeMedium,task_occ_e05,full_year,OfficeMedium-4537,-185757.8,-185757.8
OfficeMedium,task_occ_e05,full_year,OfficeMedium-4554,-267930.1,-267930.1
OfficeMedium,task_occ_e05,full_year,OfficeMedium-4570,-323559.8,-323559.8
OfficeMedium,task_occ_e05,full_year,OfficeMedium-4576,-188728.9,-188728.9
OfficeMedium,task_occ_e05,full_year,OfficeMedium-4585,-422254.3,-422254.3
OfficeMedium,task_occ_e05,full_year,OfficeMedium-4588,-205229.7,-205229.7
OfficeMedium,task_occ_e05,full_year,OfficeMedium-4590,-180448.1,-180448.1
OfficeMedium,task_occ_e05,full_year,OfficeMedium-4608,-235175.1,-235175.1
OfficeMedium,task_occ_e05,full_year,OfficeMedium-4621,-191925.4,-191925.4
OfficeMedium,task_occ_e05,full_year,OfficeMedium-4625,-203000.9,-203000.9
OfficeMedium,task_occ_e05,full_year,OfficeMedium-4631,-298295.1,-298295.1
OfficeMedium,task_occ_e05,full_year,OfficeMedium-4641,-190448.3,-190448.3
OfficeMedium,task_occ_e05,full_year,OfficeMedium-4642,-325488.0,-325488.0
OfficeMedium,task_occ_e05,full_year,OfficeMedium-4643,-188382.3,-188382.3
OfficeMedium,task_occ_e05,full_year,OfficeMedium-4670,-180463.4,-180463.4
OfficeMedium,task_occ_e05,full_year,OfficeMedium-4680,-184706.4,-184706.4
OfficeMedium,task_occ_e05,full_year,OfficeMedium-4688,-299393.5,-299393.5
OfficeMedium,task_occ_e05,full_year,OfficeMedium-4691,-341874.3,-341874.3
OfficeMedium,task_occ_e05,full_year,OfficeMedium-4692,-181861.8,-181861.8
OfficeMedium,task_occ_e05,full_year,OfficeMedium-4693,-197874.2,-197874.2
OfficeMedium,task_occ_e05,full_year,OfficeMedium-4695,-174920.6,-174920.6
OfficeMedium,task_occ_e05,full_year,OfficeMedium-4697,-185725.8,-185725.8
OfficeMedium,task_occ_e05,full_year,OfficeMedium-4700,-237495.6,-237495.6
OfficeMedium,task_occ_e05,full_year,OfficeMedium-4712,-183196.6,-183196.6
OfficeMedium,task_occ_e05,full_year,OfficeMedium-4731,-232446.7,-232446.7
OfficeMedium,task_occ_e05,full_year,OfficeMedium-4745,-223747.0,-223747.0
OfficeMedium,task_occ_e05,full_year,OfficeMedium-4777,-235966.4,-235966.4
OfficeMedium,task_occ_e05,full_year,OfficeMedium-4782,-190202.2,-190202.2
OfficeMedium,task_occ_e05,full_year,OfficeMedium-4787,-280255.8,-280255.8
OfficeMedium,task_occ_e05,full_year,OfficeMedium-4795,-191327.9,-191327.9
OfficeMedium,task_occ_e05,full_year,OfficeMedium-4796,-242215.9,-242215.9
OfficeMedium,task_occ_e05,full_year,OfficeMedium-4799,-221919.3,-221919.3
OfficeMedium,task_occ_e05,full_year,OfficeMedium-4805,-172587.1,-172587.1
OfficeMedium,task_occ_e05,full_year,OfficeMedium-4834,-192496.4,-192496.4
OfficeMedium,task_occ_e05,full_year,OfficeMedium-4860,-178142.2,-178142.2
OfficeMedium,task_occ_e05,full_year,OfficeMedium-4861,-187273.0,-187273.0
OfficeMedium,task_occ_e05,full_year,OfficeMedium-4869,-303022.7,-303022.7
OfficeMedium,task_occ_e05,full_year,OfficeMedium-4872,-177824.3,-177824.3
OfficeMedium,task_occ_e05,full_year,OfficeMedium-4873,-212871.1,-212871.1
OfficeMedium,task_occ_e05,full_year,OfficeMedium-4883,-188254.7,-188254.7
OfficeMedium,task_occ_e05,full_year,OfficeMedium-4890,-172824.1,-172824.1
OfficeMedium,task_occ_e05,full_year,OfficeMedium-4898,-217198.4,-217198.4
OfficeMedium,task_occ_e05,full_year,OfficeMedium-4901,-171490.3,-171490.3
OfficeMedium,task_occ_e05,full_year,OfficeMedium-4906,-203826.8,-203826.8
OfficeMedium,task_occ_e05,full_year,OfficeMedium-4925,-184002.2,-184002.2
OfficeMedium,task_occ_e05,full_year,OfficeMedium-4931,-437167.0,-437167.0
OfficeMedium,task_occ_e05,full_year,OfficeMedium-4947,-172668.0,-172668.0
OfficeMedium,task_occ_e05,full_year,OfficeMedium-4949,-200109.2,-200109.2
OfficeMedium,task_occ_e05,full_year,OfficeMedium-4958,-191818.9,-191818.9
OfficeMedium,task_occ_e05,full_year,OfficeMedium-4963,-182137.5,-182137.5
OfficeMedium,task_occ_e05,full_year,OfficeMedium-4970,-200321.3,-200321.3
OfficeMedium,task_occ_e05,full_year,OfficeMedium-4976,-418354.3,-418354.3
OfficeMedium,task_occ_e05,full_year,OfficeMedium-4987,-221310.3,-221310.3
OfficeMedium,task_occ_e05,full_year,OfficeMedium-4991,-196601.4,-196601.4
OfficeMedium,task_occ_e05,full_year,OfficeMedium-4997,-227704.8,-227704.8
OfficeMedium,task_occ_e05,full_year,OfficeMedium-4998,-206829.6,-206829.6
OfficeMedium,task_occ_e05,full_year,OfficeMedium-4999,-198189.0,-198189.0
OfficeMedium,task_occ_e05,full_year,OfficeMedium-5000,-296259.9,-296259.9
OfficeMedium,task_occ_e05,summer,OfficeMedium-4037,-226141.7,-226141.7
OfficeMedium,task_occ_e05,summer,OfficeMedium-4040,-283968.3,-283968.3
OfficeMedium,task_occ_e05,summer,OfficeMedium-4041,-272450.0,-272450.0
OfficeMedium,task_occ_e05,summer,OfficeMedium-4047,-228353.3,-228353.3
OfficeMedium,task_occ_e05,summer,OfficeMedium-4051,-293195.6,-293195.6
OfficeMedium,task_occ_e05,summer,OfficeMedium-4055,-287530.6,-287530.6
OfficeMedium,task_occ_e05,summer,OfficeMedium-4067,-287607.9,-287607.9
OfficeMedium,task_occ_e05,summer,OfficeMedium-4070,-279699.3,-279699.3
OfficeMedium,task_occ_e05,summer,OfficeMedium-4093,-281015.3,-281015.3
OfficeMedium,task_occ_e05,summer,OfficeMedium-4126,-260679.8,-260679.8
OfficeMedium,task_occ_e05,summer,OfficeMedium-4130,-256673.1,-256673.1
OfficeMedium,task_occ_e05,summer,OfficeMedium-4138,-241100.1,-241100.1
OfficeMedium,task_occ_e05,summer,OfficeMedium-4142,-266908.5,-266908.5
OfficeMedium,task_occ_e05,summer,OfficeMedium-4146,-258687.1,-258687.1
OfficeMedium,task_occ_e05,summer,OfficeMedium-4150,-238560.6,-238560.6
OfficeMedium,task_occ_e05,summer,OfficeMedium-4151,-276986.1,-276986.1
OfficeMedium,task_occ_e05,summer,OfficeMedium-4152,-241922.1,-241922.1
OfficeMedium,task_occ_e05,summer,OfficeMedium-4153,-251402.4,-251402.4
OfficeMedium,task_occ_e05,summer,OfficeMedium-4158,-258183.7,-258183.7
OfficeMedium,task_occ_e05,summer,OfficeMedium-4168,-263441.4,-263441.4
OfficeMedium,task_occ_e05,summer,OfficeMedium-4260,-258261.6,-258261.6
OfficeMedium,task_occ_e05,summer,OfficeMedium-4275,-284362.5,-284362.5
OfficeMedium,task_occ_e05,summer,OfficeMedium-4279,-263332.2,-263332.2
OfficeMedium,task_occ_e05,summer,OfficeMedium-4296,-263959.3,-263959.3
OfficeMedium,task_occ_e05,summer,OfficeMedium-4297,-272128.6,-272128.6
OfficeMedium,task_occ_e05,summer,OfficeMedium-4300,-266514.8,-266514.8
OfficeMedium,task_occ_e05,summer,OfficeMedium-4332,-260760.5,-260760.5
OfficeMedium,task_occ_e05,summer,OfficeMedium-4365,-257556.9,-257556.9
OfficeMedium,task_occ_e05,summer,OfficeMedium-4389,-266652.2,-266652.2
OfficeMedium,task_occ_e05,summer,OfficeMedium-4391,-266430.1,-266430.1
OfficeMedium,task_occ_e05,summer,OfficeMedium-4398,-252588.6,-252588.6
OfficeMedium,task_occ_e05,summer,OfficeMedium-4414,-288018.2,-288018.2
OfficeMedium,task_occ_e05,summer,OfficeMedium-4421,-270220.0,-270220.0
OfficeMedium,task_occ_e05,summer,OfficeMedium-4430,-290036.4,-290036.4
OfficeMedium,task_occ_e05,summer,OfficeMedium-4445,-269203.4,-269203.4
OfficeMedium,task_occ_e05,summer,OfficeMedium-4455,-269561.5,-269561.5
OfficeMedium,task_occ_e05,summer,OfficeMedium-4459,-268365.4,-268365.4
OfficeMedium,task_occ_e05,summer,OfficeMedium-4468,-261150.4,-261150.4
OfficeMedium,task_occ_e05,summer,OfficeMedium-4488,-289390.5,-289390.5
OfficeMedium,task_occ_e05,summer,OfficeMedium-4502,-253086.0,-253086.0
OfficeMedium,task_occ_e05,summer,OfficeMedium-4511,-267041.5,-267041.5
OfficeMedium,task_occ_e05,summer,OfficeMedium-4523,-226250.8,-226250.8
OfficeMedium,task_occ_e05,summer,OfficeMedium-4537,-264005.8,-264005.8
OfficeMedium,task_occ_e05,summer,OfficeMedium-4554,-273465.7,-273465.7
OfficeMedium,task_occ_e05,summer,OfficeMedium-4570,-307008.1,-307008.1
OfficeMedium,task_occ_e05,summer,OfficeMedium-4576,-253605.7,-253605.7
OfficeMedium,task_occ_e05,summer,OfficeMedium-4585,-291626.8,-291626.8
OfficeMedium,task_occ_e05,summer,OfficeMedium-4588,-273638.8,-273638.8
OfficeMedium,task_occ_e05,summer,OfficeMedium-4590,-277181.2,-277181.2
OfficeMedium,task_occ_e05,summer,OfficeMedium-4608,-245951.6,-245951.6
OfficeMedium,task_occ_e05,summer,OfficeMedium-4621,-258326.3,-258326.3
OfficeMedium,task_occ_e05,summer,OfficeMedium-4625,-274974.8,-274974.8
OfficeMedium,task_occ_e05,summer,OfficeMedium-4631,-261202.5,-261202.5
OfficeMedium,task_occ_e05,summer,OfficeMedium-4641,-231731.3,-231731.3
OfficeMedium,task_occ_e05,summer,OfficeMedium-4642,-280701.2,-280701.2
OfficeMedium,task_occ_e05,summer,OfficeMedium-4643,-260171.1,-260171.1
OfficeMedium,task_occ_e05,summer,OfficeMedium-4670,-256933.7,-256933.7
OfficeMedium,task_occ_e05,summer,OfficeMedium-4680,-273311.8,-273311.8
OfficeMedium,task_occ_e05,summer,OfficeMedium-4688,-235278.4,-235278.4
OfficeMedium,task_occ_e05,summer,OfficeMedium-4691,-266579.9,-266579.9
OfficeMedium,task_occ_e05,summer,OfficeMedium-4692,-238169.7,-238169.7
OfficeMedium,task_occ_e05,summer,OfficeMedium-4693,-256337.1,-256337.1
OfficeMedium,task_occ_e05,summer,OfficeMedium-4695,-278199.4,-278199.4
OfficeMedium,task_occ_e05,summer,OfficeMedium-4697,-257567.7,-257567.7
OfficeMedium,task_occ_e05,summer,OfficeMedium-4700,-236886.8,-236886.8
OfficeMedium,task_occ_e05,summer,OfficeMedium-4712,-275205.7,-275205.7
OfficeMedium,task_occ_e05,summer,OfficeMedium-4731,-259972.8,-259972.8
OfficeMedium,task_occ_e05,summer,OfficeMedium-4745,-275086.8,-275086.8
OfficeMedium,task_occ_e05,summer,OfficeMedium-4777,-251096.9,-251096.9
OfficeMedium,task_occ_e05,summer,OfficeMedium-4782,-251255.8,-251255.8
OfficeMedium,task_occ_e05,summer,OfficeMedium-4787,-266695.4,-266695.4
OfficeMedium,task_occ_e05,summer,OfficeMedium-4795,-270553.0,-270553.0
OfficeMedium,task_occ_e05,summer,OfficeMedium-4796,-289483.2,-289483.2
OfficeMedium,task_occ_e05,summer,OfficeMedium-4799,-254659.6,-254659.6
OfficeMedium,task_occ_e05,summer,OfficeMedium-4805,-270583.8,-270583.8
OfficeMedium,task_occ_e05,summer,OfficeMedium-4834,-261128.0,-261128.0
OfficeMedium,task_occ_e05,summer,OfficeMedium-4860,-233212.8,-233212.8
OfficeMedium,task_occ_e05,summer,OfficeMedium-4861,-264645.3,-264645.3
OfficeMedium,task_occ_e05,summer,OfficeMedium-4869,-292280.0,-292280.0
OfficeMedium,task_occ_e05,summer,OfficeMedium-4872,-245902.2,-245902.2
OfficeMedium,task_occ_e05,summer,OfficeMedium-4873,-253043.7,-253043.7
OfficeMedium,task_occ_e05,summer,OfficeMedium-4883,-272320.3,-272320.3
OfficeMedium,task_occ_e05,summer,OfficeMedium-4890,-289462.6,-289462.6
OfficeMedium,task_occ_e05,summer,OfficeMedium-4898,-255005.5,-255005.5
OfficeMedium,task_occ_e05,summer,OfficeMedium-4901,-245304.4,-245304.4
OfficeMedium,task_occ_e05,summer,OfficeMedium-4906,-281574.6,-281574.6
OfficeMedium,task_occ_e05,summer,OfficeMedium-4925,-268329.0,-268329.0
OfficeMedium,task_occ_e05,summer,OfficeMedium-4931,-290526.5,-290526.5
OfficeMedium,task_occ_e05,summer,OfficeMedium-4947,-239230.0,-239230.0
OfficeMedium,task_occ_e05,summer,OfficeMedium-4949,-272328.3,-272328.3
OfficeMedium,task_occ_e05,summer,OfficeMedium-4958,-259078.1,-259078.1
OfficeMedium,task_occ_e05,summer,OfficeMedium-4963,-229817.7,-229817.7
OfficeMedium,task_occ_e05,summer,OfficeMedium-4970,-243983.1,-243983.1
OfficeMedium,task_occ_e05,summer,OfficeMedium-4976,-274995.7,-274995.7
OfficeMedium,task_occ_e05,summer,OfficeMedium-4987,-248874.1,-248874.1
OfficeMedium,task_occ_e05,summer,OfficeMedium-4991,-263989.0,-263989.0
OfficeMedium,task_occ_e05,summer,OfficeMedium-4997,-261071.4,-261071.4
OfficeMedium,task_occ_e05,summer,OfficeMedium-4998,-249141.4,-249141.4
OfficeMedium,task_occ_e05,summer,OfficeMedium-4999,-261516.4,-261516.4
OfficeMedium,task_occ_e05,summer,OfficeMedium-5000,-227408.7,-227408.7
OfficeMedium,task_occ_e05,winter,OfficeMedium-4037,-79713.5,-79713.5
OfficeMedium,task_occ_e05,winter,OfficeMedium-4040,-74100.9,-74100.9
OfficeMedium,task_occ_e05,winter,OfficeMedium-4041,-75774.4,-75774.4
OfficeMedium,task_occ_e05,winter,OfficeMedium-4047,-77609.1,-77609.1
OfficeMedium,task_occ_e05,winter,OfficeMedium-4051,-98535.3,-98535.3
OfficeMedium,task_occ_e05,winter,OfficeMedium-4055,-119525.3,-119525.3
OfficeMedium,task_occ_e05,winter,OfficeMedium-4067,-83754.0,-83754.0
OfficeMedium,task_occ_e05,winter,OfficeMedium-4070,-81676.5,-81676.5
OfficeMedium,task_occ_e05,winter,OfficeMedium-4093,-113159.5,-113159.5
OfficeMedium,task_occ_e05,winter,OfficeMedium-4126,-92583.3,-92583.3
OfficeMedium,task_occ_e05,winter,OfficeMedium-4130,-72409.2,-72409.2
OfficeMedium,task_occ_e05,winter,OfficeMedium-4138,-85757.3,-85757.3
OfficeMedium,task_occ_e05,winter,OfficeMedium-4142,-70383.9,-70383.9
OfficeMedium,task_occ_e05,winter,OfficeMedium-4146,-74860.7,-74860.7
OfficeMedium,task_occ_e05,winter,OfficeMedium-4150,-77051.9,-77051.9
OfficeMedium,task_occ_e05,winter,OfficeMedium-4151,-97603.8,-97603.8
OfficeMedium,task_occ_e05,winter,OfficeMedium-4152,-79655.8,-79655.8
OfficeMedium,task_occ_e05,winter,OfficeMedium-4153,-78107.3,-78107.3
OfficeMedium,task_occ_e05,winter,OfficeMedium-4158,-72801.0,-72801.0
OfficeMedium,task_occ_e05,winter,OfficeMedium-4168,-81737.4,-81737.4
OfficeMedium,task_occ_e05,winter,OfficeMedium-4260,-76188.1,-76188.1
OfficeMedium,task_occ_e05,winter,OfficeMedium-4275,-74663.3,-74663.3
OfficeMedium,task_occ_e05,winter,OfficeMedium-4279,-76266.4,-76266.4
OfficeMedium,task_occ_e05,winter,OfficeMedium-4296,-84027.0,-84027.0
OfficeMedium,task_occ_e05,winter,OfficeMedium-4297,-80651.5,-80651.5
OfficeMedium,task_occ_e05,winter,OfficeMedium-4300,-83306.8,-83306.8
OfficeMedium,task_occ_e05,winter,OfficeMedium-4332,-76951.6,-76951.6
OfficeMedium,task_occ_e05,winter,OfficeMedium-4365,-110258.2,-110258.2
OfficeMedium,task_occ_e05,winter,OfficeMedium-4389,-79788.3,-79788.3
OfficeMedium,task_occ_e05,winter,OfficeMedium-4391,-83747.7,-83747.7
OfficeMedium,task_occ_e05,winter,OfficeMedium-4398,-72750.7,-72750.7
OfficeMedium,task_occ_e05,winter,OfficeMedium-4414,-99364.1,-99364.1
OfficeMedium,task_occ_e05,winter,OfficeMedium-4421,-83084.9,-83084.9
OfficeMedium,task_occ_e05,winter,OfficeMedium-4430,-88329.3,-88329.3
OfficeMedium,task_occ_e05,winter,OfficeMedium-4445,-69286.2,-69286.2
OfficeMedium,task_occ_e05,winter,OfficeMedium-4455,-76693.4,-76693.4
OfficeMedium,task_occ_e05,winter,OfficeMedium-4459,-71970.5,-71970.5
OfficeMedium,task_occ_e05,winter,OfficeMedium-4468,-79787.4,-79787.4
OfficeMedium,task_occ_e05,winter,OfficeMedium-4488,-101050.6,-101050.6
OfficeMedium,task_occ_e05,winter,OfficeMedium-4502,-68481.7,-68481.7
OfficeMedium,task_occ_e05,winter,OfficeMedium-4511,-78064.0,-78064.0
OfficeMedium,task_occ_e05,winter,OfficeMedium-4523,-72379.5,-72379.5
OfficeMedium,task_occ_e05,winter,OfficeMedium-4537,-80943.6,-80943.6
OfficeMedium,task_occ_e05,winter,OfficeMedium-4554,-81299.2,-81299.2
OfficeMedium,task_occ_e05,winter,OfficeMedium-4570,-127131.8,-127131.8
OfficeMedium,task_occ_e05,winter,OfficeMedium-4576,-79236.9,-79236.9
OfficeMedium,task_occ_e05,winter,OfficeMedium-4585,-56854.3,-56854.3
OfficeMedium,task_occ_e05,winter,OfficeMedium-4588,-75507.7,-75507.7
OfficeMedium,task_occ_e05,winter,OfficeMedium-4590,-68384.0,-68384.0
OfficeMedium,task_occ_e05,winter,OfficeMedium-4608,-86421.9,-86421.9
OfficeMedium,task_occ_e05,winter,OfficeMedium-4621,-73024.4,-73024.4
OfficeMedium,task_occ_e05,winter,OfficeMedium-4625,-75612.5,-75612.5
OfficeMedium,task_occ_e05,winter,OfficeMedium-4631,-67232.3,-67232.3
OfficeMedium,task_occ_e05,winter,OfficeMedium-4641,-78778.5,-78778.5
OfficeMedium,task_occ_e05,winter,OfficeMedium-4642,-98815.6,-98815.6
OfficeMedium,task_occ_e05,winter,OfficeMedium-4643,-77098.7,-77098.7
OfficeMedium,task_occ_e05,winter,OfficeMedium-4670,-68514.1,-68514.1
OfficeMedium,task_occ_e05,winter,OfficeMedium-4680,-71108.8,-71108.8
OfficeMedium,task_occ_e05,winter,OfficeMedium-4688,-75732.1,-75732.1
OfficeMedium,task_occ_e05,winter,OfficeMedium-4691,-67933.5,-67933.5
OfficeMedium,task_occ_e05,winter,OfficeMedium-4692,-74959.8,-74959.8
OfficeMedium,task_occ_e05,winter,OfficeMedium-4693,-76234.6,-76234.6
OfficeMedium,task_occ_e05,winter,OfficeMedium-4695,-78841.4,-78841.4
OfficeMedium,task_occ_e05,winter,OfficeMedium-4697,-73562.3,-73562.3
OfficeMedium,task_occ_e05,winter,OfficeMedium-4700,-88898.4,-88898.4
OfficeMedium,task_occ_e05,winter,OfficeMedium-4712,-68761.9,-68761.9
OfficeMedium,task_occ_e05,winter,OfficeMedium-4731,-76149.6,-76149.6
OfficeMedium,task_occ_e05,winter,OfficeMedium-4745,-82925.0,-82925.0
OfficeMedium,task_occ_e05,winter,OfficeMedium-4777,-84268.4,-84268.4
OfficeMedium,task_occ_e05,winter,OfficeMedium-4782,-73011.3,-73011.3
OfficeMedium,task_occ_e05,winter,OfficeMedium-4787,-76954.4,-76954.4
OfficeMedium,task_occ_e05,winter,OfficeMedium-4795,-81202.8,-81202.8
OfficeMedium,task_occ_e05,winter,OfficeMedium-4796,-86520.4,-86520.4
OfficeMedium,task_occ_e05,winter,OfficeMedium-4799,-92424.2,-92424.2
OfficeMedium,task_occ_e05,winter,OfficeMedium-4805,-70806.2,-70806.2
OfficeMedium,task_occ_e05,winter,OfficeMedium-4834,-79808.9,-79808.9
OfficeMedium,task_occ_e05,winter,OfficeMedium-4860,-73418.9,-73418.9
OfficeMedium,task_occ_e05,winter,OfficeMedium-4861,-62832.0,-62832.0
OfficeMedium,task_occ_e05,winter,OfficeMedium-4869,-95167.0,-95167.0
OfficeMedium,task_occ_e05,winter,OfficeMedium-4872,-72662.1,-72662.1
OfficeMedium,task_occ_e05,winter,OfficeMedium-4873,-78974.5,-78974.5
OfficeMedium,task_occ_e05,winter,OfficeMedium-4883,-79119.1,-79119.1
OfficeMedium,task_occ_e05,winter,OfficeMedium-4890,-67180.7,-67180.7
OfficeMedium,task_occ_e05,winter,OfficeMedium-4898,-79299.8,-79299.8
OfficeMedium,task_occ_e05,winter,OfficeMedium-4901,-78054.3,-78054.3
OfficeMedium,task_occ_e05,winter,OfficeMedium-4906,-85465.3,-85465.3
OfficeMedium,task_occ_e05,winter,OfficeMedium-4925,-72798.4,-72798.4
OfficeMedium,task_occ_e05,winter,OfficeMedium-4931,-62148.8,-62148.8
OfficeMedium,task_occ_e05,winter,OfficeMedium-4947,-66071.7,-66071.7
OfficeMedium,task_occ_e05,winter,OfficeMedium-4949,-83522.1,-83522.1
OfficeMedium,task_occ_e05,winter,OfficeMedium-4958,-74311.9,-74311.9
OfficeMedium,task_occ_e05,winter,OfficeMedium-4963,-69879.7,-69879.7
OfficeMedium,task_occ_e05,winter,OfficeMedium-4970,-77553.4,-77553.4
OfficeMedium,task_occ_e05,winter,OfficeMedium-4976,-67798.7,-67798.7
OfficeMedium,task_occ_e05,winter,OfficeMedium-4987,-84927.4,-84927.4
OfficeMedium,task_occ_e05,winter,OfficeMedium-4991,-75615.0,-75615.0
OfficeMedium,task_occ_e05,winter,OfficeMedium-4997,-74933.1,-74933.1
OfficeMedium,task_occ_e05,winter,OfficeMedium-4998,-81820.0,-81820.0
OfficeMedium,task_occ_e05,winter,OfficeMedium-4999,-77398.7,-77398.7
OfficeMedium,task_occ_e05,winter,OfficeMedium-5000,-117883.4,-117883.4
OfficeMedium,task_rand_e0,full_year,OfficeMedium-4037,-9871.4,-9871.4
OfficeMedium,task_rand_e0,full_year,OfficeMedium-4040,-5602.3,-5602.3
OfficeMedium,task_rand_e0,full_year,OfficeMedium-4041,-9606.4,-9606.4
OfficeMedium,task_rand_e0,full_year,OfficeMedium-4047,-12878.0,-12878.0
OfficeMedium,task_rand_e0,full_year,OfficeMedium-4051,-10717.4,-10717.4
OfficeMedium,task_rand_e0,full_year,OfficeMedium-4055,-11969.3,-11969.3
OfficeMedium,task_rand_e0,full_year,OfficeMedium-4067,-7998.7,-7998.7
OfficeMedium,task_rand_e0,full_year,OfficeMedium-4070,-5072.3,-5072.3
OfficeMedium,task_rand_e0,full_year,OfficeMedium-4093,-11367.6,-11367.6
OfficeMedium,task_rand_e0,full_year,OfficeMedium-4126,-6365.4,-6365.4
OfficeMedium,task_rand_e0,full_year,OfficeMedium-4130,-10194.9,-10194.9
OfficeMedium,task_rand_e0,full_year,OfficeMedium-4138,-5210.7,-5210.7
OfficeMedium,task_rand_e0,full_year,OfficeMedium-4142,-10072.4,-10072.4
OfficeMedium,task_rand_e0,full_year,OfficeMedium-4146,-8157.1,-8157.1
OfficeMedium,task_rand_e0,full_year,OfficeMedium-4150,-9284.6,-9284.6
OfficeMedium,task_rand_e0,full_year,OfficeMedium-4151,-10150.8,-10150.8
OfficeMedium,task_rand_e0,full_year,OfficeMedium-4152,-9640.6,-9640.6
OfficeMedium,task_rand_e0,full_year,OfficeMedium-4153,-10196.3,-10196.3
OfficeMedium,task_rand_e0,full_year,OfficeMedium-4158,-10274.5,-10274.5
OfficeMedium,task_rand_e0,full_year,OfficeMedium-4168,-9339.5,-9339.5
OfficeMedium,task_rand_e0,full_year,OfficeMedium-4260,-12574.4,-12574.4
OfficeMedium,task_rand_e0,full_year,OfficeMedium-4275,-8058.6,-8058.6
OfficeMedium,task_rand_e0,full_year,OfficeMedium-4279,-4526.7,-4526.7
OfficeMedium,task_rand_e0,full_year,OfficeMedium-4296,-8101.2,-8101.2
OfficeMedium,task_rand_e0,full_year,OfficeMedium-4297,-3808.7,-3808.7
OfficeMedium,task_rand_e0,full_year,OfficeMedium-4300,-7958.3,-7958.3
OfficeMedium,task_rand_e0,full_year,OfficeMedium-4332,-10557.8,-10557.8
OfficeMedium,task_rand_e0,full_year,OfficeMedium-4365,-14059.9,-14059.9
OfficeMedium,task_rand_e0,full_year,OfficeMedium-4389,-10250.5,-10250.5
OfficeMedium,task_rand_e0,full_year,OfficeMedium-4391,-5526.2,-5526.2
OfficeMedium,task_rand_e0,full_year,OfficeMedium-4398,-4940.7,-4940.7
OfficeMedium,task_rand_e0,full_year,OfficeMedium-4414,-8656.2,-8656.2
OfficeMedium,task_rand_e0,full_year,OfficeMedium-4421,-4639.7,-4639.7
OfficeMedium,task_rand_e0,full_year,OfficeMedium-4430,-5056.0,-5056.0
OfficeMedium,task_rand_e0,full_year,OfficeMedium-4445,-8535.9,-8535.9
OfficeMedium,task_rand_e0,full_year,OfficeMedium-4455,-4770.5,-4770.5
OfficeMedium,task_rand_e0,full_year,OfficeMedium-4459,-8925.7,-8925.7
OfficeMedium,task_rand_e0,full_year,OfficeMedium-4468,-9278.6,-9278.6
OfficeMedium,task_rand_e0,full_year,OfficeMedium-4488,-11247.9,-11247.9
OfficeMedium,task_rand_e0,full_year,OfficeMedium-4502,-7896.7,-7896.7
OfficeMedium,task_rand_e0,full_year,OfficeMedium-4511,-3720.4,-3720.4
OfficeMedium,task_rand_e0,full_year,OfficeMedium-4523,-9285.9,-9285.9
OfficeMedium,task_rand_e0,full_year,OfficeMedium-4537,-4965.8,-4965.8
OfficeMedium,task_rand_e0,full_year,OfficeMedium-4554,-8213.4,-8213.4
OfficeMedium,task_rand_e0,full_year,OfficeMedium-4570,-12150.3,-12150.3
OfficeMedium,task_rand_e0,full_year,OfficeMedium-4576,-5190.4,-5190.4
OfficeMedium,task_rand_e0,full_year,OfficeMedium-4585,-10201.7,-10201.7
OfficeMedium,task_rand_e0,full_year,OfficeMedium-4588,-12454.9,-12454.9
OfficeMedium,task_rand_e0,full_year,OfficeMedium-4590,-12155.2,-12155.2
OfficeMedium,task_rand_e0,full_year,OfficeMedium-4608,-9755.1,-9755.1
OfficeMedium,task_rand_e0,full_year,OfficeMedium-4621,-5413.9,-5413.9
OfficeMedium,task_rand_e0,full_year,OfficeMedium-4625,-12211.2,-12211.2
OfficeMedium,task_rand_e0,full_year,OfficeMedium-4631,-11031.1,-11031.1
OfficeMedium,task_rand_e0,full_year,OfficeMedium-4641,-5261.8,-5261.8
OfficeMedium,task_rand_e0,full_year,OfficeMedium-4642,-8404.6,-8404.6
OfficeMedium,task_rand_e0,full_year,OfficeMedium-4643,-5179.9,-5179.9
OfficeMedium,task_rand_e0,full_year,OfficeMedium-4670,-12170.4,-12170.4
OfficeMedium,task_rand_e0,full_year,OfficeMedium-4680,-5506.0,-5506.0
OfficeMedium,task_rand_e0,full_year,OfficeMedium-4688,-5667.5,-5667.5
OfficeMedium,task_rand_e0,full_year,OfficeMedium-4691,-11108.2,-11108.2
OfficeMedium,task_rand_e0,full_year,OfficeMedium-4692,-9266.2,-9266.2
OfficeMedium,task_rand_e0,full_year,OfficeMedium-4693,-9312.2,-9312.2
OfficeMedium,task_rand_e0,full_year,OfficeMedium-4695,-4694.8,-4694.8
OfficeMedium,task_rand_e0,full_year,OfficeMedium-4697,-10606.5,-10606.5
OfficeMedium,task_rand_e0,full_year,OfficeMedium-4700,-11087.0,-11087.0
OfficeMedium,task_rand_e0,full_year,OfficeMedium-4712,-4931.6,-4931.6
OfficeMedium,task_rand_e0,full_year,OfficeMedium-4731,-7815.7,-7815.7
OfficeMedium,task_rand_e0,full_year,OfficeMedium-4745,-9740.1,-9740.1
OfficeMedium,task_rand_e0,full_year,OfficeMedium-4777,-10540.5,-10540.5
OfficeMedium,task_rand_e0,full_year,OfficeMedium-4782,-9406.1,-9406.1
OfficeMedium,task_rand_e0,full_year,OfficeMedium-4787,-7911.5,-7911.5
OfficeMedium,task_rand_e0,full_year,OfficeMedium-4795,-4445.2,-4445.2
OfficeMedium,task_rand_e0,full_year,OfficeMedium-4796,-12378.7,-12378.7
OfficeMedium,task_rand_e0,full_year,OfficeMedium-4799,-3834.8,-3834.8
OfficeMedium,task_rand_e0,full_year,OfficeMedium-4805,-9467.1,-9467.1
OfficeMedium,task_rand_e0,full_year,OfficeMedium-4834,-3850.9,-3850.9
OfficeMedium,task_rand_e0,full_year,OfficeMedium-4860,-9629.9,-9629.9
OfficeMedium,task_rand_e0,full_year,OfficeMedium-4861,-8058.0,-8058.0
OfficeMedium,task_rand_e0,full_year,OfficeMedium-4869,-8271.4,-8271.4
OfficeMedium,task_rand_e0,full_year,OfficeMedium-4872,-9503.1,-9503.1
OfficeMedium,task_rand_e0,full_year,OfficeMedium-4873,-13119.5,-13119.5
OfficeMedium,task_rand_e0,full_year,OfficeMedium-4883,-4672.2,-4672.2
OfficeMedium,task_rand_e0,full_year,OfficeMedium-4890,-5499.6,-5499.6
OfficeMedium,task_rand_e0,full_year,OfficeMedium-4898,-12804.7,-12804.7
OfficeMedium,task_rand_e0,full_year,OfficeMedium-4901,-3715.7,-3715.7
OfficeMedium,task_rand_e0,full_year,OfficeMedium-4906,-4849.7,-4849.7
OfficeMedium,task_rand_e0,full_year,OfficeMedium-4925,-10183.5,-10183.5
OfficeMedium,task_rand_e0,full_year,OfficeMedium-4931,-10043.7,-10043.7
OfficeMedium,task_rand_e0,full_year,OfficeMedium-4947,-12509.6,-12509.6
OfficeMedium,task_rand_e0,full_year,OfficeMedium-4949,-3820.8,-3820.8
OfficeMedium,task_rand_e0,full_year,OfficeMedium-4958,-5556.8,-5556.8
OfficeMedium,task_rand_e0,full_year,OfficeMedium-4963,-12469.3,-12469.3
OfficeMedium,task_rand_e0,full_year,OfficeMedium-4970,-9270.9,-9270.9
OfficeMedium,task_rand_e0,full_year,OfficeMedium-4976,-9412.6,-9412.6
OfficeMedium,task_rand_e0,full_year,OfficeMedium-4987,-10391.8,-10391.8
OfficeMedium,task_rand_e0,full_year,OfficeMedium-4991,-9689.4,-9689.4
OfficeMedium,task_rand_e0,full_year,OfficeMedium-4997,-7935.5,-7935.5
OfficeMedium,task_rand_e0,full_year,OfficeMedium-4998,-9032.7,-9032.7
OfficeMedium,task_rand_e0,full_year,OfficeMedium-4999,-9486.8,-9486.8
OfficeMedium,task_rand_e0,full_year,OfficeMedium-5000,-6565.4,-6565.4
OfficeMedium,task_rand_e0,summer,OfficeMedium-4037,-1548.8,-1548.8
OfficeMedium,task_rand_e0,summer,OfficeMedium-4040,-1199.2,-1199.2
OfficeMedium,task_rand_e0,summer,OfficeMedium-4041,-2208.9,-2208.9
OfficeMedium,task_rand_e0,summer,OfficeMedium-4047,-1756.3,-1756.3
OfficeMedium,task_rand_e0,summer,OfficeMedium-4051,-2399.2,-2399.2
OfficeMedium,task_rand_e0,summer,OfficeMedium-4055,-2362.5,-2362.5
OfficeMedium,task_rand_e0,summer,OfficeMedium-4067,-1462.5,-1462.5
OfficeMedium,task_rand_e0,summer,OfficeMedium-4070,-1495.0,-1495.0
OfficeMedium,task_rand_e0,summer,OfficeMedium-4093,-2359.7,-2359.7
OfficeMedium,task_rand_e0,summer,OfficeMedium-4126,-1166.8,-1166.8
OfficeMedium,task_rand_e0,summer,OfficeMedium-4130,-1733.9,-1733.9
OfficeMedium,task_rand_e0,summer,OfficeMedium-4138,-904.9,-904.9
OfficeMedium,task_rand_e0,summer,OfficeMedium-4142,-1754.6,-1754.6
OfficeMedium,task_rand_e0,summer,OfficeMedium-4146,-1422.8,-1422.8
OfficeMedium,task_rand_e0,summer,OfficeMedium-4150,-2101.0,-2101.0
OfficeMedium,task_rand_e0,summer,OfficeMedium-4151,-2308.2,-2308.2
OfficeMedium,task_rand_e0,summer,OfficeMedium-4152,-2131.2,-2131.2
OfficeMedium,task_rand_e0,summer,OfficeMedium-4153,-1731.2,-1731.2
OfficeMedium,task_rand_e0,summer,OfficeMedium-4158,-1747.1,-1747.1
OfficeMedium,task_rand_e0,summer,OfficeMedium-4168,-2168.7,-2168.7
OfficeMedium,task_rand_e0,summer,OfficeMedium-4260,-1757.7,-1757.7
OfficeMedium,task_rand_e0,summer,OfficeMedium-4275,-1420.0,-1420.0
OfficeMedium,task_rand_e0,summer,OfficeMedium-4279,-1477.2,-1477.2
OfficeMedium,task_rand_e0,summer,OfficeMedium-4296,-1395.7,-1395.7
OfficeMedium,task_rand_e0,summer,OfficeMedium-4297,-1733.9,-1733.9
OfficeMedium,task_rand_e0,summer,OfficeMedium-4300,-1604.1,-1604.1
OfficeMedium,task_rand_e0,summer,OfficeMedium-4332,-1727.8,-1727.8
OfficeMedium,task_rand_e0,summer,OfficeMedium-4365,-1753.7,-1753.7
OfficeMedium,task_rand_e0,summer,OfficeMedium-4389,-2180.5,-2180.5
OfficeMedium,task_rand_e0,summer,OfficeMedium-4391,-1426.2,-1426.2
OfficeMedium,task_rand_e0,summer,OfficeMedium-4398,-936.5,-936.5
OfficeMedium,task_rand_e0,summer,OfficeMedium-4414,-1677.2,-1677.2
OfficeMedium,task_rand_e0,summer,OfficeMedium-4421,-1452.3,-1452.3
OfficeMedium,task_rand_e0,summer,OfficeMedium-4430,-1476.4,-1476.4
OfficeMedium,task_rand_e0,summer,OfficeMedium-4445,-1516.8,-1516.8
OfficeMedium,task_rand_e0,summer,OfficeMedium-4455,-1438.0,-1438.0
OfficeMedium,task_rand_e0,summer,OfficeMedium-4459,-1679.0,-1679.0
OfficeMedium,task_rand_e0,summer,OfficeMedium-4468,-2084.1,-2084.1
OfficeMedium,task_rand_e0,summer,OfficeMedium-4488,-2288.3,-2288.3
OfficeMedium,task_rand_e0,summer,OfficeMedium-4502,-1458.8,-1458.8
OfficeMedium,task_rand_e0,summer,OfficeMedium-4511,-1673.7,-1673.7
OfficeMedium,task_rand_e0,summer,OfficeMedium-4523,-2156.3,-2156.3
OfficeMedium,task_rand_e0,summer,OfficeMedium-4537,-1458.3,-1458.3
OfficeMedium,task_rand_e0,summer,OfficeMedium-4554,-1544.1,-1544.1
OfficeMedium,task_rand_e0,summer,OfficeMedium-4570,-2409.6,-2409.6
OfficeMedium,task_rand_e0,summer,OfficeMedium-4576,-924.5,-924.5
OfficeMedium,task_rand_e0,summer,OfficeMedium-4585,-1614.0,-1614.0
OfficeMedium,task_rand_e0,summer,OfficeMedium-4588,-1827.0,-1827.0
OfficeMedium,task_rand_e0,summer,OfficeMedium-4590,-1815.8,-1815.8
OfficeMedium,task_rand_e0,summer,OfficeMedium-4608,-2138.6,-2138.6
OfficeMedium,task_rand_e0,summer,OfficeMedium-4621,-1131.9,-1131.9
OfficeMedium,task_rand_e0,summer,OfficeMedium-4625,-1783.7,-1783.7
OfficeMedium,task_rand_e0,summer,OfficeMedium-4631,-1662.9,-1662.9
OfficeMedium,task_rand_e0,summer,OfficeMedium-4641,-897.0,-897.0
OfficeMedium,task_rand_e0,summer,OfficeMedium-4642,-1466.8,-1466.8
OfficeMedium,task_rand_e0,summer,OfficeMedium-4643,-945.5,-945.5
OfficeMedium,task_rand_e0,summer,OfficeMedium-4670,-1780.0,-1780.0
OfficeMedium,task_rand_e0,summer,OfficeMedium-4680,-1171.8,-1171.8
OfficeMedium,task_rand_e0,summer,OfficeMedium-4688,-1416.5,-1416.5
OfficeMedium,task_rand_e0,summer,OfficeMedium-4691,-1698.0,-1698.0
OfficeMedium,task_rand_e0,summer,OfficeMedium-4692,-2241.5,-2241.5
OfficeMedium,task_rand_e0,summer,OfficeMedium-4693,-2148.6,-2148.6
OfficeMedium,task_rand_e0,summer,OfficeMedium-4695,-1477.5,-1477.5
OfficeMedium,task_rand_e0,summer,OfficeMedium-4697,-1730.9,-1730.9
OfficeMedium,task_rand_e0,summer,OfficeMedium-4700,-1651.4,-1651.4
OfficeMedium,task_rand_e0,summer,OfficeMedium-4712,-969.4,-969.4
OfficeMedium,task_rand_e0,summer,OfficeMedium-4731,-1428.3,-1428.3
OfficeMedium,task_rand_e0,summer,OfficeMedium-4745,-2362.1,-2362.1
OfficeMedium,task_rand_e0,summer,OfficeMedium-4777,-2203.0,-2203.0
OfficeMedium,task_rand_e0,summer,OfficeMedium-4782,-2143.0,-2143.0
OfficeMedium,task_rand_e0,summer,OfficeMedium-4787,-1495.7,-1495.7
OfficeMedium,task_rand_e0,summer,OfficeMedium-4795,-1463.4,-1463.4
OfficeMedium,task_rand_e0,summer,OfficeMedium-4796,-1912.7,-1912.7
OfficeMedium,task_rand_e0,summer,OfficeMedium-4799,-1658.6,-1658.6
OfficeMedium,task_rand_e0,summer,OfficeMedium-4805,-2308.1,-2308.1
OfficeMedium,task_rand_e0,summer,OfficeMedium-4834,-1682.3,-1682.3
OfficeMedium,task_rand_e0,summer,OfficeMedium-4860,-2087.0,-2087.0
OfficeMedium,task_rand_e0,summer,OfficeMedium-4861,-1568.9,-1568.9
OfficeMedium,task_rand_e0,summer,OfficeMedium-4869,-1502.8,-1502.8
OfficeMedium,task_rand_e0,summer,OfficeMedium-4872,-2117.4,-2117.4
OfficeMedium,task_rand_e0,summer,OfficeMedium-4873,-1784.9,-1784.9
OfficeMedium,task_rand_e0,summer,OfficeMedium-4883,-1507.5,-1507.5
OfficeMedium,task_rand_e0,summer,OfficeMedium-4890,-1207.0,-1207.0
OfficeMedium,task_rand_e0,summer,OfficeMedium-4898,-1815.7,-1815.7
OfficeMedium,task_rand_e0,summer,OfficeMedium-4901,-1623.8,-1623.8
OfficeMedium,task_rand_e0,summer,OfficeMedium-4906,-1460.2,-1460.2
OfficeMedium,task_rand_e0,summer,OfficeMedium-4925,-1755.2,-1755.2
OfficeMedium,task_rand_e0,summer,OfficeMedium-4931,-1638.6,-1638.6
OfficeMedium,task_rand_e0,summer,OfficeMedium-4947,-1767.1,-1767.1
OfficeMedium,task_rand_e0,summer,OfficeMedium-4949,-1711.3,-1711.3
OfficeMedium,task_rand_e0,summer,OfficeMedium-4958,-1135.0,-1135.0
OfficeMedium,task_rand_e0,summer,OfficeMedium-4963,-1766.3,-1766.3
OfficeMedium,task_rand_e0,summer,OfficeMedium-4970,-2171.4,-2171.4
OfficeMedium,task_rand_e0,summer,OfficeMedium-4976,-1493.9,-1493.9
OfficeMedium,task_rand_e0,summer,OfficeMedium-4987,-1680.3,-1680.3
OfficeMedium,task_rand_e0,summer,OfficeMedium-4991,-2209.3,-2209.3
OfficeMedium,task_rand_e0,summer,OfficeMedium-4997,-1356.4,-1356.4
OfficeMedium,task_rand_e0,summer,OfficeMedium-4998,-2153.8,-2153.8
OfficeMedium,task_rand_e0,summer,OfficeMedium-4999,-2127.4,-2127.4
OfficeMedium,task_rand_e0,summer,OfficeMedium-5000,-903.3,-903.3
OfficeMedium,task_rand_e0,winter,OfficeMedium-4037,-2181.2,-2181.2
OfficeMedium,task_rand_e0,winter,OfficeMedium-4040,-2311.2,-2311.2
OfficeMedium,task_rand_e0,winter,OfficeMedium-4041,-1885.5,-1885.5
OfficeMedium,task_rand_e0,winter,OfficeMedium-4047,-2574.5,-2574.5
OfficeMedium,task_rand_e0,winter,OfficeMedium-4051,-2743.4,-2743.4
OfficeMedium,task_rand_e0,winter,OfficeMedium-4055,-3383.6,-3383.6
OfficeMedium,task_rand_e0,winter,OfficeMedium-4067,-1831.8,-1831.8
OfficeMedium,task_rand_e0,winter,OfficeMedium-4070,-923.6,-923.6
OfficeMedium,task_rand_e0,winter,OfficeMedium-4093,-3272.6,-3272.6
OfficeMedium,task_rand_e0,winter,OfficeMedium-4126,-3162.2,-3162.2
OfficeMedium,task_rand_e0,winter,OfficeMedium-4130,-2202.9,-2202.9
OfficeMedium,task_rand_e0,winter,OfficeMedium-4138,-1315.2,-1315.2
OfficeMedium,task_rand_e0,winter,OfficeMedium-4142,-2105.4,-2105.4
OfficeMedium,task_rand_e0,winter,OfficeMedium-4146,-1804.9,-1804.9
OfficeMedium,task_rand_e0,winter,OfficeMedium-4150,-1994.9,-1994.9
OfficeMedium,task_rand_e0,winter,OfficeMedium-4151,-2501.2,-2501.2
OfficeMedium,task_rand_e0,winter,OfficeMedium-4152,-2138.8,-2138.8
OfficeMedium,task_rand_e0,winter,OfficeMedium-4153,-2261.3,-2261.3
OfficeMedium,task_rand_e0,winter,OfficeMedium-4158,-2219.9,-2219.9
OfficeMedium,task_rand_e0,winter,OfficeMedium-4168,-2094.7,-2094.7
OfficeMedium,task_rand_e0,winter,OfficeMedium-4260,-2336.5,-2336.5
OfficeMedium,task_rand_e0,winter,OfficeMedium-4275,-1749.6,-1749.6
OfficeMedium,task_rand_e0,winter,OfficeMedium-4279,-901.0,-901.0
OfficeMedium,task_rand_e0,winter,OfficeMedium-4296,-1784.4,-1784.4
OfficeMedium,task_rand_e0,winter,OfficeMedium-4297,-680.3,-680.3
OfficeMedium,task_rand_e0,winter,OfficeMedium-4300,-1870.2,-1870.2
OfficeMedium,task_rand_e0,winter,OfficeMedium-4332,-2315.1,-2315.1
OfficeMedium,task_rand_e0,winter,OfficeMedium-4365,-3555.1,-3555.1
OfficeMedium,task_rand_e0,winter,OfficeMedium-4389,-2035.5,-2035.5
OfficeMedium,task_rand_e0,winter,OfficeMedium-4391,-900.9,-900.9
OfficeMedium,task_rand_e0,winter,OfficeMedium-4398,-1163.1,-1163.1
OfficeMedium,task_rand_e0,winter,OfficeMedium-4414,-2294.0,-2294.0
OfficeMedium,task_rand_e0,winter,OfficeMedium-4421,-924.1,-924.1
OfficeMedium,task_rand_e0,winter,OfficeMedium-4430,-937.7,-937.7
OfficeMedium,task_rand_e0,winter,OfficeMedium-4445,-1784.1,-1784.1
OfficeMedium,task_rand_e0,winter,OfficeMedium-4455,-888.9,-888.9
OfficeMedium,task_rand_e0,winter,OfficeMedium-4459,-1844.0,-1844.0
OfficeMedium,task_rand_e0,winter,OfficeMedium-4468,-2143.7,-2143.7
OfficeMedium,task_rand_e0,winter,OfficeMedium-4488,-2647.0,-2647.0
OfficeMedium,task_rand_e0,winter,OfficeMedium-4502,-1633.2,-1633.2
OfficeMedium,task_rand_e0,winter,OfficeMedium-4511,-674.6,-674.6
OfficeMedium,task_rand_e0,winter,OfficeMedium-4523,-1997.7,-1997.7
OfficeMedium,task_rand_e0,winter,OfficeMedium-4537,-944.4,-944.4
OfficeMedium,task_rand_e0,winter,OfficeMedium-4554,-1862.7,-1862.7
OfficeMedium,task_rand_e0,winter,OfficeMedium-4570,-3388.7,-3388.7
OfficeMedium,task_rand_e0,winter,OfficeMedium-4576,-1284.2,-1284.2
OfficeMedium,task_rand_e0,winter,OfficeMedium-4585,-1776.5,-1776.5
OfficeMedium,task_rand_e0,winter,OfficeMedium-4588,-2524.6,-2524.6
OfficeMedium,task_rand_e0,winter,OfficeMedium-4590,-2462.2,-2462.2
OfficeMedium,task_rand_e0,winter,OfficeMedium-4608,-2337.0,-2337.0
OfficeMedium,task_rand_e0,winter,OfficeMedium-4621,-2282.5,-2282.5
OfficeMedium,task_rand_e0,winter,OfficeMedium-4625,-2634.0,-2634.0
OfficeMedium,task_rand_e0,winter,OfficeMedium-4631,-2120.4,-2120.4
OfficeMedium,task_rand_e0,winter,OfficeMedium-4641,-1311.8,-1311.8
OfficeMedium,task_rand_e0,winter,OfficeMedium-4642,-1979.7,-1979.7
OfficeMedium,task_rand_e0,winter,OfficeMedium-4643,-1297.4,-1297.4
OfficeMedium,task_rand_e0,winter,OfficeMedium-4670,-2501.2,-2501.2
OfficeMedium,task_rand_e0,winter,OfficeMedium-4680,-2218.4,-2218.4
OfficeMedium,task_rand_e0,winter,OfficeMedium-4688,-904.4,-904.4
OfficeMedium,task_rand_e0,winter,OfficeMedium-4691,-2116.6,-2116.6
OfficeMedium,task_rand_e0,winter,OfficeMedium-4692,-2090.7,-2090.7
OfficeMedium,task_rand_e0,winter,OfficeMedium-4693,-2000.3,-2000.3
OfficeMedium,task_rand_e0,winter,OfficeMedium-4695,-869.6,-869.6
OfficeMedium,task_rand_e0,winter,OfficeMedium-4697,-2286.6,-2286.6
OfficeMedium,task_rand_e0,winter,OfficeMedium-4700,-2522.4,-2522.4
OfficeMedium,task_rand_e0,winter,OfficeMedium-4712,-1135.5,-1135.5
OfficeMedium,task_rand_e0,winter,OfficeMedium-4731,-1705.0,-1705.0
OfficeMedium,task_rand_e0,winter,OfficeMedium-4745,-2242.7,-2242.7
OfficeMedium,task_rand_e0,winter,OfficeMedium-4777,-2232.1,-2232.1
OfficeMedium,task_rand_e0,winter,OfficeMedium-4782,-2044.0,-2044.0
OfficeMedium,task_rand_e0,winter,OfficeMedium-4787,-1662.1,-1662.1
OfficeMedium,task_rand_e0,winter,OfficeMedium-4795,-882.9,-882.9
OfficeMedium,task_rand_e0,winter,OfficeMedium-4796,-2665.7,-2665.7
OfficeMedium,task_rand_e0,winter,OfficeMedium-4799,-782.9,-782.9
OfficeMedium,task_rand_e0,winter,OfficeMedium-4805,-1925.9,-1925.9
OfficeMedium,task_rand_e0,winter,OfficeMedium-4834,-690.9,-690.9
OfficeMedium,task_rand_e0,winter,OfficeMedium-4860,-1947.8,-1947.8
OfficeMedium,task_rand_e0,winter,OfficeMedium-4861,-1612.4,-1612.4
OfficeMedium,task_rand_e0,winter,OfficeMedium-4869,-2011.0,-2011.0
OfficeMedium,task_rand_e0,winter,OfficeMedium-4872,-1940.4,-1940.4
OfficeMedium,task_rand_e0,winter,OfficeMedium-4873,-2632.8,-2632.8
OfficeMedium,task_rand_e0,winter,OfficeMedium-4883,-895.0,-895.0
OfficeMedium,task_rand_e0,winter,OfficeMedium-4890,-2259.5,-2259.5
OfficeMedium,task_rand_e0,winter,OfficeMedium-4898,-2485.2,-2485.2
OfficeMedium,task_rand_e0,winter,OfficeMedium-4901,-665.6,-665.6
OfficeMedium,task_rand_e0,winter,OfficeMedium-4906,-915.3,-915.3
OfficeMedium,task_rand_e0,winter,OfficeMedium-4925,-2140.6,-2140.6
OfficeMedium,task_rand_e0,winter,OfficeMedium-4931,-1730.1,-1730.1
OfficeMedium,task_rand_e0,winter,OfficeMedium-4947,-2328.2,-2328.2
OfficeMedium,task_rand_e0,winter,OfficeMedium-4949,-674.6,-674.6
OfficeMedium,task_rand_e0,winter,OfficeMedium-4958,-2406.8,-2406.8
OfficeMedium,task_rand_e0,winter,OfficeMedium-4963,-2345.1,-2345.1
OfficeMedium,task_rand_e0,winter,OfficeMedium-4970,-2139.4,-2139.4
OfficeMedium,task_rand_e0,winter,OfficeMedium-4976,-1714.9,-1714.9
OfficeMedium,task_rand_e0,winter,OfficeMedium-4987,-2209.1,-2209.1
OfficeMedium,task_rand_e0,winter,OfficeMedium-4991,-1951.5,-1951.5
OfficeMedium,task_rand_e0,winter,OfficeMedium-4997,-1772.5,-1772.5
OfficeMedium,task_rand_e0,winter,OfficeMedium-4998,-2052.7,-2052.7
OfficeMedium,task_rand_e0,winter,OfficeMedium-4999,-2064.4,-2064.4
OfficeMedium,task_rand_e0,winter,OfficeMedium-5000,-2101.2,-2101.2
OfficeMedium,task_rand_e05,full_year,OfficeMedium-4037,-355390.3,-355390.3
OfficeMedium,task_rand_e05,full_year,OfficeMedium-4040,-355257.2,-355257.2
OfficeMedium,task_rand_e05,full_year,OfficeMedium-4041,-342399.0,-342399.0
OfficeMedium,task_rand_e05,full_year,OfficeMedium-4047,-366421.0,-366421.0
OfficeMedium,task_rand_e05,full_year,OfficeMedium-4051,-373866.1,-373866.1
OfficeMedium,task_rand_e05,full_year,OfficeMedium-4055,-430472.3,-430472.3
OfficeMedium,task_rand_e05,full_year,OfficeMedium-4067,-403912.2,-403912.2
OfficeMedium,task_rand_e05,full_year,OfficeMedium-4070,-365845.7,-365845.7
OfficeMedium,task_rand_e05,full_year,OfficeMedium-4093,-405709.3,-405709.3
OfficeMedium,task_rand_e05,full_year,OfficeMedium-4126,-399933.1,-399933.1
OfficeMedium,task_rand_e05,full_year,OfficeMedium-4130,-336293.7,-336293.7
OfficeMedium,task_rand_e05,full_year,OfficeMedium-4138,-387593.4,-387593.4
OfficeMedium,task_rand_e05,full_year,OfficeMedium-4142,-328889.2,-328889.2
OfficeMedium,task_rand_e05,full_year,OfficeMedium-4146,-398744.5,-398744.5
OfficeMedium,task_rand_e05,full_year,OfficeMedium-4150,-329997.1,-329997.1
OfficeMedium,task_rand_e05,full_year,OfficeMedium-4151,-378813.4,-378813.4
OfficeMedium,task_rand_e05,full_year,OfficeMedium-4152,-355675.8,-355675.8
OfficeMedium,task_rand_e05,full_year,OfficeMedium-4153,-358020.7,-358020.7
OfficeMedium,task_rand_e05,full_year,OfficeMedium-4158,-337160.9,-337160.9
OfficeMedium,task_rand_e05,full_year,OfficeMedium-4168,-344930.7,-344930.7
OfficeMedium,task_rand_e05,full_year,OfficeMedium-4260,-361500.7,-361500.7
OfficeMedium,task_rand_e05,full_year,OfficeMedium-4275,-389485.2,-389485.2
OfficeMedium,task_rand_e05,full_year,OfficeMedium-4279,-326812.4,-326812.4
OfficeMedium,task_rand_e05,full_year,OfficeMedium-4296,-420092.3,-420092.3
OfficeMedium,task_rand_e05,full_year,OfficeMedium-4297,-368813.3,-368813.3
OfficeMedium,task_rand_e05,full_year,OfficeMedium-4300,-375818.4,-375818.4
OfficeMedium,task_rand_e05,full_year,OfficeMedium-4332,-351531.1,-351531.1
OfficeMedium,task_rand_e05,full_year,OfficeMedium-4365,-464617.5,-464617.5
OfficeMedium,task_rand_e05,full_year,OfficeMedium-4389,-378457.4,-378457.4
OfficeMedium,task_rand_e05,full_year,OfficeMedium-4391,-402743.4,-402743.4
OfficeMedium,task_rand_e05,full_year,OfficeMedium-4398,-340746.7,-340746.7
OfficeMedium,task_rand_e05,full_year,OfficeMedium-4414,-420731.3,-420731.3
OfficeMedium,task_rand_e05,full_year,OfficeMedium-4421,-330708.8,-330708.8
OfficeMedium,task_rand_e05,full_year,OfficeMedium-4430,-378127.0,-378127.0
OfficeMedium,task_rand_e05,full_year,OfficeMedium-4445,-398834.2,-398834.2
OfficeMedium,task_rand_e05,full_year,OfficeMedium-4455,-326684.2,-326684.2
OfficeMedium,task_rand_e05,full_year,OfficeMedium-4459,-405844.4,-405844.4
OfficeMedium,task_rand_e05,full_year,OfficeMedium-4468,-343900.6,-343900.6
OfficeMedium,task_rand_e05,full_year,OfficeMedium-4488,-404853.4,-404853.4
OfficeMedium,task_rand_e05,full_year,OfficeMedium-4502,-393325.0,-393325.0
OfficeMedium,task_rand_e05,full_year,OfficeMedium-4511,-321289.8,-321289.8
OfficeMedium,task_rand_e05,full_year,OfficeMedium-4523,-318118.7,-318118.7
OfficeMedium,task_rand_e05,full_year,OfficeMedium-4537,-356626.4,-356626.4
OfficeMedium,task_rand_e05,full_year,OfficeMedium-4554,-402865.7,-402865.7
OfficeMedium,task_rand_e05,full_year,OfficeMedium-4570,-443860.2,-443860.2
OfficeMedium,task_rand_e05,full_year,OfficeMedium-4576,-359624.4,-359624.4
OfficeMedium,task_rand_e05,full_year,OfficeMedium-4585,-459142.5,-459142.5
OfficeMedium,task_rand_e05,full_year,OfficeMedium-4588,-345924.3,-345924.3
OfficeMedium,task_rand_e05,full_year,OfficeMedium-4590,-320351.5,-320351.5
OfficeMedium,task_rand_e05,full_year,OfficeMedium-4608,-362949.8,-362949.8
OfficeMedium,task_rand_e05,full_year,OfficeMedium-4621,-354697.9,-354697.9
OfficeMedium,task_rand_e05,full_year,OfficeMedium-4625,-342578.6,-342578.6
OfficeMedium,task_rand_e05,full_year,OfficeMedium-4631,-348663.1,-348663.1
OfficeMedium,task_rand_e05,full_year,OfficeMedium-4641,-355139.2,-355139.2
OfficeMedium,task_rand_e05,full_year,OfficeMedium-4642,-450033.6,-450033.6
OfficeMedium,task_rand_e05,full_year,OfficeMedium-4643,-350055.4,-350055.4
OfficeMedium,task_rand_e05,full_year,OfficeMedium-4670,-326467.0,-326467.0
OfficeMedium,task_rand_e05,full_year,OfficeMedium-4680,-351584.7,-351584.7
OfficeMedium,task_rand_e05,full_year,OfficeMedium-4688,-381693.0,-381693.0
OfficeMedium,task_rand_e05,full_year,OfficeMedium-4691,-347862.8,-347862.8
OfficeMedium,task_rand_e05,full_year,OfficeMedium-4692,-328471.0,-328471.0
OfficeMedium,task_rand_e05,full_year,OfficeMedium-4693,-334534.0,-334534.0
OfficeMedium,task_rand_e05,full_year,OfficeMedium-4695,-337098.4,-337098.4
OfficeMedium,task_rand_e05,full_year,OfficeMedium-4697,-340190.2,-340190.2
OfficeMedium,task_rand_e05,full_year,OfficeMedium-4700,-389179.5,-389179.5
OfficeMedium,task_rand_e05,full_year,OfficeMedium-4712,-331452.9,-331452.9
OfficeMedium,task_rand_e05,full_year,OfficeMedium-4731,-390043.4,-390043.4
OfficeMedium,task_rand_e05,full_year,OfficeMedium-4745,-352557.2,-352557.2
OfficeMedium,task_rand_e05,full_year,OfficeMedium-4777,-411601.4,-411601.4
OfficeMedium,task_rand_e05,full_year,OfficeMedium-4782,-326333.9,-326333.9
OfficeMedium,task_rand_e05,full_year,OfficeMedium-4787,-385416.1,-385416.1
OfficeMedium,task_rand_e05,full_year,OfficeMedium-4795,-324893.0,-324893.0
OfficeMedium,task_rand_e05,full_year,OfficeMedium-4796,-381884.4,-381884.4
OfficeMedium,task_rand_e05,full_year,OfficeMedium-4799,-344621.1,-344621.1
OfficeMedium,task_rand_e05,full_year,OfficeMedium-4805,-327668.6,-327668.6
OfficeMedium,task_rand_e05,full_year,OfficeMedium-4834,-355432.1,-355432.1
OfficeMedium,task_rand_e05,full_year,OfficeMedium-4860,-337712.1,-337712.1
OfficeMedium,task_rand_e05,full_year,OfficeMedium-4861,-370469.4,-370469.4
OfficeMedium,task_rand_e05,full_year,OfficeMedium-4869,-427915.6,-427915.6
OfficeMedium,task_rand_e05,full_year,OfficeMedium-4872,-332608.4,-332608.4
OfficeMedium,task_rand_e05,full_year,OfficeMedium-4873,-367627.9,-367627.9
OfficeMedium,task_rand_e05,full_year,OfficeMedium-4883,-328869.3,-328869.3
OfficeMedium,task_rand_e05,full_year,OfficeMedium-4890,-337384.6,-337384.6
OfficeMedium,task_rand_e05,full_year,OfficeMedium-4898,-366099.7,-366099.7
OfficeMedium,task_rand_e05,full_year,OfficeMedium-4901,-316439.7,-316439.7
OfficeMedium,task_rand_e05,full_year,OfficeMedium-4906,-378389.9,-378389.9
OfficeMedium,task_rand_e05,full_year,OfficeMedium-4925,-335691.7,-335691.7
OfficeMedium,task_rand_e05,full_year,OfficeMedium-4931,-454980.6,-454980.6
OfficeMedium,task_rand_e05,full_year,OfficeMedium-4947,-328056.0,-328056.0
OfficeMedium,task_rand_e05,full_year,OfficeMedium-4949,-356959.7,-356959.7
OfficeMedium,task_rand_e05,full_year,OfficeMedium-4958,-353841.2,-353841.2
OfficeMedium,task_rand_e05,full_year,OfficeMedium-4963,-327201.9,-327201.9
OfficeMedium,task_rand_e05,full_year,OfficeMedium-4970,-334220.7,-334220.7
OfficeMedium,task_rand_e05,full_year,OfficeMedium-4976,-436363.8,-436363.8
OfficeMedium,task_rand_e05,full_year,OfficeMedium-4987,-379748.2,-379748.2
OfficeMedium,task_rand_e05,full_year,OfficeMedium-4991,-352005.7,-352005.7
OfficeMedium,task_rand_e05,full_year,OfficeMedium-4997,-391407.6,-391407.6
OfficeMedium,task_rand_e05,full_year,OfficeMedium-4998,-341010.5,-341010.5
OfficeMedium,task_rand_e05,full_year,OfficeMedium-4999,-340942.0,-340942.0
OfficeMedium,task_rand_e05,full_year,OfficeMedium-5000,-460385.0,-460385.0
OfficeMedium,task_rand_e05,summer,OfficeMedium-4037,-142517.1,-142517.1
OfficeMedium,task_rand_e05,summer,OfficeMedium-4040,-154866.6,-154866.6
OfficeMedium,task_rand_e05,summer,OfficeMedium-4041,-144275.2,-144275.2
OfficeMedium,task_rand_e05,summer,OfficeMedium-4047,-147282.2,-147282.2
OfficeMedium,task_rand_e05,summer,OfficeMedium-4051,-152030.2,-152030.2
OfficeMedium,task_rand_e05,summer,OfficeMedium-4055,-155080.0,-155080.0
OfficeMedium,task_rand_e05,summer,OfficeMedium-4067,-160058.2,-160058.2
OfficeMedium,task_rand_e05,summer,OfficeMedium-4070,-152657.4,-152657.4
OfficeMedium,task_rand_e05,summer,OfficeMedium-4093,-145980.0,-145980.0
OfficeMedium,task_rand_e05,summer,OfficeMedium-4126,-148321.8,-148321.8
OfficeMedium,task_rand_e05,summer,OfficeMedium-4130,-156495.5,-156495.5
OfficeMedium,task_rand_e05,summer,OfficeMedium-4138,-140010.5,-140010.5
OfficeMedium,task_rand_e05,summer,OfficeMedium-4142,-157319.3,-157319.3
OfficeMedium,task_rand_e05,summer,OfficeMedium-4146,-154899.2,-154899.2
OfficeMedium,task_rand_e05,summer,OfficeMedium-4150,-135398.9,-135398.9
OfficeMedium,task_rand_e05,summer,OfficeMedium-4151,-150175.9,-150175.9
OfficeMedium,task_rand_e05,summer,OfficeMedium-4152,-136968.9,-136968.9
OfficeMedium,task_rand_e05,summer,OfficeMedium-4153,-158755.1,-158755.1
OfficeMedium,task_rand_e05,summer,OfficeMedium-4158,-154767.3,-154767.3
OfficeMedium,task_rand_e05,summer,OfficeMedium-4168,-142560.3,-142560.3
OfficeMedium,task_rand_e05,summer,OfficeMedium-4260,-159177.7,-159177.7
OfficeMedium,task_rand_e05,summer,OfficeMedium-4275,-151773.6,-151773.6
OfficeMedium,task_rand_e05,summer,OfficeMedium-4279,-146015.1,-146015.1
OfficeMedium,task_rand_e05,summer,OfficeMedium-4296,-156580.8,-156580.8
OfficeMedium,task_rand_e05,summer,OfficeMedium-4297,-154080.9,-154080.9
OfficeMedium,task_rand_e05,summer,OfficeMedium-4300,-167749.9,-167749.9
OfficeMedium,task_rand_e05,summer,OfficeMedium-4332,-151494.2,-151494.2
OfficeMedium,task_rand_e05,summer,OfficeMedium-4365,-154269.5,-154269.5
OfficeMedium,task_rand_e05,summer,OfficeMedium-4389,-144680.3,-144680.3
OfficeMedium,task_rand_e05,summer,OfficeMedium-4391,-150618.4,-150618.4
OfficeMedium,task_rand_e05,summer,OfficeMedium-4398,-147775.4,-147775.4
OfficeMedium,task_rand_e05,summer,OfficeMedium-4414,-183070.9,-183070.9
OfficeMedium,task_rand_e05,summer,OfficeMedium-4421,-147634.9,-147634.9
OfficeMedium,task_rand_e05,summer,OfficeMedium-4430,-159218.6,-159218.6
OfficeMedium,task_rand_e05,summer,OfficeMedium-4445,-160628.1,-160628.1
OfficeMedium,task_rand_e05,summer,OfficeMedium-4455,-146651.0,-146651.0
OfficeMedium,task_rand_e05,summer,OfficeMedium-4459,-170627.6,-170627.6
OfficeMedium,task_rand_e05,summer,OfficeMedium-4468,-138559.3,-138559.3
OfficeMedium,task_rand_e05,summer,OfficeMedium-4488,-154622.2,-154622.2
OfficeMedium,task_rand_e05,summer,OfficeMedium-4502,-153799.4,-153799.4
OfficeMedium,task_rand_e05,summer,OfficeMedium-4511,-143269.5,-143269.5
OfficeMedium,task_rand_e05,summer,OfficeMedium-4523,-133913.3,-133913.3
OfficeMedium,task_rand_e05,summer,OfficeMedium-4537,-150393.0,-150393.0
OfficeMedium,task_rand_e05,summer,OfficeMedium-4554,-167978.1,-167978.1
OfficeMedium,task_rand_e05,summer,OfficeMedium-4570,-163407.4,-163407.4
OfficeMedium,task_rand_e05,summer,OfficeMedium-4576,-142687.2,-142687.2
OfficeMedium,task_rand_e05,summer,OfficeMedium-4585,-164838.5,-164838.5
OfficeMedium,task_rand_e05,summer,OfficeMedium-4588,-158382.2,-158382.2
OfficeMedium,task_rand_e05,summer,OfficeMedium-4590,-153027.6,-153027.6
OfficeMedium,task_rand_e05,summer,OfficeMedium-4608,-138821.6,-138821.6
OfficeMedium,task_rand_e05,summer,OfficeMedium-4621,-144384.5,-144384.5
OfficeMedium,task_rand_e05,summer,OfficeMedium-4625,-151858.8,-151858.8
OfficeMedium,task_rand_e05,summer,OfficeMedium-4631,-145603.1,-145603.1
OfficeMedium,task_rand_e05,summer,OfficeMedium-4641,-142899.0,-142899.0
OfficeMedium,task_rand_e05,summer,OfficeMedium-4642,-166160.0,-166160.0
OfficeMedium,task_rand_e05,summer,OfficeMedium-4643,-141456.9,-141456.9
OfficeMedium,task_rand_e05,summer,OfficeMedium-4670,-151480.6,-151480.6
OfficeMedium,task_rand_e05,summer,OfficeMedium-4680,-152513.3,-152513.3
OfficeMedium,task_rand_e05,summer,OfficeMedium-4688,-141461.3,-141461.3
OfficeMedium,task_rand_e05,summer,OfficeMedium-4691,-149597.3,-149597.3
OfficeMedium,task_rand_e05,summer,OfficeMedium-4692,-143551.9,-143551.9
OfficeMedium,task_rand_e05,summer,OfficeMedium-4693,-141115.2,-141115.2
OfficeMedium,task_rand_e05,summer,OfficeMedium-4695,-151874.7,-151874.7
OfficeMedium,task_rand_e05,summer,OfficeMedium-4697,-150078.4,-150078.4
OfficeMedium,task_rand_e05,summer,OfficeMedium-4700,-147444.7,-147444.7
OfficeMedium,task_rand_e05,summer,OfficeMedium-4712,-149764.5,-149764.5
OfficeMedium,task_rand_e05,summer,OfficeMedium-4731,-152626.1,-152626.1
OfficeMedium,task_rand_e05,summer,OfficeMedium-4745,-151150.7,-151150.7
OfficeMedium,task_rand_e05,summer,OfficeMedium-4777,-144595.7,-144595.7
OfficeMedium,task_rand_e05,summer,OfficeMedium-4782,-133753.4,-133753.4
OfficeMedium,task_rand_e05,summer,OfficeMedium-4787,-159265.4,-159265.4
OfficeMedium,task_rand_e05,summer,OfficeMedium-4795,-149293.2,-149293.2
OfficeMedium,task_rand_e05,summer,OfficeMedium-4796,-165949.8,-165949.8
OfficeMedium,task_rand_e05,summer,OfficeMedium-4799,-146863.8,-146863.8
OfficeMedium,task_rand_e05,summer,OfficeMedium-4805,-144151.6,-144151.6
OfficeMedium,task_rand_e05,summer,OfficeMedium-4834,-151292.7,-151292.7
OfficeMedium,task_rand_e05,summer,OfficeMedium-4860,-127597.2,-127597.2
OfficeMedium,task_rand_e05,summer,OfficeMedium-4861,-162417.3,-162417.3
OfficeMedium,task_rand_e05,summer,OfficeMedium-4869,-167172.6,-167172.6
OfficeMedium,task_rand_e05,summer,OfficeMedium-4872,-132327.5,-132327.5
OfficeMedium,task_rand_e05,summer,OfficeMedium-4873,-152436.1,-152436.1
OfficeMedium,task_rand_e05,summer,OfficeMedium-4883,-153241.2,-153241.2
OfficeMedium,task_rand_e05,summer,OfficeMedium-4890,-152999.0,-152999.0
OfficeMedium,task_rand_e05,summer,OfficeMedium-4898,-155464.3,-155464.3
OfficeMedium,task_rand_e05,summer,OfficeMedium-4901,-139239.8,-139239.8
OfficeMedium,task_rand_e05,summer,OfficeMedium-4906,-155198.7,-155198.7
OfficeMedium,task_rand_e05,summer,OfficeMedium-4925,-154346.6,-154346.6
OfficeMedium,task_rand_e05,summer,OfficeMedium-4931,-167712.0,-167712.0
OfficeMedium,task_rand_e05,summer,OfficeMedium-4947,-148924.3,-148924.3
OfficeMedium,task_rand_e05,summer,OfficeMedium-4949,-153263.4,-153263.4
OfficeMedium,task_rand_e05,summer,OfficeMedium-4958,-145262.2,-145262.2
OfficeMedium,task_rand_e05,summer,OfficeMedium-4963,-148910.6,-148910.6
OfficeMedium,task_rand_e05,summer,OfficeMedium-4970,-140954.6,-140954.6
OfficeMedium,task_rand_e05,summer,OfficeMedium-4976,-156597.0,-156597.0
OfficeMedium,task_rand_e05,summer,OfficeMedium-4987,-152497.3,-152497.3
OfficeMedium,task_rand_e05,summer,OfficeMedium-4991,-141515.7,-141515.7
OfficeMedium,task_rand_e05,summer,OfficeMedium-4997,-147450.3,-147450.3
OfficeMedium,task_rand_e05,summer,OfficeMedium-4998,-144441.1,-144441.1
OfficeMedium,task_rand_e05,summer,OfficeMedium-4999,-135512.3,-135512.3
OfficeMedium,task_rand_e05,summer,OfficeMedium-5000,-137682.9,-137682.9
OfficeMedium,task_rand_e05,winter,OfficeMedium-4037,-63985.0,-63985.0
OfficeMedium,task_rand_e05,winter,OfficeMedium-4040,-62634.7,-62634.7
OfficeMedium,task_rand_e05,winter,OfficeMedium-4041,-55826.8,-55826.8
OfficeMedium,task_rand_e05,winter,OfficeMedium-4047,-66102.6,-66102.6
OfficeMedium,task_rand_e05,winter,OfficeMedium-4051,-75715.0,-75715.0
OfficeMedium,task_rand_e05,winter,OfficeMedium-4055,-95399.1,-95399.1
OfficeMedium,task_rand_e05,winter,OfficeMedium-4067,-79999.1,-79999.1
OfficeMedium,task_rand_e05,winter,OfficeMedium-4070,-60694.2,-60694.2
OfficeMedium,task_rand_e05,winter,OfficeMedium-4093,-88831.9,-88831.9
OfficeMedium,task_rand_e05,winter,OfficeMedium-4126,-82359.4,-82359.4
OfficeMedium,task_rand_e05,winter,OfficeMedium-4130,-57372.1,-57372.1
OfficeMedium,task_rand_e05,winter,OfficeMedium-4138,-72719.8,-72719.8
OfficeMedium,task_rand_e05,winter,OfficeMedium-4142,-54649.7,-54649.7
OfficeMedium,task_rand_e05,winter,OfficeMedium-4146,-76646.8,-76646.8
OfficeMedium,task_rand_e05,winter,OfficeMedium-4150,-57836.6,-57836.6
OfficeMedium,task_rand_e05,winter,OfficeMedium-4151,-77243.5,-77243.5
OfficeMedium,task_rand_e05,winter,OfficeMedium-4152,-63038.7,-63038.7
OfficeMedium,task_rand_e05,winter,OfficeMedium-4153,-63836.2,-63836.2
OfficeMedium,task_rand_e05,winter,OfficeMedium-4158,-57931.2,-57931.2
OfficeMedium,task_rand_e05,winter,OfficeMedium-4168,-64232.5,-64232.5
OfficeMedium,task_rand_e05,winter,OfficeMedium-4260,-61294.3,-61294.3
OfficeMedium,task_rand_e05,winter,OfficeMedium-4275,-72008.8,-72008.8
OfficeMedium,task_rand_e05,winter,OfficeMedium-4279,-60440.1,-60440.1
OfficeMedium,task_rand_e05,winter,OfficeMedium-4296,-84854.1,-84854.1
OfficeMedium,task_rand_e05,winter,OfficeMedium-4297,-67864.1,-67864.1
OfficeMedium,task_rand_e05,winter,OfficeMedium-4300,-75724.9,-75724.9
OfficeMedium,task_rand_e05,winter,OfficeMedium-4332,-61860.3,-61860.3
OfficeMedium,task_rand_e05,winter,OfficeMedium-4365,-99570.4,-99570.4
OfficeMedium,task_rand_e05,winter,OfficeMedium-4389,-63609.6,-63609.6
OfficeMedium,task_rand_e05,winter,OfficeMedium-4391,-64145.9,-64145.9
OfficeMedium,task_rand_e05,winter,OfficeMedium-4398,-59356.5,-59356.5
OfficeMedium,task_rand_e05,winter,OfficeMedium-4414,-91250.0,-91250.0
OfficeMedium,task_rand_e05,winter,OfficeMedium-4421,-64207.6,-64207.6
OfficeMedium,task_rand_e05,winter,OfficeMedium-4430,-67436.4,-67436.4
OfficeMedium,task_rand_e05,winter,OfficeMedium-4445,-69561.4,-69561.4
OfficeMedium,task_rand_e05,winter,OfficeMedium-4455,-58035.5,-58035.5
OfficeMedium,task_rand_e05,winter,OfficeMedium-4459,-73908.7,-73908.7
OfficeMedium,task_rand_e05,winter,OfficeMedium-4468,-65096.6,-65096.6
OfficeMedium,task_rand_e05,winter,OfficeMedium-4488,-79904.4,-79904.4
OfficeMedium,task_rand_e05,winter,OfficeMedium-4502,-70718.7,-70718.7
OfficeMedium,task_rand_e05,winter,OfficeMedium-4511,-59080.5,-59080.5
OfficeMedium,task_rand_e05,winter,OfficeMedium-4523,-54877.4,-54877.4
OfficeMedium,task_rand_e05,winter,OfficeMedium-4537,-62213.6,-62213.6
OfficeMedium,task_rand_e05,winter,OfficeMedium-4554,-77598.3,-77598.3
OfficeMedium,task_rand_e05,winter,OfficeMedium-4570,-101506.4,-101506.4
OfficeMedium,task_rand_e05,winter,OfficeMedium-4576,-65281.2,-65281.2
OfficeMedium,task_rand_e05,winter,OfficeMedium-4585,-65474.4,-65474.4
OfficeMedium,task_rand_e05,winter,OfficeMedium-4588,-63565.1,-63565.1
OfficeMedium,task_rand_e05,winter,OfficeMedium-4590,-56769.9,-56769.9
OfficeMedium,task_rand_e05,winter,OfficeMedium-4608,-70788.5,-70788.5
OfficeMedium,task_rand_e05,winter,OfficeMedium-4621,-63428.4,-63428.4
OfficeMedium,task_rand_e05,winter,OfficeMedium-4625,-64708.8,-64708.8
OfficeMedium,task_rand_e05,winter,OfficeMedium-4631,-53838.9,-53838.9
OfficeMedium,task_rand_e05,winter,OfficeMedium-4641,-65449.8,-65449.8
OfficeMedium,task_rand_e05,winter,OfficeMedium-4642,-94476.7,-94476.7
OfficeMedium,task_rand_e05,winter,OfficeMedium-4643,-63513.7,-63513.7
OfficeMedium,task_rand_e05,winter,OfficeMedium-4670,-58934.6,-58934.6
OfficeMedium,task_rand_e05,winter,OfficeMedium-4680,-60258.2,-60258.2
OfficeMedium,task_rand_e05,winter,OfficeMedium-4688,-57155.7,-57155.7
OfficeMedium,task_rand_e05,winter,OfficeMedium-4691,-52370.4,-52370.4
OfficeMedium,task_rand_e05,winter,OfficeMedium-4692,-60852.4,-60852.4
OfficeMedium,task_rand_e05,winter,OfficeMedium-4693,-57495.3,-57495.3
OfficeMedium,task_rand_e05,winter,OfficeMedium-4695,-61064.4,-61064.4
OfficeMedium,task_rand_e05,winter,OfficeMedium-4697,-58746.8,-58746.8
OfficeMedium,task_rand_e05,winter,OfficeMedium-4700,-73692.4,-73692.4
OfficeMedium,task_rand_e05,winter,OfficeMedium-4712,-55874.9,-55874.9
OfficeMedium,task_rand_e05,winter,OfficeMedium-4731,-75002.5,-75002.5
OfficeMedium,task_rand_e05,winter,OfficeMedium-4745,-65365.1,-65365.1
OfficeMedium,task_rand_e05,winter,OfficeMedium-4777,-73214.9,-73214.9
OfficeMedium,task_rand_e05,winter,OfficeMedium-4782,-55968.3,-55968.3
OfficeMedium,task_rand_e05,winter,OfficeMedium-4787,-74568.3,-74568.3
OfficeMedium,task_rand_e05,winter,OfficeMedium-4795,-62899.7,-62899.7
OfficeMedium,task_rand_e05,winter,OfficeMedium-4796,-74609.4,-74609.4
OfficeMedium,task_rand_e05,winter,OfficeMedium-4799,-71158.6,-71158.6
OfficeMedium,task_rand_e05,winter,OfficeMedium-4805,-55427.3,-55427.3
OfficeMedium,task_rand_e05,winter,OfficeMedium-4834,-66570.0,-66570.0
OfficeMedium,task_rand_e05,winter,OfficeMedium-4860,-58069.4,-58069.4
OfficeMedium,task_rand_e05,winter,OfficeMedium-4861,-65950.4,-65950.4
OfficeMedium,task_rand_e05,winter,OfficeMedium-4869,-89225.5,-89225.5
OfficeMedium,task_rand_e05,winter,OfficeMedium-4872,-57086.4,-57086.4
OfficeMedium,task_rand_e05,winter,OfficeMedium-4873,-66093.2,-66093.2
OfficeMedium,task_rand_e05,winter,OfficeMedium-4883,-60430.8,-60430.8
OfficeMedium,task_rand_e05,winter,OfficeMedium-4890,-57345.9,-57345.9
OfficeMedium,task_rand_e05,winter,OfficeMedium-4898,-65431.6,-65431.6
OfficeMedium,task_rand_e05,winter,OfficeMedium-4901,-57020.1,-57020.1
OfficeMedium,task_rand_e05,winter,OfficeMedium-4906,-67245.9,-67245.9
OfficeMedium,task_rand_e05,winter,OfficeMedium-4925,-57486.8,-57486.8
OfficeMedium,task_rand_e05,winter,OfficeMedium-4931,-63990.3,-63990.3
OfficeMedium,task_rand_e05,winter,OfficeMedium-4947,-54267.7,-54267.7
OfficeMedium,task_rand_e05,winter,OfficeMedium-4949,-66664.4,-66664.4
OfficeMedium,task_rand_e05,winter,OfficeMedium-4958,-64319.2,-64319.2
OfficeMedium,task_rand_e05,winter,OfficeMedium-4963,-55844.0,-55844.0
OfficeMedium,task_rand_e05,winter,OfficeMedium-4970,-62999.7,-62999.7
OfficeMedium,task_rand_e05,winter,OfficeMedium-4976,-67083.3,-67083.3
OfficeMedium,task_rand_e05,winter,OfficeMedium-4987,-69756.8,-69756.8
OfficeMedium,task_rand_e05,winter,OfficeMedium-4991,-60056.0,-60056.0
OfficeMedium,task_rand_e05,winter,OfficeMedium-4997,-75394.6,-75394.6
OfficeMedium,task_rand_e05,winter,OfficeMedium-4998,-64619.8,-64619.8
OfficeMedium,task_rand_e05,winter,OfficeMedium-4999,-59281.9,-59281.9
OfficeMedium,task_rand_e05,winter,OfficeMedium-5000,-102741.1,-102741.1
OfficeSmall,task_const_e0,full_year,OfficeSmall-5014,-475.6,-475.6
OfficeSmall,task_const_e0,full_year,OfficeSmall-5017,-344.0,-344.0
OfficeSmall,task_const_e0,full_year,OfficeSmall-5022,-496.1,-496.1
OfficeSmall,task_const_e0,full_year,OfficeSmall-5024,-509.3,-509.3
OfficeSmall,task_const_e0,full_year,OfficeSmall-5036,-396.3,-396.3
OfficeSmall,task_const_e0,full_year,OfficeSmall-5041,-886.5,-886.5
OfficeSmall,task_const_e0,full_year,OfficeSmall-5053,-474.4,-474.4
OfficeSmall,task_const_e0,full_year,OfficeSmall-5060,-523.7,-523.7
OfficeSmall,task_const_e0,full_year,OfficeSmall-5072,-511.7,-511.7
OfficeSmall,task_const_e0,full_year,OfficeSmall-5077,-325.6,-325.6
OfficeSmall,task_const_e0,full_year,OfficeSmall-5089,-444.6,-444.6
OfficeSmall,task_const_e0,full_year,OfficeSmall-5095,-666.9,-666.9
OfficeSmall,task_const_e0,full_year,OfficeSmall-5108,-425.2,-425.2
OfficeSmall,task_const_e0,full_year,OfficeSmall-5130,-1315.8,-1315.8
OfficeSmall,task_const_e0,full_year,OfficeSmall-5142,-321.6,-321.6
OfficeSmall,task_const_e0,full_year,OfficeSmall-5149,-417.7,-417.7
OfficeSmall,task_const_e0,full_year,OfficeSmall-5150,-545.5,-545.5
OfficeSmall,task_const_e0,full_year,OfficeSmall-5156,-396.3,-396.3
OfficeSmall,task_const_e0,full_year,OfficeSmall-5167,-316.4,-316.4
OfficeSmall,task_const_e0,full_year,OfficeSmall-5171,-344.2,-344.2
OfficeSmall,task_const_e0,full_year,OfficeSmall-5191,-480.6,-480.6
OfficeSmall,task_const_e0,full_year,OfficeSmall-5198,-413.0,-413.0
OfficeSmall,task_const_e0,full_year,OfficeSmall-5236,-624.2,-624.2
OfficeSmall,task_const_e0,full_year,OfficeSmall-5240,-577.7,-577.7
OfficeSmall,task_const_e0,full_year,OfficeSmall-5241,-388.4,-388.4
OfficeSmall,task_const_e0,full_year,OfficeSmall-5248,-443.5,-443.5
OfficeSmall,task_const_e0,full_year,OfficeSmall-5249,-431.2,-431.2
OfficeSmall,task_const_e0,full_year,OfficeSmall-5253,-1166.1,-1166.1
OfficeSmall,task_const_e0,full_year,OfficeSmall-5260,-313.6,-313.6
OfficeSmall,task_const_e0,full_year,OfficeSmall-5261,-569.7,-569.7
OfficeSmall,task_const_e0,full_year,OfficeSmall-5263,-449.7,-449.7
OfficeSmall,task_const_e0,full_year,OfficeSmall-5287,-435.8,-435.8
OfficeSmall,task_const_e0,full_year,OfficeSmall-5295,-326.1,-326.1
OfficeSmall,task_const_e0,full_year,OfficeSmall-5304,-346.5,-346.5
OfficeSmall,task_const_e0,full_year,OfficeSmall-5316,-1426.6,-1426.6
OfficeSmall,task_const_e0,full_year,OfficeSmall-5329,-535.0,-535.0
OfficeSmall,task_const_e0,full_year,OfficeSmall-5339,-615.4,-615.4
OfficeSmall,task_const_e0,full_year,OfficeSmall-5370,-583.2,-583.2
OfficeSmall,task_const_e0,full_year,OfficeSmall-5420,-428.4,-428.4
OfficeSmall,task_const_e0,full_year,OfficeSmall-5437,-463.1,-463.1
OfficeSmall,task_const_e0,full_year,OfficeSmall-5447,-410.0,-410.0
OfficeSmall,task_const_e0,full_year,OfficeSmall-5450,-348.7,-348.7
OfficeSmall,task_const_e0,full_year,OfficeSmall-5454,-421.4,-421.4
OfficeSmall,task_const_e0,full_year,OfficeSmall-5467,-334.0,-334.0
OfficeSmall,task_const_e0,full_year,OfficeSmall-5469,-853.8,-853.8
OfficeSmall,task_const_e0,full_year,OfficeSmall-5497,-388.3,-388.3
OfficeSmall,task_const_e0,full_year,OfficeSmall-5506,-1344.9,-1344.9
OfficeSmall,task_const_e0,full_year,OfficeSmall-5548,-409.3,-409.3
OfficeSmall,task_const_e0,full_year,OfficeSmall-5559,-325.7,-325.7
OfficeSmall,task_const_e0,full_year,OfficeSmall-5564,-442.5,-442.5
OfficeSmall,task_const_e0,full_year,OfficeSmall-5576,-359.2,-359.2
OfficeSmall,task_const_e0,full_year,OfficeSmall-5584,-342.8,-342.8
OfficeSmall,task_const_e0,full_year,OfficeSmall-5594,-929.0,-929.0
OfficeSmall,task_const_e0,full_year,OfficeSmall-5624,-476.3,-476.3
OfficeSmall,task_const_e0,full_year,OfficeSmall-5640,-530.3,-530.3
OfficeSmall,task_const_e0,full_year,OfficeSmall-5643,-293.2,-293.2
OfficeSmall,task_const_e0,full_year,OfficeSmall-5652,-292.7,-292.7
OfficeSmall,task_const_e0,full_year,OfficeSmall-5656,-511.3,-511.3
OfficeSmall,task_const_e0,full_year,OfficeSmall-5670,-337.5,-337.5
OfficeSmall,task_const_e0,full_year,OfficeSmall-5675,-533.6,-533.6
OfficeSmall,task_const_e0,full_year,OfficeSmall-5689,-303.8,-303.8
OfficeSmall,task_const_e0,full_year,OfficeSmall-5691,-317.6,-317.6
OfficeSmall,task_const_e0,full_year,OfficeSmall-5694,-358.1,-358.1
OfficeSmall,task_const_e0,full_year,OfficeSmall-5724,-442.5,-442.5
OfficeSmall,task_const_e0,full_year,OfficeSmall-5725,-423.5,-423.5
OfficeSmall,task_const_e0,full_year,OfficeSmall-5730,-313.9,-313.9
OfficeSmall,task_const_e0,full_year,OfficeSmall-5731,-443.6,-443.6
OfficeSmall,task_const_e0,full_year,OfficeSmall-5737,-356.7,-356.7
OfficeSmall,task_const_e0,full_year,OfficeSmall-5761,-465.9,-465.9
OfficeSmall,task_const_e0,full_year,OfficeSmall-5763,-336.8,-336.8
OfficeSmall,task_const_e0,full_year,OfficeSmall-5764,-371.0,-371.0
OfficeSmall,task_const_e0,full_year,OfficeSmall-5790,-408.4,-408.4
OfficeSmall,task_const_e0,full_year,OfficeSmall-5794,-427.4,-427.4
OfficeSmall,task_const_e0,full_year,OfficeSmall-5801,-361.6,-361.6
OfficeSmall,task_const_e0,full_year,OfficeSmall-5804,-385.1,-385.1
OfficeSmall,task_const_e0,full_year,OfficeSmall-5812,-449.7,-449.7
OfficeSmall,task_const_e0,full_year,OfficeSmall-5815,-339.5,-339.5
OfficeSmall,task_const_e0,full_year,OfficeSmall-5818,-427.8,-427.8
OfficeSmall,task_const_e0,full_year,OfficeSmall-5824,-404.7,-404.7
OfficeSmall,task_const_e0,full_year,OfficeSmall-5827,-570.0,-570.0
OfficeSmall,task_const_e0,full_year,OfficeSmall-5830,-464.5,-464.5
OfficeSmall,task_const_e0,full_year,OfficeSmall-5831,-417.7,-417.7
OfficeSmall,task_const_e0,full_year,OfficeSmall-5843,-367.8,-367.8
OfficeSmall,task_const_e0,full_year,OfficeSmall-5851,-693.3,-693.3
OfficeSmall,task_const_e0,full_year,OfficeSmall-5886,-819.5,-819.5
OfficeSmall,task_const_e0,full_year,OfficeSmall-5889,-1244.3,-1244.3
OfficeSmall,task_const_e0,full_year,OfficeSmall-5893,-1581.6,-1581.6
OfficeSmall,task_const_e0,full_year,OfficeSmall-5904,-408.5,-408.5
OfficeSmall,task_const_e0,full_year,OfficeSmall-5907,-323.3,-323.3
OfficeSmall,task_const_e0,full_year,OfficeSmall-5910,-521.9,-521.9
OfficeSmall,task_const_e0,full_year,OfficeSmall-5916,-553.4,-553.4
OfficeSmall,task_const_e0,full_year,OfficeSmall-5919,-450.3,-450.3
OfficeSmall,task_const_e0,full_year,OfficeSmall-5923,-523.5,-523.5
OfficeSmall,task_const_e0,full_year,OfficeSmall-5961,-315.6,-315.6
OfficeSmall,task_const_e0,full_year,OfficeSmall-5968,-621.6,-621.6
OfficeSmall,task_const_e0,full_year,OfficeSmall-5996,-342.8,-342.8
OfficeSmall,task_const_e0,full_year,OfficeSmall-5997,-421.8,-421.8
OfficeSmall,task_const_e0,full_year,OfficeSmall-5998,-422.7,-422.7
OfficeSmall,task_const_e0,full_year,OfficeSmall-5999,-429.9,-429.9
OfficeSmall,task_const_e0,full_year,OfficeSmall-6000,-362.7,-362.7
OfficeSmall,task_const_e0,summer,OfficeSmall-5014,-267.4,-267.4
OfficeSmall,task_const_e0,summer,OfficeSmall-5017,-180.4,-180.4
OfficeSmall,task_const_e0,summer,OfficeSmall-5022,-280.8,-280.8
OfficeSmall,task_const_e0,summer,OfficeSmall-5024,-382.1,-382.1
OfficeSmall,task_const_e0,summer,OfficeSmall-5036,-260.4,-260.4
OfficeSmall,task_const_e0,summer,OfficeSmall-5041,-420.5,-420.5
OfficeSmall,task_const_e0,summer,OfficeSmall-5053,-274.8,-274.8
OfficeSmall,task_const_e0,summer,OfficeSmall-5060,-184.5,-184.5
OfficeSmall,task_const_e0,summer,OfficeSmall-5072,-189.1,-189.1
OfficeSmall,task_const_e0,summer,OfficeSmall-5077,-157.0,-157.0
OfficeSmall,task_const_e0,summer,OfficeSmall-5089,-246.9,-246.9
OfficeSmall,task_const_e0,summer,OfficeSmall-5095,-311.3,-311.3
OfficeSmall,task_const_e0,summer,OfficeSmall-5108,-382.3,-382.3
OfficeSmall,task_const_e0,summer,OfficeSmall-5130,-279.6,-279.6
OfficeSmall,task_const_e0,summer,OfficeSmall-5142,-158.7,-158.7
OfficeSmall,task_const_e0,summer,OfficeSmall-5149,-380.9,-380.9
OfficeSmall,task_const_e0,summer,OfficeSmall-5150,-267.6,-267.6
OfficeSmall,task_const_e0,summer,OfficeSmall-5156,-263.7,-263.7
OfficeSmall,task_const_e0,summer,OfficeSmall-5167,-159.0,-159.0
OfficeSmall,task_const_e0,summer,OfficeSmall-5171,-175.8,-175.8
OfficeSmall,task_const_e0,summer,OfficeSmall-5191,-359.2,-359.2
OfficeSmall,task_const_e0,summer,OfficeSmall-5198,-265.8,-265.8
OfficeSmall,task_const_e0,summer,OfficeSmall-5236,-523.5,-523.5
OfficeSmall,task_const_e0,summer,OfficeSmall-5240,-279.3,-279.3
OfficeSmall,task_const_e0,summer,OfficeSmall-5241,-325.8,-325.8
OfficeSmall,task_const_e0,summer,OfficeSmall-5248,-250.1,-250.1
OfficeSmall,task_const_e0,summer,OfficeSmall-5249,-257.7,-257.7
OfficeSmall,task_const_e0,summer,OfficeSmall-5253,-354.3,-354.3
OfficeSmall,task_const_e0,summer,OfficeSmall-5260,-159.8,-159.8
OfficeSmall,task_const_e0,summer,OfficeSmall-5261,-304.6,-304.6
OfficeSmall,task_const_e0,summer,OfficeSmall-5263,-403.2,-403.2
OfficeSmall,task_const_e0,summer,OfficeSmall-5287,-257.5,-257.5
OfficeSmall,task_const_e0,summer,OfficeSmall-5295,-158.6,-158.6
OfficeSmall,task_const_e0,summer,OfficeSmall-5304,-178.4,-178.4
OfficeSmall,task_const_e0,summer,OfficeSmall-5316,-475.1,-475.1
OfficeSmall,task_const_e0,summer,OfficeSmall-5329,-400.1,-400.1
OfficeSmall,task_const_e0,summer,OfficeSmall-5339,-313.8,-313.8
OfficeSmall,task_const_e0,summer,OfficeSmall-5370,-321.2,-321.2
OfficeSmall,task_const_e0,summer,OfficeSmall-5420,-275.8,-275.8
OfficeSmall,task_const_e0,summer,OfficeSmall-5437,-180.5,-180.5
OfficeSmall,task_const_e0,summer,OfficeSmall-5447,-382.4,-382.4
OfficeSmall,task_const_e0,summer,OfficeSmall-5450,-178.7,-178.7
OfficeSmall,task_const_e0,summer,OfficeSmall-5454,-256.4,-256.4
OfficeSmall,task_const_e0,summer,OfficeSmall-5467,-153.2,-153.2
OfficeSmall,task_const_e0,summer,OfficeSmall-5469,-281.3,-281.3
OfficeSmall,task_const_e0,summer,OfficeSmall-5497,-284.4,-284.4
OfficeSmall,task_const_e0,summer,OfficeSmall-5506,-365.7,-365.7
OfficeSmall,task_const_e0,summer,OfficeSmall-5548,-276.7,-276.7
OfficeSmall,task_const_e0,summer,OfficeSmall-5559,-149.5,-149.5
OfficeSmall,task_const_e0,summer,OfficeSmall-5564,-424.5,-424.5
OfficeSmall,task_const_e0,summer,OfficeSmall-5576,-176.5,-176.5
OfficeSmall,task_const_e0,summer,OfficeSmall-5584,-175.9,-175.9
OfficeSmall,task_const_e0,summer,OfficeSmall-5594,-640.7,-640.7
OfficeSmall,task_const_e0,summer,OfficeSmall-5624,-448.3,-448.3
OfficeSmall,task_const_e0,summer,OfficeSmall-5640,-409.1,-409.1
OfficeSmall,task_const_e0,summer,OfficeSmall-5643,-149.3,-149.3
OfficeSmall,task_const_e0,summer,OfficeSmall-5652,-151.5,-151.5
OfficeSmall,task_const_e0,summer,OfficeSmall-5656,-187.7,-187.7
OfficeSmall,task_const_e0,summer,OfficeSmall-5670,-153.0,-153.0
OfficeSmall,task_const_e0,summer,OfficeSmall-5675,-279.9,-279.9
OfficeSmall,task_const_e0,summer,OfficeSmall-5689,-158.9,-158.9
OfficeSmall,task_const_e0,summer,OfficeSmall-5691,-160.0,-160.0
OfficeSmall,task_const_e0,summer,OfficeSmall-5694,-164.9,-164.9
OfficeSmall,task_const_e0,summer,OfficeSmall-5724,-267.3,-267.3
OfficeSmall,task_const_e0,summer,OfficeSmall-5725,-271.8,-271.8
OfficeSmall,task_const_e0,summer,OfficeSmall-5730,-159.4,-159.4
OfficeSmall,task_const_e0,summer,OfficeSmall-5731,-260.4,-260.4
OfficeSmall,task_const_e0,summer,OfficeSmall-5737,-151.9,-151.9
OfficeSmall,task_const_e0,summer,OfficeSmall-5761,-177.8,-177.8
OfficeSmall,task_const_e0,summer,OfficeSmall-5763,-176.2,-176.2
OfficeSmall,task_const_e0,summer,OfficeSmall-5764,-179.1,-179.1
OfficeSmall,task_const_e0,summer,OfficeSmall-5790,-183.3,-183.3
OfficeSmall,task_const_e0,summer,OfficeSmall-5794,-275.7,-275.7
OfficeSmall,task_const_e0,summer,OfficeSmall-5801,-163.0,-163.0
OfficeSmall,task_const_e0,summer,OfficeSmall-5804,-181.0,-181.0
OfficeSmall,task_const_e0,summer,OfficeSmall-5812,-182.0,-182.0
OfficeSmall,task_const_e0,summer,OfficeSmall-5815,-178.8,-178.8
OfficeSmall,task_const_e0,summer,OfficeSmall-5818,-374.2,-374.2
OfficeSmall,task_const_e0,summer,OfficeSmall-5824,-272.4,-272.4
OfficeSmall,task_const_e0,summer,OfficeSmall-5827,-271.2,-271.2
OfficeSmall,task_const_e0,summer,OfficeSmall-5830,-391.5,-391.5
OfficeSmall,task_const_e0,summer,OfficeSmall-5831,-359.1,-359.1
OfficeSmall,task_const_e0,summer,OfficeSmall-5843,-189.2,-189.2
OfficeSmall,task_const_e0,summer,OfficeSmall-5851,-265.9,-265.9
OfficeSmall,task_const_e0,summer,OfficeSmall-5886,-436.1,-436.1
OfficeSmall,task_const_e0,summer,OfficeSmall-5889,-332.3,-332.3
OfficeSmall,task_const_e0,summer,OfficeSmall-5893,-390.3,-390.3
OfficeSmall,task_const_e0,summer,OfficeSmall-5904,-356.5,-356.5
OfficeSmall,task_const_e0,summer,OfficeSmall-5907,-155.2,-155.2
OfficeSmall,task_const_e0,summer,OfficeSmall-5910,-286.3,-286.3
OfficeSmall,task_const_e0,summer,OfficeSmall-5916,-245.3,-245.3
OfficeSmall,task_const_e0,summer,OfficeSmall-5919,-273.4,-273.4
OfficeSmall,task_const_e0,summer,OfficeSmall-5923,-278.5,-278.5
OfficeSmall,task_const_e0,summer,OfficeSmall-5961,-154.8,-154.8
OfficeSmall,task_const_e0,summer,OfficeSmall-5968,-303.2,-303.2
OfficeSmall,task_const_e0,summer,OfficeSmall-5996,-178.8,-178.8
OfficeSmall,task_const_e0,summer,OfficeSmall-5997,-397.1,-397.1
OfficeSmall,task_const_e0,summer,OfficeSmall-5998,-386.0,-386.0
OfficeSmall,task_const_e0,summer,OfficeSmall-5999,-261.3,-261.3
OfficeSmall,task_const_e0,summer,OfficeSmall-6000,-187.8,-187.8
OfficeSmall,task_const_e0,winter,OfficeSmall-5014,-119.0,-119.0
OfficeSmall,task_const_e0,winter,OfficeSmall-5017,-81.7,-81.7
OfficeSmall,task_const_e0,winter,OfficeSmall-5022,-149.3,-149.3
OfficeSmall,task_const_e0,winter,OfficeSmall-5024,-116.6,-116.6
OfficeSmall,task_const_e0,winter,OfficeSmall-5036,-104.3,-104.3
OfficeSmall,task_const_e0,winter,OfficeSmall-5041,-205.6,-205.6
OfficeSmall,task_const_e0,winter,OfficeSmall-5053,-127.4,-127.4
OfficeSmall,task_const_e0,winter,OfficeSmall-5060,-181.8,-181.8
OfficeSmall,task_const_e0,winter,OfficeSmall-5072,-163.6,-163.6
OfficeSmall,task_const_e0,winter,OfficeSmall-5077,-79.8,-79.8
OfficeSmall,task_const_e0,winter,OfficeSmall-5089,-128.5,-128.5
OfficeSmall,task_const_e0,winter,OfficeSmall-5095,-142.5,-142.5
OfficeSmall,task_const_e0,winter,OfficeSmall-5108,-100.5,-100.5
OfficeSmall,task_const_e0,winter,OfficeSmall-5130,-617.4,-617.4
OfficeSmall,task_const_e0,winter,OfficeSmall-5142,-79.3,-79.3
OfficeSmall,task_const_e0,winter,OfficeSmall-5149,-93.5,-93.5
OfficeSmall,task_const_e0,winter,OfficeSmall-5150,-176.6,-176.6
OfficeSmall,task_const_e0,winter,OfficeSmall-5156,-102.0,-102.0
OfficeSmall,task_const_e0,winter,OfficeSmall-5167,-79.2,-79.2
OfficeSmall,task_const_e0,winter,OfficeSmall-5171,-82.7,-82.7
OfficeSmall,task_const_e0,winter,OfficeSmall-5191,-108.6,-108.6
OfficeSmall,task_const_e0,winter,OfficeSmall-5198,-108.5,-108.5
OfficeSmall,task_const_e0,winter,OfficeSmall-5236,-195.6,-195.6
OfficeSmall,task_const_e0,winter,OfficeSmall-5240,-186.5,-186.5
OfficeSmall,task_const_e0,winter,OfficeSmall-5241,-103.0,-103.0
OfficeSmall,task_const_e0,winter,OfficeSmall-5248,-128.6,-128.6
OfficeSmall,task_const_e0,winter,OfficeSmall-5249,-116.1,-116.1
OfficeSmall,task_const_e0,winter,OfficeSmall-5253,-679.8,-679.8
OfficeSmall,task_const_e0,winter,OfficeSmall-5260,-79.1,-79.1
OfficeSmall,task_const_e0,winter,OfficeSmall-5261,-132.9,-132.9
OfficeSmall,task_const_e0,winter,OfficeSmall-5263,-107.5,-107.5
OfficeSmall,task_const_e0,winter,OfficeSmall-5287,-138.4,-138.4
OfficeSmall,task_const_e0,winter,OfficeSmall-5295,-80.1,-80.1
OfficeSmall,task_const_e0,winter,OfficeSmall-5304,-87.0,-87.0
OfficeSmall,task_const_e0,winter,OfficeSmall-5316,-807.7,-807.7
OfficeSmall,task_const_e0,winter,OfficeSmall-5329,-130.6,-130.6
OfficeSmall,task_const_e0,winter,OfficeSmall-5339,-146.1,-146.1
OfficeSmall,task_const_e0,winter,OfficeSmall-5370,-129.7,-129.7
OfficeSmall,task_const_e0,winter,OfficeSmall-5420,-124.9,-124.9
OfficeSmall,task_const_e0,winter,OfficeSmall-5437,-145.7,-145.7
OfficeSmall,task_const_e0,winter,OfficeSmall-5447,-96.5,-96.5
OfficeSmall,task_const_e0,winter,OfficeSmall-5450,-82.4,-82.4
OfficeSmall,task_const_e0,winter,OfficeSmall-5454,-115.7,-115.7
OfficeSmall,task_const_e0,winter,OfficeSmall-5467,-87.8,-87.8
OfficeSmall,task_const_e0,winter,OfficeSmall-5469,-355.9,-355.9
OfficeSmall,task_const_e0,winter,OfficeSmall-5497,-95.4,-95.4
OfficeSmall,task_const_e0,winter,OfficeSmall-5506,-148.7,-148.7
OfficeSmall,task_const_e0,winter,OfficeSmall-5548,-99.9,-99.9
OfficeSmall,task_const_e0,winter,OfficeSmall-5559,-84.5,-84.5
OfficeSmall,task_const_e0,winter,OfficeSmall-5564,-102.7,-102.7
OfficeSmall,task_const_e0,winter,OfficeSmall-5576,-95.4,-95.4
OfficeSmall,task_const_e0,winter,OfficeSmall-5584,-81.9,-81.9
OfficeSmall,task_const_e0,winter,OfficeSmall-5594,-164.1,-164.1
OfficeSmall,task_const_e0,winter,OfficeSmall-5624,-96.8,-96.8
OfficeSmall,task_const_e0,winter,OfficeSmall-5640,-140.5,-140.5
OfficeSmall,task_const_e0,winter,OfficeSmall-5643,-74.6,-74.6
OfficeSmall,task_const_e0,winter,OfficeSmall-5652,-77.1,-77.1
OfficeSmall,task_const_e0,winter,OfficeSmall-5656,-166.5,-166.5
OfficeSmall,task_const_e0,winter,OfficeSmall-5670,-90.0,-90.0
OfficeSmall,task_const_e0,winter,OfficeSmall-5675,-217.1,-217.1
OfficeSmall,task_const_e0,winter,OfficeSmall-5689,-75.9,-75.9
OfficeSmall,task_const_e0,winter,OfficeSmall-5691,-77.8,-77.8
OfficeSmall,task_const_e0,winter,OfficeSmall-5694,-98.7,-98.7
OfficeSmall,task_const_e0,winter,OfficeSmall-5724,-125.2,-125.2
OfficeSmall,task_const_e0,winter,OfficeSmall-5725,-106.9,-106.9
OfficeSmall,task_const_e0,winter,OfficeSmall-5730,-79.5,-79.5
OfficeSmall,task_const_e0,winter,OfficeSmall-5731,-117.7,-117.7
OfficeSmall,task_const_e0,winter,OfficeSmall-5737,-100.3,-100.3
OfficeSmall,task_const_e0,winter,OfficeSmall-5761,-154.0,-154.0
OfficeSmall,task_const_e0,winter,OfficeSmall-5763,-80.9,-80.9
OfficeSmall,task_const_e0,winter,OfficeSmall-5764,-108.5,-108.5
OfficeSmall,task_const_e0,winter,OfficeSmall-5790,-124.9,-124.9
OfficeSmall,task_const_e0,winter,OfficeSmall-5794,-125.1,-125.1
OfficeSmall,task_const_e0,winter,OfficeSmall-5801,-102.4,-102.4
OfficeSmall,task_const_e0,winter,OfficeSmall-5804,-104.2,-104.2
OfficeSmall,task_const_e0,winter,OfficeSmall-5812,-141.9,-141.9
OfficeSmall,task_const_e0,winter,OfficeSmall-5815,-87.0,-87.0
OfficeSmall,task_const_e0,winter,OfficeSmall-5818,-111.9,-111.9
OfficeSmall,task_const_e0,winter,OfficeSmall-5824,-99.8,-99.8
OfficeSmall,task_const_e0,winter,OfficeSmall-5827,-184.7,-184.7
OfficeSmall,task_const_e0,winter,OfficeSmall-5830,-106.0,-106.0
OfficeSmall,task_const_e0,winter,OfficeSmall-5831,-98.6,-98.6
OfficeSmall,task_const_e0,winter,OfficeSmall-5843,-88.3,-88.3
OfficeSmall,task_const_e0,winter,OfficeSmall-5851,-187.9,-187.9
OfficeSmall,task_const_e0,winter,OfficeSmall-5886,-369.1,-369.1
OfficeSmall,task_const_e0,winter,OfficeSmall-5889,-768.1,-768.1
OfficeSmall,task_const_e0,winter,OfficeSmall-5893,-1045.9,-1045.9
OfficeSmall,task_const_e0,winter,OfficeSmall-5904,-107.0,-107.0
OfficeSmall,task_const_e0,winter,OfficeSmall-5907,-79.5,-79.5
OfficeSmall,task_const_e0,winter,OfficeSmall-5910,-144.7,-144.7
OfficeSmall,task_const_e0,winter,OfficeSmall-5916,-145.7,-145.7
OfficeSmall,task_const_e0,winter,OfficeSmall-5919,-146.6,-146.6
OfficeSmall,task_const_e0,winter,OfficeSmall-5923,-133.3,-133.3
OfficeSmall,task_const_e0,winter,OfficeSmall-5961,-77.4,-77.4
OfficeSmall,task_const_e0,winter,OfficeSmall-5968,-142.1,-142.1
OfficeSmall,task_const_e0,winter,OfficeSmall-5996,-88.6,-88.6
OfficeSmall,task_const_e0,winter,OfficeSmall-5997,-96.6,-96.6
OfficeSmall,task_const_e0,winter,OfficeSmall-5998,-99.2,-99.2
OfficeSmall,task_const_e0,winter,OfficeSmall-5999,-122.9,-122.9
OfficeSmall,task_const_e0,winter,OfficeSmall-6000,-102.3,-102.3
OfficeSmall,task_const_e05,full_year,OfficeSmall-5014,-105960.6,-105960.6
OfficeSmall,task_const_e05,full_year,OfficeSmall-5017,-94224.9,-94224.9
OfficeSmall,task_const_e05,full_year,OfficeSmall-5022,-100423.7,-100423.7
OfficeSmall,task_const_e05,full_year,OfficeSmall-5024,-111219.6,-111219.6
OfficeSmall,task_const_e05,full_year,OfficeSmall-5036,-89969.3,-89969.3
OfficeSmall,task_const_e05,full_year,OfficeSmall-5041,-165745.1,-165745.1
OfficeSmall,task_const_e05,full_year,OfficeSmall-5053,-115950.0,-115950.0
OfficeSmall,task_const_e05,full_year,OfficeSmall-5060,-104125.6,-104125.6
OfficeSmall,task_const_e05,full_year,OfficeSmall-5072,-99680.0,-99680.0
OfficeSmall,task_const_e05,full_year,OfficeSmall-5077,-88600.0,-88600.0
OfficeSmall,task_const_e05,full_year,OfficeSmall-5089,-95880.2,-95880.2
OfficeSmall,task_const_e05,full_year,OfficeSmall-5095,-111987.1,-111987.1
OfficeSmall,task_const_e05,full_year,OfficeSmall-5108,-108539.2,-108539.2
OfficeSmall,task_const_e05,full_year,OfficeSmall-5130,-214221.4,-214221.4
OfficeSmall,task_const_e05,full_year,OfficeSmall-5142,-86571.4,-86571.4
OfficeSmall,task_const_e05,full_year,OfficeSmall-5149,-97330.0,-97330.0
OfficeSmall,task_const_e05,full_year,OfficeSmall-5150,-116989.6,-116989.6
OfficeSmall,task_const_e05,full_year,OfficeSmall-5156,-97437.7,-97437.7
OfficeSmall,task_const_e05,full_year,OfficeSmall-5167,-90568.5,-90568.5
OfficeSmall,task_const_e05,full_year,OfficeSmall-5171,-88288.7,-88288.7
OfficeSmall,task_const_e05,full_year,OfficeSmall-5191,-117336.6,-117336.6
OfficeSmall,task_const_e05,full_year,OfficeSmall-5198,-98034.9,-98034.9
OfficeSmall,task_const_e05,full_year,OfficeSmall-5236,-164548.0,-164548.0
OfficeSmall,task_const_e05,full_year,OfficeSmall-5240,-118375.9,-118375.9
OfficeSmall,task_const_e05,full_year,OfficeSmall-5241,-97123.3,-97123.3
OfficeSmall,task_const_e05,full_year,OfficeSmall-5248,-97767.8,-97767.8
OfficeSmall,task_const_e05,full_year,OfficeSmall-5249,-93062.6,-93062.6
OfficeSmall,task_const_e05,full_year,OfficeSmall-5253,-222129.1,-222129.1
OfficeSmall,task_const_e05,full_year,OfficeSmall-5260,-89103.4,-89103.4
OfficeSmall,task_const_e05,full_year,OfficeSmall-5261,-109772.4,-109772.4
OfficeSmall,task_const_e05,full_year,OfficeSmall-5263,-126966.4,-126966.4
OfficeSmall,task_const_e05,full_year,OfficeSmall-5287,-108433.4,-108433.4
OfficeSmall,task_const_e05,full_year,OfficeSmall-5295,-96717.7,-96717.7
OfficeSmall,task_const_e05,full_year,OfficeSmall-5304,-74906.3,-74906.3
OfficeSmall,task_const_e05,full_year,OfficeSmall-5316,-276751.0,-276751.0
OfficeSmall,task_const_e05,full_year,OfficeSmall-5329,-118311.5,-118311.5
OfficeSmall,task_const_e05,full_year,OfficeSmall-5339,-110460.7,-110460.7
OfficeSmall,task_const_e05,full_year,OfficeSmall-5370,-111511.3,-111511.3
OfficeSmall,task_const_e05,full_year,OfficeSmall-5420,-86993.9,-86993.9
OfficeSmall,task_const_e05,full_year,OfficeSmall-5437,-92958.0,-92958.0
OfficeSmall,task_const_e05,full_year,OfficeSmall-5447,-97328.1,-97328.1
OfficeSmall,task_const_e05,full_year,OfficeSmall-5450,-89986.2,-89986.2
OfficeSmall,task_const_e05,full_year,OfficeSmall-5454,-97812.3,-97812.3
OfficeSmall,task_const_e05,full_year,OfficeSmall-5467,-82571.1,-82571.1
OfficeSmall,task_const_e05,full_year,OfficeSmall-5469,-160073.7,-160073.7
OfficeSmall,task_const_e05,full_year,OfficeSmall-5497,-103882.3,-103882.3
OfficeSmall,task_const_e05,full_year,OfficeSmall-5506,-183609.5,-183609.5
OfficeSmall,task_const_e05,full_year,OfficeSmall-5548,-104354.3,-104354.3
OfficeSmall,task_const_e05,full_year,OfficeSmall-5559,-80349.3,-80349.3
OfficeSmall,task_const_e05,full_year,OfficeSmall-5564,-129475.8,-129475.8
OfficeSmall,task_const_e05,full_year,OfficeSmall-5576,-77639.5,-77639.5
OfficeSmall,task_const_e05,full_year,OfficeSmall-5584,-86540.5,-86540.5
OfficeSmall,task_const_e05,full_year,OfficeSmall-5594,-208272.5,-208272.5
OfficeSmall,task_const_e05,full_year,OfficeSmall-5624,-118228.4,-118228.4
OfficeSmall,task_const_e05,full_year,OfficeSmall-5640,-140735.0,-140735.0
OfficeSmall,task_const_e05,full_year,OfficeSmall-5643,-66459.7,-66459.7
OfficeSmall,task_const_e05,full_year,OfficeSmall-5652,-69487.8,-69487.8
OfficeSmall,task_const_e05,full_year,OfficeSmall-5656,-103469.8,-103469.8
OfficeSmall,task_const_e05,full_year,OfficeSmall-5670,-83664.4,-83664.4
OfficeSmall,task_const_e05,full_year,OfficeSmall-5675,-109278.2,-109278.2
OfficeSmall,task_const_e05,full_year,OfficeSmall-5689,-73659.9,-73659.9
OfficeSmall,task_const_e05,full_year,OfficeSmall-5691,-82770.6,-82770.6
OfficeSmall,task_const_e05,full_year,OfficeSmall-5694,-86199.1,-86199.1
OfficeSmall,task_const_e05,full_year,OfficeSmall-5724,-103858.8,-103858.8
OfficeSmall,task_const_e05,full_year,OfficeSmall-5725,-88798.1,-88798.1
OfficeSmall,task_const_e05,full_year,OfficeSmall-5730,-88793.5,-88793.5
OfficeSmall,task_const_e05,full_year,OfficeSmall-5731,-97261.8,-97261.8
OfficeSmall,task_const_e05,full_year,OfficeSmall-5737,-91722.5,-91722.5
OfficeSmall,task_const_e05,full_year,OfficeSmall-5761,-90145.6,-90145.6
OfficeSmall,task_const_e05,full_year,OfficeSmall-5763,-79599.7,-79599.7
OfficeSmall,task_const_e05,full_year,OfficeSmall-5764,-78393.1,-78393.1
OfficeSmall,task_const_e05,full_year,OfficeSmall-5790,-87754.6,-87754.6
OfficeSmall,task_const_e05,full_year,OfficeSmall-5794,-86656.0,-86656.0
OfficeSmall,task_const_e05,full_year,OfficeSmall-5801,-88158.0,-88158.0
OfficeSmall,task_const_e05,full_year,OfficeSmall-5804,-82475.2,-82475.2
OfficeSmall,task_const_e05,full_year,OfficeSmall-5812,-88876.0,-88876.0
OfficeSmall,task_const_e05,full_year,OfficeSmall-5815,-74817.0,-74817.0
OfficeSmall,task_const_e05,full_year,OfficeSmall-5818,-114221.6,-114221.6
OfficeSmall,task_const_e05,full_year,OfficeSmall-5824,-104443.1,-104443.1
OfficeSmall,task_const_e05,full_year,OfficeSmall-5827,-106313.9,-106313.9
OfficeSmall,task_const_e05,full_year,OfficeSmall-5830,-116322.3,-116322.3
OfficeSmall,task_const_e05,full_year,OfficeSmall-5831,-103177.7,-103177.7
OfficeSmall,task_const_e05,full_year,OfficeSmall-5843,-100070.1,-100070.1
OfficeSmall,task_const_e05,full_year,OfficeSmall-5851,-124861.3,-124861.3
OfficeSmall,task_const_e05,full_year,OfficeSmall-5886,-187935.2,-187935.2
OfficeSmall,task_const_e05,full_year,OfficeSmall-5889,-221984.7,-221984.7
OfficeSmall,task_const_e05,full_year,OfficeSmall-5893,-285616.8,-285616.8
OfficeSmall,task_const_e05,full_year,OfficeSmall-5904,-107921.7,-107921.7
OfficeSmall,task_const_e05,full_year,OfficeSmall-5907,-95837.5,-95837.5
OfficeSmall,task_const_e05,full_year,OfficeSmall-5910,-102295.9,-102295.9
OfficeSmall,task_const_e05,full_year,OfficeSmall-5916,-102365.9,-102365.9
OfficeSmall,task_const_e05,full_year,OfficeSmall-5919,-93249.2,-93249.2
OfficeSmall,task_const_e05,full_year,OfficeSmall-5923,-124668.7,-124668.7
OfficeSmall,task_const_e05,full_year,OfficeSmall-5961,-86976.3,-86976.3
OfficeSmall,task_const_e05,full_year,OfficeSmall-5968,-105558.9,-105558.9
OfficeSmall,task_const_e05,full_year,OfficeSmall-5996,-73973.0,-73973.0
OfficeSmall,task_const_e05,full_year,OfficeSmall-5997,-110640.4,-110640.4
OfficeSmall,task_const_e05,full_year,OfficeSmall-5998,-109568.2,-109568.2
OfficeSmall,task_const_e05,full_year,OfficeSmall-5999,-108061.5,-108061.5
OfficeSmall,task_const_e05,full_year,OfficeSmall-6000,-79922.9,-79922.9
OfficeSmall,task_const_e05,summer,OfficeSmall-5014,-30509.3,-30509.3
OfficeSmall,task_const_e05,summer,OfficeSmall-5017,-20049.5,-20049.5
OfficeSmall,task_const_e05,summer,OfficeSmall-5022,-23439.7,-23439.7
OfficeSmall,task_const_e05,summer,OfficeSmall-5024,-27630.0,-27630.0
OfficeSmall,task_const_e05,summer,OfficeSmall-5036,-20159.3,-20159.3
OfficeSmall,task_const_e05,summer,OfficeSmall-5041,-28644.3,-28644.3
OfficeSmall,task_const_e05,summer,OfficeSmall-5053,-30200.5,-30200.5
OfficeSmall,task_const_e05,summer,OfficeSmall-5060,-16551.3,-16551.3
OfficeSmall,task_const_e05,summer,OfficeSmall-5072,-16820.7,-16820.7
OfficeSmall,task_const_e05,summer,OfficeSmall-5077,-24979.7,-24979.7
OfficeSmall,task_const_e05,summer,OfficeSmall-5089,-20191.1,-20191.1
OfficeSmall,task_const_e05,summer,OfficeSmall-5095,-25555.8,-25555.8
OfficeSmall,task_const_e05,summer,OfficeSmall-5108,-28447.0,-28447.0
OfficeSmall,task_const_e05,summer,OfficeSmall-5130,-25390.2,-25390.2
OfficeSmall,task_const_e05,summer,OfficeSmall-5142,-24912.7,-24912.7
OfficeSmall,task_const_e05,summer,OfficeSmall-5149,-27733.9,-27733.9
OfficeSmall,task_const_e05,summer,OfficeSmall-5150,-26335.5,-26335.5
OfficeSmall,task_const_e05,summer,OfficeSmall-5156,-23589.9,-23589.9
OfficeSmall,task_const_e05,summer,OfficeSmall-5167,-21212.5,-21212.5
OfficeSmall,task_const_e05,summer,OfficeSmall-5171,-19637.8,-19637.8
OfficeSmall,task_const_e05,summer,OfficeSmall-5191,-27239.3,-27239.3
OfficeSmall,task_const_e05,summer,OfficeSmall-5198,-24995.2,-24995.2
OfficeSmall,task_const_e05,summer,OfficeSmall-5236,-40523.6,-40523.6
OfficeSmall,task_const_e05,summer,OfficeSmall-5240,-24839.1,-24839.1
OfficeSmall,task_const_e05,summer,OfficeSmall-5241,-24167.2,-24167.2
OfficeSmall,task_const_e05,summer,OfficeSmall-5248,-20681.2,-20681.2
OfficeSmall,task_const_e05,summer,OfficeSmall-5249,-24217.3,-24217.3
OfficeSmall,task_const_e05,summer,OfficeSmall-5253,-29265.3,-29265.3
OfficeSmall,task_const_e05,summer,OfficeSmall-5260,-20695.1,-20695.1
OfficeSmall,task_const_e05,summer,OfficeSmall-5261,-25024.3,-25024.3
OfficeSmall,task_const_e05,summer,OfficeSmall-5263,-32207.1,-32207.1
OfficeSmall,task_const_e05,summer,OfficeSmall-5287,-29712.8,-29712.8
OfficeSmall,task_const_e05,summer,OfficeSmall-5295,-28868.0,-28868.0
OfficeSmall,task_const_e05,summer,OfficeSmall-5304,-14878.9,-14878.9
OfficeSmall,task_const_e05,summer,OfficeSmall-5316,-37703.3,-37703.3
OfficeSmall,task_const_e05,summer,OfficeSmall-5329,-29195.5,-29195.5
OfficeSmall,task_const_e05,summer,OfficeSmall-5339,-26175.3,-26175.3
OfficeSmall,task_const_e05,summer,OfficeSmall-5370,-27348.6,-27348.6
OfficeSmall,task_const_e05,summer,OfficeSmall-5420,-20222.5,-20222.5
OfficeSmall,task_const_e05,summer,OfficeSmall-5437,-16090.3,-16090.3
OfficeSmall,task_const_e05,summer,OfficeSmall-5447,-28094.5,-28094.5
OfficeSmall,task_const_e05,summer,OfficeSmall-5450,-19440.6,-19440.6
OfficeSmall,task_const_e05,summer,OfficeSmall-5454,-29985.4,-29985.4
OfficeSmall,task_const_e05,summer,OfficeSmall-5467,-22278.9,-22278.9
OfficeSmall,task_const_e05,summer,OfficeSmall-5469,-27696.6,-27696.6
OfficeSmall,task_const_e05,summer,OfficeSmall-5497,-27690.2,-27690.2
OfficeSmall,task_const_e05,summer,OfficeSmall-5506,-30372.4,-30372.4
OfficeSmall,task_const_e05,summer,OfficeSmall-5548,-25610.9,-25610.9
OfficeSmall,task_const_e05,summer,OfficeSmall-5559,-21413.7,-21413.7
OfficeSmall,task_const_e05,summer,OfficeSmall-5564,-33935.4,-33935.4
OfficeSmall,task_const_e05,summer,OfficeSmall-5576,-15153.1,-15153.1
OfficeSmall,task_const_e05,summer,OfficeSmall-5584,-19133.2,-19133.2
OfficeSmall,task_const_e05,summer,OfficeSmall-5594,-45217.5,-45217.5
OfficeSmall,task_const_e05,summer,OfficeSmall-5624,-33310.1,-33310.1
OfficeSmall,task_const_e05,summer,OfficeSmall-5640,-32866.2,-32866.2
OfficeSmall,task_const_e05,summer,OfficeSmall-5643,-17877.3,-17877.3
OfficeSmall,task_const_e05,summer,OfficeSmall-5652,-18194.9,-18194.9
OfficeSmall,task_const_e05,summer,OfficeSmall-5656,-17290.1,-17290.1
OfficeSmall,task_const_e05,summer,OfficeSmall-5670,-22068.0,-22068.0
OfficeSmall,task_const_e05,summer,OfficeSmall-5675,-22122.0,-22122.0
OfficeSmall,task_const_e05,summer,OfficeSmall-5689,-19311.5,-19311.5
OfficeSmall,task_const_e05,summer,OfficeSmall-5691,-23663.8,-23663.8
OfficeSmall,task_const_e05,summer,OfficeSmall-5694,-23423.8,-23423.8
OfficeSmall,task_const_e05,summer,OfficeSmall-5724,-23970.2,-23970.2
OfficeSmall,task_const_e05,summer,OfficeSmall-5725,-19065.2,-19065.2
OfficeSmall,task_const_e05,summer,OfficeSmall-5730,-20864.1,-20864.1
OfficeSmall,task_const_e05,summer,OfficeSmall-5731,-25652.8,-25652.8
OfficeSmall,task_const_e05,summer,OfficeSmall-5737,-24729.5,-24729.5
OfficeSmall,task_const_e05,summer,OfficeSmall-5761,-15208.8,-15208.8
OfficeSmall,task_const_e05,summer,OfficeSmall-5763,-17453.0,-17453.0
OfficeSmall,task_const_e05,summer,OfficeSmall-5764,-15607.6,-15607.6
OfficeSmall,task_const_e05,summer,OfficeSmall-5790,-16749.4,-16749.4
OfficeSmall,task_const_e05,summer,OfficeSmall-5794,-20676.9,-20676.9
OfficeSmall,task_const_e05,summer,OfficeSmall-5801,-23936.6,-23936.6
OfficeSmall,task_const_e05,summer,OfficeSmall-5804,-15853.6,-15853.6
OfficeSmall,task_const_e05,summer,OfficeSmall-5812,-15884.2,-15884.2
OfficeSmall,task_const_e05,summer,OfficeSmall-5815,-15014.3,-15014.3
OfficeSmall,task_const_e05,summer,OfficeSmall-5818,-28754.9,-28754.9
OfficeSmall,task_const_e05,summer,OfficeSmall-5824,-25828.4,-25828.4
OfficeSmall,task_const_e05,summer,OfficeSmall-5827,-20746.6,-20746.6
OfficeSmall,task_const_e05,summer,OfficeSmall-5830,-29101.2,-29101.2
OfficeSmall,task_const_e05,summer,OfficeSmall-5831,-26402.9,-26402.9
OfficeSmall,task_const_e05,summer,OfficeSmall-5843,-21947.4,-21947.4
OfficeSmall,task_const_e05,summer,OfficeSmall-5851,-24546.7,-24546.7
OfficeSmall,task_const_e05,summer,OfficeSmall-5886,-36549.9,-36549.9
OfficeSmall,task_const_e05,summer,OfficeSmall-5889,-25738.3,-25738.3
OfficeSmall,task_const_e05,summer,OfficeSmall-5893,-31674.6,-31674.6
OfficeSmall,task_const_e05,summer,OfficeSmall-5904,-27084.2,-27084.2
OfficeSmall,task_const_e05,summer,OfficeSmall-5907,-28588.8,-28588.8
OfficeSmall,task_const_e05,summer,OfficeSmall-5910,-23822.5,-23822.5
OfficeSmall,task_const_e05,summer,OfficeSmall-5916,-20918.7,-20918.7
OfficeSmall,task_const_e05,summer,OfficeSmall-5919,-19952.9,-19952.9
OfficeSmall,task_const_e05,summer,OfficeSmall-5923,-31679.4,-31679.4
OfficeSmall,task_const_e05,summer,OfficeSmall-5961,-25131.3,-25131.3
OfficeSmall,task_const_e05,summer,OfficeSmall-5968,-24359.3,-24359.3
OfficeSmall,task_const_e05,summer,OfficeSmall-5996,-14918.1,-14918.1
OfficeSmall,task_const_e05,summer,OfficeSmall-5997,-29839.9,-29839.9
OfficeSmall,task_const_e05,summer,OfficeSmall-5998,-29170.7,-29170.7
OfficeSmall,task_const_e05,summer,OfficeSmall-5999,-28134.4,-28134.4
OfficeSmall,task_const_e05,summer,OfficeSmall-6000,-15956.3,-15956.3
OfficeSmall,task_const_e05,winter,OfficeSmall-5014,-27286.8,-27286.8
OfficeSmall,task_const_e05,winter,OfficeSmall-5017,-23207.4,-23207.4
OfficeSmall,task_const_e05,winter,OfficeSmall-5022,-24439.1,-24439.1
OfficeSmall,task_const_e05,winter,OfficeSmall-5024,-28078.4,-28078.4
OfficeSmall,task_const_e05,winter,OfficeSmall-5036,-26649.9,-26649.9
OfficeSmall,task_const_e05,winter,OfficeSmall-5041,-40995.0,-40995.0
OfficeSmall,task_const_e05,winter,OfficeSmall-5053,-30854.7,-30854.7
OfficeSmall,task_const_e05,winter,OfficeSmall-5060,-30174.5,-30174.5
OfficeSmall,task_const_e05,winter,OfficeSmall-5072,-26733.0,-26733.0
OfficeSmall,task_const_e05,winter,OfficeSmall-5077,-21095.6,-21095.6
OfficeSmall,task_const_e05,winter,OfficeSmall-5089,-28115.4,-28115.4
OfficeSmall,task_const_e05,winter,OfficeSmall-5095,-22307.8,-22307.8
OfficeSmall,task_const_e05,winter,OfficeSmall-5108,-29128.1,-29128.1
OfficeSmall,task_const_e05,winter,OfficeSmall-5130,-93311.1,-93311.1
OfficeSmall,task_const_e05,winter,OfficeSmall-5142,-20538.0,-20538.0
OfficeSmall,task_const_e05,winter,OfficeSmall-5149,-24726.1,-24726.1
OfficeSmall,task_const_e05,winter,OfficeSmall-5150,-35522.0,-35522.0
OfficeSmall,task_const_e05,winter,OfficeSmall-5156,-26946.9,-26946.9
OfficeSmall,task_const_e05,winter,OfficeSmall-5167,-21564.2,-21564.2
OfficeSmall,task_const_e05,winter,OfficeSmall-5171,-22150.8,-22150.8
OfficeSmall,task_const_e05,winter,OfficeSmall-5191,-27926.5,-27926.5
OfficeSmall,task_const_e05,winter,OfficeSmall-5198,-26241.3,-26241.3
OfficeSmall,task_const_e05,winter,OfficeSmall-5236,-50168.3,-50168.3
OfficeSmall,task_const_e05,winter,OfficeSmall-5240,-36280.8,-36280.8
OfficeSmall,task_const_e05,winter,OfficeSmall-5241,-24370.1,-24370.1
OfficeSmall,task_const_e05,winter,OfficeSmall-5248,-28817.1,-28817.1
OfficeSmall,task_const_e05,winter,OfficeSmall-5249,-25148.7,-25148.7
OfficeSmall,task_const_e05,winter,OfficeSmall-5253,-117691.2,-117691.2
OfficeSmall,task_const_e05,winter,OfficeSmall-5260,-20948.9,-20948.9
OfficeSmall,task_const_e05,winter,OfficeSmall-5261,-24496.3,-24496.3
OfficeSmall,task_const_e05,winter,OfficeSmall-5263,-30053.9,-30053.9
OfficeSmall,task_const_e05,winter,OfficeSmall-5287,-32568.0,-32568.0
OfficeSmall,task_const_e05,winter,OfficeSmall-5295,-23130.4,-23130.4
OfficeSmall,task_const_e05,winter,OfficeSmall-5304,-14621.6,-14621.6
OfficeSmall,task_const_e05,winter,OfficeSmall-5316,-141716.7,-141716.7
OfficeSmall,task_const_e05,winter,OfficeSmall-5329,-31070.4,-31070.4
OfficeSmall,task_const_e05,winter,OfficeSmall-5339,-23713.7,-23713.7
OfficeSmall,task_const_e05,winter,OfficeSmall-5370,-24361.7,-24361.7
OfficeSmall,task_const_e05,winter,OfficeSmall-5420,-21536.8,-21536.8
OfficeSmall,task_const_e05,winter,OfficeSmall-5437,-25204.7,-25204.7
OfficeSmall,task_const_e05,winter,OfficeSmall-5447,-26065.9,-26065.9
OfficeSmall,task_const_e05,winter,OfficeSmall-5450,-22366.2,-22366.2
OfficeSmall,task_const_e05,winter,OfficeSmall-5454,-25739.2,-25739.2
OfficeSmall,task_const_e05,winter,OfficeSmall-5467,-20996.1,-20996.1
OfficeSmall,task_const_e05,winter,OfficeSmall-5469,-59897.5,-59897.5
OfficeSmall,task_const_e05,winter,OfficeSmall-5497,-29372.9,-29372.9
OfficeSmall,task_const_e05,winter,OfficeSmall-5506,-24089.0,-24089.0
OfficeSmall,task_const_e05,winter,OfficeSmall-5548,-27640.1,-27640.1
OfficeSmall,task_const_e05,winter,OfficeSmall-5559,-20461.4,-20461.4
OfficeSmall,task_const_e05,winter,OfficeSmall-5564,-30582.5,-30582.5
OfficeSmall,task_const_e05,winter,OfficeSmall-5576,-16304.8,-16304.8
OfficeSmall,task_const_e05,winter,OfficeSmall-5584,-21676.3,-21676.3
OfficeSmall,task_const_e05,winter,OfficeSmall-5594,-42409.8,-42409.8
OfficeSmall,task_const_e05,winter,OfficeSmall-5624,-29102.9,-29102.9
OfficeSmall,task_const_e05,winter,OfficeSmall-5640,-35046.5,-35046.5
OfficeSmall,task_const_e05,winter,OfficeSmall-5643,-14441.4,-14441.4
OfficeSmall,task_const_e05,winter,OfficeSmall-5652,-15951.5,-15951.5
OfficeSmall,task_const_e05,winter,OfficeSmall-5656,-28009.9,-28009.9
OfficeSmall,task_const_e05,winter,OfficeSmall-5670,-21422.8,-21422.8
OfficeSmall,task_const_e05,winter,OfficeSmall-5675,-33215.4,-33215.4
OfficeSmall,task_const_e05,winter,OfficeSmall-5689,-16681.2,-16681.2
OfficeSmall,task_const_e05,winter,OfficeSmall-5691,-19427.9,-19427.9
OfficeSmall,task_const_e05,winter,OfficeSmall-5694,-22616.0,-22616.0
OfficeSmall,task_const_e05,winter,OfficeSmall-5724,-30815.0,-30815.0
OfficeSmall,task_const_e05,winter,OfficeSmall-5725,-25355.2,-25355.2
OfficeSmall,task_const_e05,winter,OfficeSmall-5730,-20672.3,-20672.3
OfficeSmall,task_const_e05,winter,OfficeSmall-5731,-25813.7,-25813.7
OfficeSmall,task_const_e05,winter,OfficeSmall-5737,-24299.0,-24299.0
OfficeSmall,task_const_e05,winter,OfficeSmall-5761,-25788.0,-25788.0
OfficeSmall,task_const_e05,winter,OfficeSmall-5763,-19817.2,-19817.2
OfficeSmall,task_const_e05,winter,OfficeSmall-5764,-17192.1,-17192.1
OfficeSmall,task_const_e05,winter,OfficeSmall-5790,-19861.7,-19861.7
OfficeSmall,task_const_e05,winter,OfficeSmall-5794,-21490.8,-21490.8
OfficeSmall,task_const_e05,winter,OfficeSmall-5801,-23583.9,-23583.9
OfficeSmall,task_const_e05,winter,OfficeSmall-5804,-17164.2,-17164.2
OfficeSmall,task_const_e05,winter,OfficeSmall-5812,-24068.7,-24068.7
OfficeSmall,task_const_e05,winter,OfficeSmall-5815,-15267.0,-15267.0
OfficeSmall,task_const_e05,winter,OfficeSmall-5818,-27713.9,-27713.9
OfficeSmall,task_const_e05,winter,OfficeSmall-5824,-27965.4,-27965.4
OfficeSmall,task_const_e05,winter,OfficeSmall-5827,-33536.6,-33536.6
OfficeSmall,task_const_e05,winter,OfficeSmall-5830,-29401.1,-29401.1
OfficeSmall,task_const_e05,winter,OfficeSmall-5831,-27097.5,-27097.5
OfficeSmall,task_const_e05,winter,OfficeSmall-5843,-25151.4,-25151.4
OfficeSmall,task_const_e05,winter,OfficeSmall-5851,-32918.1,-32918.1
OfficeSmall,task_const_e05,winter,OfficeSmall-5886,-74771.6,-74771.6
OfficeSmall,task_const_e05,winter,OfficeSmall-5889,-127804.9,-127804.9
OfficeSmall,task_const_e05,winter,OfficeSmall-5893,-173463.2,-173463.2
OfficeSmall,task_const_e05,winter,OfficeSmall-5904,-26311.7,-26311.7
OfficeSmall,task_const_e05,winter,OfficeSmall-5907,-22779.2,-22779.2
OfficeSmall,task_const_e05,winter,OfficeSmall-5910,-23915.6,-23915.6
OfficeSmall,task_const_e05,winter,OfficeSmall-5916,-26902.3,-26902.3
OfficeSmall,task_const_e05,winter,OfficeSmall-5919,-24567.2,-24567.2
OfficeSmall,task_const_e05,winter,OfficeSmall-5923,-33315.9,-33315.9
OfficeSmall,task_const_e05,winter,OfficeSmall-5961,-20432.7,-20432.7
OfficeSmall,task_const_e05,winter,OfficeSmall-5968,-22156.1,-22156.1
OfficeSmall,task_const_e05,winter,OfficeSmall-5996,-15585.7,-15585.7
OfficeSmall,task_const_e05,winter,OfficeSmall-5997,-29400.9,-29400.9
OfficeSmall,task_const_e05,winter,OfficeSmall-5998,-29585.8,-29585.8
OfficeSmall,task_const_e05,winter,OfficeSmall-5999,-31507.1,-31507.1
OfficeSmall,task_const_e05,winter,OfficeSmall-6000,-17799.2,-17799.2
OfficeSmall,task_occ_e0,full_year,OfficeSmall-5014,-703.9,-703.9
OfficeSmall,task_occ_e0,full_year,OfficeSmall-5017,-427.8,-427.8
OfficeSmall,task_occ_e0,full_year,OfficeSmall-5022,-602.3,-602.3
OfficeSmall,task_occ_e0,full_year,OfficeSmall-5024,-1142.9,-1142.9
OfficeSmall,task_occ_e0,full_year,OfficeSmall-5036,-658.0,-658.0
OfficeSmall,task_occ_e0,full_year,OfficeSmall-5041,-1920.4,-1920.4
OfficeSmall,task_occ_e0,full_year,OfficeSmall-5053,-628.4,-628.4
OfficeSmall,task_occ_e0,full_year,OfficeSmall-5060,-634.9,-634.9
OfficeSmall,task_occ_e0,full_year,OfficeSmall-5072,-638.6,-638.6
OfficeSmall,task_occ_e0,full_year,OfficeSmall-5077,-445.5,-445.5
OfficeSmall,task_occ_e0,full_year,OfficeSmall-5089,-640.4,-640.4
OfficeSmall,task_occ_e0,full_year,OfficeSmall-5095,-797.9,-797.9
OfficeSmall,task_occ_e0,full_year,OfficeSmall-5108,-662.4,-662.4
OfficeSmall,task_occ_e0,full_year,OfficeSmall-5130,-2549.5,-2549.5
OfficeSmall,task_occ_e0,full_year,OfficeSmall-5142,-423.4,-423.4
OfficeSmall,task_occ_e0,full_year,OfficeSmall-5149,-872.2,-872.2
OfficeSmall,task_occ_e0,full_year,OfficeSmall-5150,-1237.1,-1237.1
OfficeSmall,task_occ_e0,full_year,OfficeSmall-5156,-570.0,-570.0
OfficeSmall,task_occ_e0,full_year,OfficeSmall-5167,-382.2,-382.2
OfficeSmall,task_occ_e0,full_year,OfficeSmall-5171,-434.7,-434.7
OfficeSmall,task_occ_e0,full_year,OfficeSmall-5191,-976.9,-976.9
OfficeSmall,task_occ_e0,full_year,OfficeSmall-5198,-795.6,-795.6
OfficeSmall,task_occ_e0,full_year,OfficeSmall-5236,-1303.2,-1303.2
OfficeSmall,task_occ_e0,full_year,OfficeSmall-5240,-1272.8,-1272.8
OfficeSmall,task_occ_e0,full_year,OfficeSmall-5241,-754.0,-754.0
OfficeSmall,task_occ_e0,full_year,OfficeSmall-5248,-629.8,-629.8
OfficeSmall,task_occ_e0,full_year,OfficeSmall-5249,-673.5,-673.5
OfficeSmall,task_occ_e0,full_year,OfficeSmall-5253,-2305.9,-2305.9
OfficeSmall,task_occ_e0,full_year,OfficeSmall-5260,-384.4,-384.4
OfficeSmall,task_occ_e0,full_year,OfficeSmall-5261,-781.4,-781.4
OfficeSmall,task_occ_e0,full_year,OfficeSmall-5263,-708.6,-708.6
OfficeSmall,task_occ_e0,full_year,OfficeSmall-5287,-540.1,-540.1
OfficeSmall,task_occ_e0,full_year,OfficeSmall-5295,-434.9,-434.9
OfficeSmall,task_occ_e0,full_year,OfficeSmall-5304,-446.7,-446.7
OfficeSmall,task_occ_e0,full_year,OfficeSmall-5316,-2664.6,-2664.6
OfficeSmall,task_occ_e0,full_year,OfficeSmall-5329,-1172.9,-1172.9
OfficeSmall,task_occ_e0,full_year,OfficeSmall-5339,-742.1,-742.1
OfficeSmall,task_occ_e0,full_year,OfficeSmall-5370,-748.1,-748.1
OfficeSmall,task_occ_e0,full_year,OfficeSmall-5420,-618.5,-618.5
OfficeSmall,task_occ_e0,full_year,OfficeSmall-5437,-595.7,-595.7
OfficeSmall,task_occ_e0,full_year,OfficeSmall-5447,-753.5,-753.5
OfficeSmall,task_occ_e0,full_year,OfficeSmall-5450,-435.9,-435.9
OfficeSmall,task_occ_e0,full_year,OfficeSmall-5454,-580.6,-580.6
OfficeSmall,task_occ_e0,full_year,OfficeSmall-5467,-427.3,-427.3
OfficeSmall,task_occ_e0,full_year,OfficeSmall-5469,-1671.9,-1671.9
OfficeSmall,task_occ_e0,full_year,OfficeSmall-5497,-508.8,-508.8
OfficeSmall,task_occ_e0,full_year,OfficeSmall-5506,-1511.9,-1511.9
OfficeSmall,task_occ_e0,full_year,OfficeSmall-5548,-615.6,-615.6
OfficeSmall,task_occ_e0,full_year,OfficeSmall-5559,-641.1,-641.1
OfficeSmall,task_occ_e0,full_year,OfficeSmall-5564,-645.4,-645.4
OfficeSmall,task_occ_e0,full_year,OfficeSmall-5576,-486.5,-486.5
OfficeSmall,task_occ_e0,full_year,OfficeSmall-5584,-458.2,-458.2
OfficeSmall,task_occ_e0,full_year,OfficeSmall-5594,-1588.4,-1588.4
OfficeSmall,task_occ_e0,full_year,OfficeSmall-5624,-900.2,-900.2
OfficeSmall,task_occ_e0,full_year,OfficeSmall-5640,-991.2,-991.2
OfficeSmall,task_occ_e0,full_year,OfficeSmall-5643,-400.0,-400.0
OfficeSmall,task_occ_e0,full_year,OfficeSmall-5652,-366.8,-366.8
OfficeSmall,task_occ_e0,full_year,OfficeSmall-5656,-636.7,-636.7
OfficeSmall,task_occ_e0,full_year,OfficeSmall-5670,-442.0,-442.0
OfficeSmall,task_occ_e0,full_year,OfficeSmall-5675,-715.1,-715.1
OfficeSmall,task_occ_e0,full_year,OfficeSmall-5689,-361.4,-361.4
OfficeSmall,task_occ_e0,full_year,OfficeSmall-5691,-406.7,-406.7
OfficeSmall,task_occ_e0,full_year,OfficeSmall-5694,-578.0,-578.0
OfficeSmall,task_occ_e0,full_year,OfficeSmall-5724,-565.4,-565.4
OfficeSmall,task_occ_e0,full_year,OfficeSmall-5725,-789.7,-789.7
OfficeSmall,task_occ_e0,full_year,OfficeSmall-5730,-384.0,-384.0
OfficeSmall,task_occ_e0,full_year,OfficeSmall-5731,-676.8,-676.8
OfficeSmall,task_occ_e0,full_year,OfficeSmall-5737,-460.7,-460.7
OfficeSmall,task_occ_e0,full_year,OfficeSmall-5761,-567.9,-567.9
OfficeSmall,task_occ_e0,full_year,OfficeSmall-5763,-425.6,-425.6
OfficeSmall,task_occ_e0,full_year,OfficeSmall-5764,-450.8,-450.8
OfficeSmall,task_occ_e0,full_year,OfficeSmall-5790,-487.6,-487.6
OfficeSmall,task_occ_e0,full_year,OfficeSmall-5794,-602.1,-602.1
OfficeSmall,task_occ_e0,full_year,OfficeSmall-5801,-668.7,-668.7
OfficeSmall,task_occ_e0,full_year,OfficeSmall-5804,-490.5,-490.5
OfficeSmall,task_occ_e0,full_year,OfficeSmall-5812,-580.3,-580.3
OfficeSmall,task_occ_e0,full_year,OfficeSmall-5815,-446.0,-446.0
OfficeSmall,task_occ_e0,full_year,OfficeSmall-5818,-807.8,-807.8
OfficeSmall,task_occ_e0,full_year,OfficeSmall-5824,-581.9,-581.9
OfficeSmall,task_occ_e0,full_year,OfficeSmall-5827,-1346.5,-1346.5
OfficeSmall,task_occ_e0,full_year,OfficeSmall-5830,-819.0,-819.0
OfficeSmall,task_occ_e0,full_year,OfficeSmall-5831,-690.6,-690.6
OfficeSmall,task_occ_e0,full_year,OfficeSmall-5843,-472.3,-472.3
OfficeSmall,task_occ_e0,full_year,OfficeSmall-5851,-1205.6,-1205.6
OfficeSmall,task_occ_e0,full_year,OfficeSmall-5886,-1763.5,-1763.5
OfficeSmall,task_occ_e0,full_year,OfficeSmall-5889,-2585.9,-2585.9
OfficeSmall,task_occ_e0,full_year,OfficeSmall-5893,-3004.9,-3004.9
OfficeSmall,task_occ_e0,full_year,OfficeSmall-5904,-752.0,-752.0
OfficeSmall,task_occ_e0,full_year,OfficeSmall-5907,-446.5,-446.5
OfficeSmall,task_occ_e0,full_year,OfficeSmall-5910,-616.8,-616.8
OfficeSmall,task_occ_e0,full_year,OfficeSmall-5916,-1002.7,-1002.7
OfficeSmall,task_occ_e0,full_year,OfficeSmall-5919,-682.3,-682.3
OfficeSmall,task_occ_e0,full_year,OfficeSmall-5923,-708.5,-708.5
OfficeSmall,task_occ_e0,full_year,OfficeSmall-5961,-434.5,-434.5
OfficeSmall,task_occ_e0,full_year,OfficeSmall-5968,-755.9,-755.9
OfficeSmall,task_occ_e0,full_year,OfficeSmall-5996,-447.5,-447.5
OfficeSmall,task_occ_e0,full_year,OfficeSmall-5997,-653.5,-653.5
OfficeSmall,task_occ_e0,full_year,OfficeSmall-5998,-638.0,-638.0
OfficeSmall,task_occ_e0,full_year,OfficeSmall-5999,-539.8,-539.8
OfficeSmall,task_occ_e0,full_year,OfficeSmall-6000,-469.9,-469.9
OfficeSmall,task_occ_e0,summer,OfficeSmall-5014,-696.5,-696.5
OfficeSmall,task_occ_e0,summer,OfficeSmall-5017,-439.3,-439.3
OfficeSmall,task_occ_e0,summer,OfficeSmall-5022,-620.2,-620.2
OfficeSmall,task_occ_e0,summer,OfficeSmall-5024,-651.5,-651.5
OfficeSmall,task_occ_e0,summer,OfficeSmall-5036,-778.4,-778.4
OfficeSmall,task_occ_e0,summer,OfficeSmall-5041,-700.7,-700.7
OfficeSmall,task_occ_e0,summer,OfficeSmall-5053,-575.5,-575.5
OfficeSmall,task_occ_e0,summer,OfficeSmall-5060,-434.4,-434.4
OfficeSmall,task_occ_e0,summer,OfficeSmall-5072,-418.4,-418.4
OfficeSmall,task_occ_e0,summer,OfficeSmall-5077,-1228.3,-1228.3
OfficeSmall,task_occ_e0,summer,OfficeSmall-5089,-695.8,-695.8
OfficeSmall,task_occ_e0,summer,OfficeSmall-5095,-576.2,-576.2
OfficeSmall,task_occ_e0,summer,OfficeSmall-5108,-622.7,-622.7
OfficeSmall,task_occ_e0,summer,OfficeSmall-5130,-611.8,-611.8
OfficeSmall,task_occ_e0,summer,OfficeSmall-5142,-1266.2,-1266.2
OfficeSmall,task_occ_e0,summer,OfficeSmall-5149,-643.1,-643.1
OfficeSmall,task_occ_e0,summer,OfficeSmall-5150,-607.7,-607.7
OfficeSmall,task_occ_e0,summer,OfficeSmall-5156,-696.5,-696.5
OfficeSmall,task_occ_e0,summer,OfficeSmall-5167,-451.2,-451.2
OfficeSmall,task_occ_e0,summer,OfficeSmall-5171,-450.4,-450.4
OfficeSmall,task_occ_e0,summer,OfficeSmall-5191,-620.3,-620.3
OfficeSmall,task_occ_e0,summer,OfficeSmall-5198,-654.9,-654.9
OfficeSmall,task_occ_e0,summer,OfficeSmall-5236,-613.0,-613.0
OfficeSmall,task_occ_e0,summer,OfficeSmall-5240,-634.1,-634.1
OfficeSmall,task_occ_e0,summer,OfficeSmall-5241,-688.3,-688.3
OfficeSmall,task_occ_e0,summer,OfficeSmall-5248,-691.5,-691.5
OfficeSmall,task_occ_e0,summer,OfficeSmall-5249,-689.8,-689.8
OfficeSmall,task_occ_e0,summer,OfficeSmall-5253,-619.0,-619.0
OfficeSmall,task_occ_e0,summer,OfficeSmall-5260,-466.0,-466.0
OfficeSmall,task_occ_e0,summer,OfficeSmall-5261,-668.2,-668.2
OfficeSmall,task_occ_e0,summer,OfficeSmall-5263,-601.2,-601.2
OfficeSmall,task_occ_e0,summer,OfficeSmall-5287,-561.4,-561.4
OfficeSmall,task_occ_e0,summer,OfficeSmall-5295,-1160.6,-1160.6
OfficeSmall,task_occ_e0,summer,OfficeSmall-5304,-443.7,-443.7
OfficeSmall,task_occ_e0,summer,OfficeSmall-5316,-613.6,-613.6
OfficeSmall,task_occ_e0,summer,OfficeSmall-5329,-632.1,-632.1
OfficeSmall,task_occ_e0,summer,OfficeSmall-5339,-556.4,-556.4
OfficeSmall,task_occ_e0,summer,OfficeSmall-5370,-674.8,-674.8
OfficeSmall,task_occ_e0,summer,OfficeSmall-5420,-734.3,-734.3
OfficeSmall,task_occ_e0,summer,OfficeSmall-5437,-433.7,-433.7
OfficeSmall,task_occ_e0,summer,OfficeSmall-5447,-650.7,-650.7
OfficeSmall,task_occ_e0,summer,OfficeSmall-5450,-454.5,-454.5
OfficeSmall,task_occ_e0,summer,OfficeSmall-5454,-641.3,-641.3
OfficeSmall,task_occ_e0,summer,OfficeSmall-5467,-1527.6,-1527.6
OfficeSmall,task_occ_e0,summer,OfficeSmall-5469,-588.3,-588.3
OfficeSmall,task_occ_e0,summer,OfficeSmall-5497,-627.7,-627.7
OfficeSmall,task_occ_e0,summer,OfficeSmall-5506,-574.5,-574.5
OfficeSmall,task_occ_e0,summer,OfficeSmall-5548,-647.9,-647.9
OfficeSmall,task_occ_e0,summer,OfficeSmall-5559,-1637.7,-1637.7
OfficeSmall,task_occ_e0,summer,OfficeSmall-5564,-590.6,-590.6
OfficeSmall,task_occ_e0,summer,OfficeSmall-5576,-464.1,-464.1
OfficeSmall,task_occ_e0,summer,OfficeSmall-5584,-464.4,-464.4
OfficeSmall,task_occ_e0,summer,OfficeSmall-5594,-702.4,-702.4
OfficeSmall,task_occ_e0,summer,OfficeSmall-5624,-620.1,-620.1
OfficeSmall,task_occ_e0,summer,OfficeSmall-5640,-586.8,-586.8
OfficeSmall,task_occ_e0,summer,OfficeSmall-5643,-526.8,-526.8
OfficeSmall,task_occ_e0,summer,OfficeSmall-5652,-495.1,-495.1
OfficeSmall,task_occ_e0,summer,OfficeSmall-5656,-434.8,-434.8
OfficeSmall,task_occ_e0,summer,OfficeSmall-5670,-1516.7,-1516.7
OfficeSmall,task_occ_e0,summer,OfficeSmall-5675,-697.4,-697.4
OfficeSmall,task_occ_e0,summer,OfficeSmall-5689,-477.1,-477.1
OfficeSmall,task_occ_e0,summer,OfficeSmall-5691,-1389.4,-1389.4
OfficeSmall,task_occ_e0,summer,OfficeSmall-5694,-1567.0,-1567.0
OfficeSmall,task_occ_e0,summer,OfficeSmall-5724,-615.0,-615.0
OfficeSmall,task_occ_e0,summer,OfficeSmall-5725,-781.1,-781.1
OfficeSmall,task_occ_e0,summer,OfficeSmall-5730,-463.8,-463.8
OfficeSmall,task_occ_e0,summer,OfficeSmall-5731,-677.0,-677.0
OfficeSmall,task_occ_e0,summer,OfficeSmall-5737,-1399.6,-1399.6
OfficeSmall,task_occ_e0,summer,OfficeSmall-5761,-438.5,-438.5
OfficeSmall,task_occ_e0,summer,OfficeSmall-5763,-456.0,-456.0
OfficeSmall,task_occ_e0,summer,OfficeSmall-5764,-447.5,-447.5
OfficeSmall,task_occ_e0,summer,OfficeSmall-5790,-444.2,-444.2
OfficeSmall,task_occ_e0,summer,OfficeSmall-5794,-718.7,-718.7
OfficeSmall,task_occ_e0,summer,OfficeSmall-5801,-1509.2,-1509.2
OfficeSmall,task_occ_e0,summer,OfficeSmall-5804,-448.9,-448.9
OfficeSmall,task_occ_e0,summer,OfficeSmall-5812,-431.5,-431.5
OfficeSmall,task_occ_e0,summer,OfficeSmall-5815,-458.6,-458.6
OfficeSmall,task_occ_e0,summer,OfficeSmall-5818,-618.8,-618.8
OfficeSmall,task_occ_e0,summer,OfficeSmall-5824,-646.3,-646.3
OfficeSmall,task_occ_e0,summer,OfficeSmall-5827,-689.3,-689.3
OfficeSmall,task_occ_e0,summer,OfficeSmall-5830,-596.4,-596.4
OfficeSmall,task_occ_e0,summer,OfficeSmall-5831,-624.8,-624.8
OfficeSmall,task_occ_e0,summer,OfficeSmall-5843,-450.8,-450.8
OfficeSmall,task_occ_e0,summer,OfficeSmall-5851,-702.8,-702.8
OfficeSmall,task_occ_e0,summer,OfficeSmall-5886,-603.6,-603.6
OfficeSmall,task_occ_e0,summer,OfficeSmall-5889,-658.6,-658.6
OfficeSmall,task_occ_e0,summer,OfficeSmall-5893,-581.1,-581.1
OfficeSmall,task_occ_e0,summer,OfficeSmall-5904,-634.0,-634.0
OfficeSmall,task_occ_e0,summer,OfficeSmall-5907,-1179.4,-1179.4
OfficeSmall,task_occ_e0,summer,OfficeSmall-5910,-570.8,-570.8
OfficeSmall,task_occ_e0,summer,OfficeSmall-5916,-729.5,-729.5
OfficeSmall,task_occ_e0,summer,OfficeSmall-5919,-756.5,-756.5
OfficeSmall,task_occ_e0,summer,OfficeSmall-5923,-565.8,-565.8
OfficeSmall,task_occ_e0,summer,OfficeSmall-5961,-1253.4,-1253.4
OfficeSmall,task_occ_e0,summer,OfficeSmall-5968,-570.3,-570.3
OfficeSmall,task_occ_e0,summer,OfficeSmall-5996,-471.4,-471.4
OfficeSmall,task_occ_e0,summer,OfficeSmall-5997,-575.3,-575.3
OfficeSmall,task_occ_e0,summer,OfficeSmall-5998,-615.5,-615.5
OfficeSmall,task_occ_e0,summer,OfficeSmall-5999,-576.6,-576.6
OfficeSmall,task_occ_e0,summer,OfficeSmall-6000,-491.7,-491.7
OfficeSmall,task_occ_e0,winter,OfficeSmall-5014,-271.8,-271.8
OfficeSmall,task_occ_e0,winter,OfficeSmall-5017,-134.4,-134.4
OfficeSmall,task_occ_e0,winter,OfficeSmall-5022,-226.5,-226.5
OfficeSmall,task_occ_e0,winter,OfficeSmall-5024,-618.8,-618.8
OfficeSmall,task_occ_e0,winter,OfficeSmall-5036,-221.0,-221.0
OfficeSmall,task_occ_e0,winter,OfficeSmall-5041,-1116.3,-1116.3
OfficeSmall,task_occ_e0,winter,OfficeSmall-5053,-218.3,-218.3
OfficeSmall,task_occ_e0,winter,OfficeSmall-5060,-267.0,-267.0
OfficeSmall,task_occ_e0,winter,OfficeSmall-5072,-252.2,-252.2
OfficeSmall,task_occ_e0,winter,OfficeSmall-5077,-166.1,-166.1
OfficeSmall,task_occ_e0,winter,OfficeSmall-5089,-214.1,-214.1
OfficeSmall,task_occ_e0,winter,OfficeSmall-5095,-225.0,-225.0
OfficeSmall,task_occ_e0,winter,OfficeSmall-5108,-243.2,-243.2
OfficeSmall,task_occ_e0,winter,OfficeSmall-5130,-1651.4,-1651.4
OfficeSmall,task_occ_e0,winter,OfficeSmall-5142,-152.8,-152.8
OfficeSmall,task_occ_e0,winter,OfficeSmall-5149,-447.2,-447.2
OfficeSmall,task_occ_e0,winter,OfficeSmall-5150,-723.4,-723.4
OfficeSmall,task_occ_e0,winter,OfficeSmall-5156,-215.0,-215.0
OfficeSmall,task_occ_e0,winter,OfficeSmall-5167,-114.0,-114.0
OfficeSmall,task_occ_e0,winter,OfficeSmall-5171,-136.8,-136.8
OfficeSmall,task_occ_e0,winter,OfficeSmall-5191,-451.2,-451.2
OfficeSmall,task_occ_e0,winter,OfficeSmall-5198,-385.2,-385.2
OfficeSmall,task_occ_e0,winter,OfficeSmall-5236,-739.3,-739.3
OfficeSmall,task_occ_e0,winter,OfficeSmall-5240,-702.2,-702.2
OfficeSmall,task_occ_e0,winter,OfficeSmall-5241,-424.0,-424.0
OfficeSmall,task_occ_e0,winter,OfficeSmall-5248,-212.5,-212.5
OfficeSmall,task_occ_e0,winter,OfficeSmall-5249,-265.2,-265.2
OfficeSmall,task_occ_e0,winter,OfficeSmall-5253,-1630.6,-1630.6
OfficeSmall,task_occ_e0,winter,OfficeSmall-5260,-114.9,-114.9
OfficeSmall,task_occ_e0,winter,OfficeSmall-5261,-277.4,-277.4
OfficeSmall,task_occ_e0,winter,OfficeSmall-5263,-358.2,-358.2
OfficeSmall,task_occ_e0,winter,OfficeSmall-5287,-200.6,-200.6
OfficeSmall,task_occ_e0,winter,OfficeSmall-5295,-160.3,-160.3
OfficeSmall,task_occ_e0,winter,OfficeSmall-5304,-146.6,-146.6
OfficeSmall,task_occ_e0,winter,OfficeSmall-5316,-1843.0,-1843.0
OfficeSmall,task_occ_e0,winter,OfficeSmall-5329,-641.8,-641.8
OfficeSmall,task_occ_e0,winter,OfficeSmall-5339,-220.0,-220.0
OfficeSmall,task_occ_e0,winter,OfficeSmall-5370,-248.9,-248.9
OfficeSmall,task_occ_e0,winter,OfficeSmall-5420,-252.2,-252.2
OfficeSmall,task_occ_e0,winter,OfficeSmall-5437,-242.0,-242.0
OfficeSmall,task_occ_e0,winter,OfficeSmall-5447,-353.3,-353.3
OfficeSmall,task_occ_e0,winter,OfficeSmall-5450,-137.8,-137.8
OfficeSmall,task_occ_e0,winter,OfficeSmall-5454,-232.3,-232.3
OfficeSmall,task_occ_e0,winter,OfficeSmall-5467,-157.7,-157.7
OfficeSmall,task_occ_e0,winter,OfficeSmall-5469,-1038.7,-1038.7
OfficeSmall,task_occ_e0,winter,OfficeSmall-5497,-178.1,-178.1
OfficeSmall,task_occ_e0,winter,OfficeSmall-5506,-223.4,-223.4
OfficeSmall,task_occ_e0,winter,OfficeSmall-5548,-253.2,-253.2
OfficeSmall,task_occ_e0,winter,OfficeSmall-5559,-155.9,-155.9
OfficeSmall,task_occ_e0,winter,OfficeSmall-5564,-292.7,-292.7
OfficeSmall,task_occ_e0,winter,OfficeSmall-5576,-159.4,-159.4
OfficeSmall,task_occ_e0,winter,OfficeSmall-5584,-152.3,-152.3
OfficeSmall,task_occ_e0,winter,OfficeSmall-5594,-529.7,-529.7
OfficeSmall,task_occ_e0,winter,OfficeSmall-5624,-432.4,-432.4
OfficeSmall,task_occ_e0,winter,OfficeSmall-5640,-590.8,-590.8
OfficeSmall,task_occ_e0,winter,OfficeSmall-5643,-110.7,-110.7
OfficeSmall,task_occ_e0,winter,OfficeSmall-5652,-108.0,-108.0
OfficeSmall,task_occ_e0,winter,OfficeSmall-5656,-256.3,-256.3
OfficeSmall,task_occ_e0,winter,OfficeSmall-5670,-161.6,-161.6
OfficeSmall,task_occ_e0,winter,OfficeSmall-5675,-354.3,-354.3
OfficeSmall,task_occ_e0,winter,OfficeSmall-5689,-107.3,-107.3
OfficeSmall,task_occ_e0,winter,OfficeSmall-5691,-140.9,-140.9
OfficeSmall,task_occ_e0,winter,OfficeSmall-5694,-163.6,-163.6
OfficeSmall,task_occ_e0,winter,OfficeSmall-5724,-192.8,-192.8
OfficeSmall,task_occ_e0,winter,OfficeSmall-5725,-314.6,-314.6
OfficeSmall,task_occ_e0,winter,OfficeSmall-5730,-115.0,-115.0
OfficeSmall,task_occ_e0,winter,OfficeSmall-5731,-271.9,-271.9
OfficeSmall,task_occ_e0,winter,OfficeSmall-5737,-172.2,-172.2
OfficeSmall,task_occ_e0,winter,OfficeSmall-5761,-230.8,-230.8
OfficeSmall,task_occ_e0,winter,OfficeSmall-5763,-135.4,-135.4
OfficeSmall,task_occ_e0,winter,OfficeSmall-5764,-156.4,-156.4
OfficeSmall,task_occ_e0,winter,OfficeSmall-5790,-178.8,-178.8
OfficeSmall,task_occ_e0,winter,OfficeSmall-5794,-253.8,-253.8
OfficeSmall,task_occ_e0,winter,OfficeSmall-5801,-167.8,-167.8
OfficeSmall,task_occ_e0,winter,OfficeSmall-5804,-175.1,-175.1
OfficeSmall,task_occ_e0,winter,OfficeSmall-5812,-235.5,-235.5
OfficeSmall,task_occ_e0,winter,OfficeSmall-5815,-148.3,-148.3
OfficeSmall,task_occ_e0,winter,OfficeSmall-5818,-478.5,-478.5
OfficeSmall,task_occ_e0,winter,OfficeSmall-5824,-228.5,-228.5
OfficeSmall,task_occ_e0,winter,OfficeSmall-5827,-756.4,-756.4
OfficeSmall,task_occ_e0,winter,OfficeSmall-5830,-325.2,-325.2
OfficeSmall,task_occ_e0,winter,OfficeSmall-5831,-276.1,-276.1
OfficeSmall,task_occ_e0,winter,OfficeSmall-5843,-153.1,-153.1
OfficeSmall,task_occ_e0,winter,OfficeSmall-5851,-544.4,-544.4
OfficeSmall,task_occ_e0,winter,OfficeSmall-5886,-1144.9,-1144.9
OfficeSmall,task_occ_e0,winter,OfficeSmall-5889,-1875.9,-1875.9
OfficeSmall,task_occ_e0,winter,OfficeSmall-5893,-2252.5,-2252.5
OfficeSmall,task_occ_e0,winter,OfficeSmall-5904,-430.9,-430.9
OfficeSmall,task_occ_e0,winter,OfficeSmall-5907,-173.2,-173.2
OfficeSmall,task_occ_e0,winter,OfficeSmall-5910,-212.6,-212.6
OfficeSmall,task_occ_e0,winter,OfficeSmall-5916,-459.3,-459.3
OfficeSmall,task_occ_e0,winter,OfficeSmall-5919,-288.6,-288.6
OfficeSmall,task_occ_e0,winter,OfficeSmall-5923,-221.0,-221.0
OfficeSmall,task_occ_e0,winter,OfficeSmall-5961,-166.5,-166.5
OfficeSmall,task_occ_e0,winter,OfficeSmall-5968,-234.4,-234.4
OfficeSmall,task_occ_e0,winter,OfficeSmall-5996,-135.3,-135.3
OfficeSmall,task_occ_e0,winter,OfficeSmall-5997,-232.5,-232.5
OfficeSmall,task_occ_e0,winter,OfficeSmall-5998,-224.4,-224.4
OfficeSmall,task_occ_e0,winter,OfficeSmall-5999,-181.3,-181.3
OfficeSmall,task_occ_e0,winter,OfficeSmall-6000,-150.5,-150.5
OfficeSmall,task_occ_e05,full_year,OfficeSmall-5014,-137926.8,-137926.8
OfficeSmall,task_occ_e05,full_year,OfficeSmall-5017,-105095.2,-105095.2
OfficeSmall,task_occ_e05,full_year,OfficeSmall-5022,-114072.2,-114072.2
OfficeSmall,task_occ_e05,full_year,OfficeSmall-5024,-204867.1,-204867.1
OfficeSmall,task_occ_e05,full_year,OfficeSmall-5036,-123257.3,-123257.3
OfficeSmall,task_occ_e05,full_year,OfficeSmall-5041,-317492.4,-317492.4
OfficeSmall,task_occ_e05,full_year,OfficeSmall-5053,-138602.0,-138602.0
OfficeSmall,task_occ_e05,full_year,OfficeSmall-5060,-115100.1,-115100.1
OfficeSmall,task_occ_e05,full_year,OfficeSmall-5072,-112722.8,-112722.8
OfficeSmall,task_occ_e05,full_year,OfficeSmall-5077,-104246.4,-104246.4
OfficeSmall,task_occ_e05,full_year,OfficeSmall-5089,-119230.0,-119230.0
OfficeSmall,task_occ_e05,full_year,OfficeSmall-5095,-129650.6,-129650.6
OfficeSmall,task_occ_e05,full_year,OfficeSmall-5108,-148605.9,-148605.9
OfficeSmall,task_occ_e05,full_year,OfficeSmall-5130,-375604.5,-375604.5
OfficeSmall,task_occ_e05,full_year,OfficeSmall-5142,-99999.1,-99999.1
OfficeSmall,task_occ_e05,full_year,OfficeSmall-5149,-164762.7,-164762.7
OfficeSmall,task_occ_e05,full_year,OfficeSmall-5150,-208048.6,-208048.6
OfficeSmall,task_occ_e05,full_year,OfficeSmall-5156,-121244.9,-121244.9
OfficeSmall,task_occ_e05,full_year,OfficeSmall-5167,-112511.3,-112511.3
OfficeSmall,task_occ_e05,full_year,OfficeSmall-5171,-100064.7,-100064.7
OfficeSmall,task_occ_e05,full_year,OfficeSmall-5191,-193986.5,-193986.5
OfficeSmall,task_occ_e05,full_year,OfficeSmall-5198,-147529.7,-147529.7
OfficeSmall,task_occ_e05,full_year,OfficeSmall-5236,-264399.4,-264399.4
OfficeSmall,task_occ_e05,full_year,OfficeSmall-5240,-208612.2,-208612.2
OfficeSmall,task_occ_e05,full_year,OfficeSmall-5241,-151486.3,-151486.3
OfficeSmall,task_occ_e05,full_year,OfficeSmall-5248,-120364.8,-120364.8
OfficeSmall,task_occ_e05,full_year,OfficeSmall-5249,-122944.3,-122944.3
OfficeSmall,task_occ_e05,full_year,OfficeSmall-5253,-391033.2,-391033.2
OfficeSmall,task_occ_e05,full_year,OfficeSmall-5260,-114748.9,-114748.9
OfficeSmall,task_occ_e05,full_year,OfficeSmall-5261,-135203.5,-135203.5
OfficeSmall,task_occ_e05,full_year,OfficeSmall-5263,-167290.9,-167290.9
OfficeSmall,task_occ_e05,full_year,OfficeSmall-5287,-126193.7,-126193.7
OfficeSmall,task_occ_e05,full_year,OfficeSmall-5295,-111463.9,-111463.9
OfficeSmall,task_occ_e05,full_year,OfficeSmall-5304,-85827.0,-85827.0
OfficeSmall,task_occ_e05,full_year,OfficeSmall-5316,-461188.7,-461188.7
OfficeSmall,task_occ_e05,full_year,OfficeSmall-5329,-212473.3,-212473.3
OfficeSmall,task_occ_e05,full_year,OfficeSmall-5339,-129218.2,-129218.2
OfficeSmall,task_occ_e05,full_year,OfficeSmall-5370,-134450.8,-134450.8
OfficeSmall,task_occ_e05,full_year,OfficeSmall-5420,-107555.9,-107555.9
OfficeSmall,task_occ_e05,full_year,OfficeSmall-5437,-107405.5,-107405.5
OfficeSmall,task_occ_e05,full_year,OfficeSmall-5447,-148340.0,-148340.0
OfficeSmall,task_occ_e05,full_year,OfficeSmall-5450,-101883.6,-101883.6
OfficeSmall,task_occ_e05,full_year,OfficeSmall-5454,-121435.1,-121435.1
OfficeSmall,task_occ_e05,full_year,OfficeSmall-5467,-93383.1,-93383.1
OfficeSmall,task_occ_e05,full_year,OfficeSmall-5469,-267262.7,-267262.7
OfficeSmall,task_occ_e05,full_year,OfficeSmall-5497,-126319.9,-126319.9
OfficeSmall,task_occ_e05,full_year,OfficeSmall-5506,-208041.6,-208041.6
OfficeSmall,task_occ_e05,full_year,OfficeSmall-5548,-133535.5,-133535.5
OfficeSmall,task_occ_e05,full_year,OfficeSmall-5559,-114207.0,-114207.0
OfficeSmall,task_occ_e05,full_year,OfficeSmall-5564,-161718.4,-161718.4
OfficeSmall,task_occ_e05,full_year,OfficeSmall-5576,-91964.6,-91964.6
OfficeSmall,task_occ_e05,full_year,OfficeSmall-5584,-101015.2,-101015.2
OfficeSmall,task_occ_e05,full_year,OfficeSmall-5594,-309797.9,-309797.9
OfficeSmall,task_occ_e05,full_year,OfficeSmall-5624,-180294.4,-180294.4
OfficeSmall,task_occ_e05,full_year,OfficeSmall-5640,-210665.7,-210665.7
OfficeSmall,task_occ_e05,full_year,OfficeSmall-5643,-91556.7,-91556.7
OfficeSmall,task_occ_e05,full_year,OfficeSmall-5652,-90293.2,-90293.2
OfficeSmall,task_occ_e05,full_year,OfficeSmall-5656,-117650.7,-117650.7
OfficeSmall,task_occ_e05,full_year,OfficeSmall-5670,-94726.1,-94726.1
OfficeSmall,task_occ_e05,full_year,OfficeSmall-5675,-128877.9,-128877.9
OfficeSmall,task_occ_e05,full_year,OfficeSmall-5689,-92658.5,-92658.5
OfficeSmall,task_occ_e05,full_year,OfficeSmall-5691,-94729.1,-94729.1
OfficeSmall,task_occ_e05,full_year,OfficeSmall-5694,-110730.8,-110730.8
OfficeSmall,task_occ_e05,full_year,OfficeSmall-5724,-122105.7,-122105.7
OfficeSmall,task_occ_e05,full_year,OfficeSmall-5725,-136110.2,-136110.2
OfficeSmall,task_occ_e05,full_year,OfficeSmall-5730,-113265.3,-113265.3
OfficeSmall,task_occ_e05,full_year,OfficeSmall-5731,-127711.1,-127711.1
OfficeSmall,task_occ_e05,full_year,OfficeSmall-5737,-104576.9,-104576.9
OfficeSmall,task_occ_e05,full_year,OfficeSmall-5761,-99963.2,-99963.2
OfficeSmall,task_occ_e05,full_year,OfficeSmall-5763,-90426.7,-90426.7
OfficeSmall,task_occ_e05,full_year,OfficeSmall-5764,-87772.4,-87772.4
OfficeSmall,task_occ_e05,full_year,OfficeSmall-5790,-96624.5,-96624.5
OfficeSmall,task_occ_e05,full_year,OfficeSmall-5794,-105621.7,-105621.7
OfficeSmall,task_occ_e05,full_year,OfficeSmall-5801,-123021.3,-123021.3
OfficeSmall,task_occ_e05,full_year,OfficeSmall-5804,-94827.0,-94827.0
OfficeSmall,task_occ_e05,full_year,OfficeSmall-5812,-104351.4,-104351.4
OfficeSmall,task_occ_e05,full_year,OfficeSmall-5815,-87638.0,-87638.0
OfficeSmall,task_occ_e05,full_year,OfficeSmall-5818,-171632.4,-171632.4
OfficeSmall,task_occ_e05,full_year,OfficeSmall-5824,-129754.4,-129754.4
OfficeSmall,task_occ_e05,full_year,OfficeSmall-5827,-208747.7,-208747.7
OfficeSmall,task_occ_e05,full_year,OfficeSmall-5830,-173365.3,-173365.3
OfficeSmall,task_occ_e05,full_year,OfficeSmall-5831,-148175.0,-148175.0
OfficeSmall,task_occ_e05,full_year,OfficeSmall-5843,-113727.2,-113727.2
OfficeSmall,task_occ_e05,full_year,OfficeSmall-5851,-186183.9,-186183.9
OfficeSmall,task_occ_e05,full_year,OfficeSmall-5886,-327178.7,-327178.7
OfficeSmall,task_occ_e05,full_year,OfficeSmall-5889,-420735.0,-420735.0
OfficeSmall,task_occ_e05,full_year,OfficeSmall-5893,-496459.0,-496459.0
OfficeSmall,task_occ_e05,full_year,OfficeSmall-5904,-159534.3,-159534.3
OfficeSmall,task_occ_e05,full_year,OfficeSmall-5907,-112068.3,-112068.3
OfficeSmall,task_occ_e05,full_year,OfficeSmall-5910,-115915.0,-115915.0
OfficeSmall,task_occ_e05,full_year,OfficeSmall-5916,-157299.8,-157299.8
OfficeSmall,task_occ_e05,full_year,OfficeSmall-5919,-117438.4,-117438.4
OfficeSmall,task_occ_e05,full_year,OfficeSmall-5923,-150662.7,-150662.7
OfficeSmall,task_occ_e05,full_year,OfficeSmall-5961,-102400.9,-102400.9
OfficeSmall,task_occ_e05,full_year,OfficeSmall-5968,-123343.3,-123343.3
OfficeSmall,task_occ_e05,full_year,OfficeSmall-5996,-86406.6,-86406.6
OfficeSmall,task_occ_e05,full_year,OfficeSmall-5997,-150143.1,-150143.1
OfficeSmall,task_occ_e05,full_year,OfficeSmall-5998,-147035.0,-147035.0
OfficeSmall,task_occ_e05,full_year,OfficeSmall-5999,-124620.6,-124620.6
OfficeSmall,task_occ_e05,full_year,OfficeSmall-6000,-92128.9,-92128.9
OfficeSmall,task_occ_e05,summer,OfficeSmall-5014,-44378.9,-44378.9
OfficeSmall,task_occ_e05,summer,OfficeSmall-5017,-35365.3,-35365.3
OfficeSmall,task_occ_e05,summer,OfficeSmall-5022,-39509.8,-39509.8
OfficeSmall,task_occ_e05,summer,OfficeSmall-5024,-37964.4,-37964.4
OfficeSmall,task_occ_e05,summer,OfficeSmall-5036,-41001.6,-41001.6
OfficeSmall,task_occ_e05,summer,OfficeSmall-5041,-39545.9,-39545.9
OfficeSmall,task_occ_e05,summer,OfficeSmall-5053,-40818.5,-40818.5
OfficeSmall,task_occ_e05,summer,OfficeSmall-5060,-34985.3,-34985.3
OfficeSmall,task_occ_e05,summer,OfficeSmall-5072,-33356.3,-33356.3
OfficeSmall,task_occ_e05,summer,OfficeSmall-5077,-84578.7,-84578.7
OfficeSmall,task_occ_e05,summer,OfficeSmall-5089,-39824.5,-39824.5
OfficeSmall,task_occ_e05,summer,OfficeSmall-5095,-38754.0,-38754.0
OfficeSmall,task_occ_e05,summer,OfficeSmall-5108,-39646.4,-39646.4
OfficeSmall,task_occ_e05,summer,OfficeSmall-5130,-37710.0,-37710.0
OfficeSmall,task_occ_e05,summer,OfficeSmall-5142,-87202.7,-87202.7
OfficeSmall,task_occ_e05,summer,OfficeSmall-5149,-37366.6,-37366.6
OfficeSmall,task_occ_e05,summer,OfficeSmall-5150,-38171.3,-38171.3
OfficeSmall,task_occ_e05,summer,OfficeSmall-5156,-39534.3,-39534.3
OfficeSmall,task_occ_e05,summer,OfficeSmall-5167,-44694.4,-44694.4
OfficeSmall,task_occ_e05,summer,OfficeSmall-5171,-34749.0,-34749.0
OfficeSmall,task_occ_e05,summer,OfficeSmall-5191,-38637.3,-38637.3
OfficeSmall,task_occ_e05,summer,OfficeSmall-5198,-39494.0,-39494.0
OfficeSmall,task_occ_e05,summer,OfficeSmall-5236,-45438.0,-45438.0
OfficeSmall,task_occ_e05,summer,OfficeSmall-5240,-38484.3,-38484.3
OfficeSmall,task_occ_e05,summer,OfficeSmall-5241,-38121.4,-38121.4
OfficeSmall,task_occ_e05,summer,OfficeSmall-5248,-39553.6,-39553.6
OfficeSmall,task_occ_e05,summer,OfficeSmall-5249,-40914.2,-40914.2
OfficeSmall,task_occ_e05,summer,OfficeSmall-5253,-39980.4,-39980.4
OfficeSmall,task_occ_e05,summer,OfficeSmall-5260,-44914.7,-44914.7
OfficeSmall,task_occ_e05,summer,OfficeSmall-5261,-41004.1,-41004.1
OfficeSmall,task_occ_e05,summer,OfficeSmall-5263,-40669.4,-40669.4
OfficeSmall,task_occ_e05,summer,OfficeSmall-5287,-40412.3,-40412.3
OfficeSmall,task_occ_e05,summer,OfficeSmall-5295,-84522.5,-84522.5
OfficeSmall,task_occ_e05,summer,OfficeSmall-5304,-32045.5,-32045.5
OfficeSmall,task_occ_e05,summer,OfficeSmall-5316,-44758.3,-44758.3
OfficeSmall,task_occ_e05,summer,OfficeSmall-5329,-37672.2,-37672.2
OfficeSmall,task_occ_e05,summer,OfficeSmall-5339,-38176.4,-38176.4
OfficeSmall,task_occ_e05,summer,OfficeSmall-5370,-42621.3,-42621.3
OfficeSmall,task_occ_e05,summer,OfficeSmall-5420,-38764.2,-38764.2
OfficeSmall,task_occ_e05,summer,OfficeSmall-5437,-33939.7,-33939.7
OfficeSmall,task_occ_e05,summer,OfficeSmall-5447,-38537.7,-38537.7
OfficeSmall,task_occ_e05,summer,OfficeSmall-5450,-35212.2,-35212.2
OfficeSmall,task_occ_e05,summer,OfficeSmall-5454,-41932.5,-41932.5
OfficeSmall,task_occ_e05,summer,OfficeSmall-5467,-97048.1,-97048.1
OfficeSmall,task_occ_e05,summer,OfficeSmall-5469,-37932.4,-37932.4
OfficeSmall,task_occ_e05,summer,OfficeSmall-5497,-39524.7,-39524.7
OfficeSmall,task_occ_e05,summer,OfficeSmall-5506,-41506.0,-41506.0
OfficeSmall,task_occ_e05,summer,OfficeSmall-5548,-38483.8,-38483.8
OfficeSmall,task_occ_e05,summer,OfficeSmall-5559,-103074.1,-103074.1
OfficeSmall,task_occ_e05,summer,OfficeSmall-5564,-41640.1,-41640.1
OfficeSmall,task_occ_e05,summer,OfficeSmall-5576,-33616.4,-33616.4
OfficeSmall,task_occ_e05,summer,OfficeSmall-5584,-34798.7,-34798.7
OfficeSmall,task_occ_e05,summer,OfficeSmall-5594,-49751.5,-49751.5
OfficeSmall,task_occ_e05,summer,OfficeSmall-5624,-39783.1,-39783.1
OfficeSmall,task_occ_e05,summer,OfficeSmall-5640,-39803.9,-39803.9
OfficeSmall,task_occ_e05,summer,OfficeSmall-5643,-44132.0,-44132.0
OfficeSmall,task_occ_e05,summer,OfficeSmall-5652,-42848.0,-42848.0
OfficeSmall,task_occ_e05,summer,OfficeSmall-5656,-35390.9,-35390.9
OfficeSmall,task_occ_e05,summer,OfficeSmall-5670,-96656.6,-96656.6
OfficeSmall,task_occ_e05,summer,OfficeSmall-5675,-39663.5,-39663.5
OfficeSmall,task_occ_e05,summer,OfficeSmall-5689,-42838.4,-42838.4
OfficeSmall,task_occ_e05,summer,OfficeSmall-5691,-91820.1,-91820.1
OfficeSmall,task_occ_e05,summer,OfficeSmall-5694,-100275.0,-100275.0
OfficeSmall,task_occ_e05,summer,OfficeSmall-5724,-39484.2,-39484.2
OfficeSmall,task_occ_e05,summer,OfficeSmall-5725,-40757.4,-40757.4
OfficeSmall,task_occ_e05,summer,OfficeSmall-5730,-44775.6,-44775.6
OfficeSmall,task_occ_e05,summer,OfficeSmall-5731,-41789.9,-41789.9
OfficeSmall,task_occ_e05,summer,OfficeSmall-5737,-92251.8,-92251.8
OfficeSmall,task_occ_e05,summer,OfficeSmall-5761,-33189.7,-33189.7
OfficeSmall,task_occ_e05,summer,OfficeSmall-5763,-32387.3,-32387.3
OfficeSmall,task_occ_e05,summer,OfficeSmall-5764,-32718.1,-32718.1
OfficeSmall,task_occ_e05,summer,OfficeSmall-5790,-34075.6,-34075.6
OfficeSmall,task_occ_e05,summer,OfficeSmall-5794,-38577.0,-38577.0
OfficeSmall,task_occ_e05,summer,OfficeSmall-5801,-97598.2,-97598.2
OfficeSmall,task_occ_e05,summer,OfficeSmall-5804,-33459.5,-33459.5
OfficeSmall,task_occ_e05,summer,OfficeSmall-5812,-33440.5,-33440.5
OfficeSmall,task_occ_e05,summer,OfficeSmall-5815,-33145.8,-33145.8
OfficeSmall,task_occ_e05,summer,OfficeSmall-5818,-38217.2,-38217.2
OfficeSmall,task_occ_e05,summer,OfficeSmall-5824,-38812.8,-38812.8
OfficeSmall,task_occ_e05,summer,OfficeSmall-5827,-39081.4,-39081.4
OfficeSmall,task_occ_e05,summer,OfficeSmall-5830,-38685.7,-38685.7
OfficeSmall,task_occ_e05,summer,OfficeSmall-5831,-38065.4,-38065.4
OfficeSmall,task_occ_e05,summer,OfficeSmall-5843,-36865.1,-36865.1
OfficeSmall,task_occ_e05,summer,OfficeSmall-5851,-42734.7,-42734.7
OfficeSmall,task_occ_e05,summer,OfficeSmall-5886,-44612.3,-44612.3
OfficeSmall,task_occ_e05,summer,OfficeSmall-5889,-38920.2,-38920.2
OfficeSmall,task_occ_e05,summer,OfficeSmall-5893,-39177.6,-39177.6
OfficeSmall,task_occ_e05,summer,OfficeSmall-5904,-38387.7,-38387.7
OfficeSmall,task_occ_e05,summer,OfficeSmall-5907,-86030.3,-86030.3
OfficeSmall,task_occ_e05,summer,OfficeSmall-5910,-37997.0,-37997.0
OfficeSmall,task_occ_e05,summer,OfficeSmall-5916,-42381.2,-42381.2
OfficeSmall,task_occ_e05,summer,OfficeSmall-5919,-39437.6,-39437.6
OfficeSmall,task_occ_e05,summer,OfficeSmall-5923,-41835.8,-41835.8
OfficeSmall,task_occ_e05,summer,OfficeSmall-5961,-85860.2,-85860.2
OfficeSmall,task_occ_e05,summer,OfficeSmall-5968,-37287.4,-37287.4
OfficeSmall,task_occ_e05,summer,OfficeSmall-5996,-33504.0,-33504.0
OfficeSmall,task_occ_e05,summer,OfficeSmall-5997,-39120.3,-39120.3
OfficeSmall,task_occ_e05,summer,OfficeSmall-5998,-39898.6,-39898.6
OfficeSmall,task_occ_e05,summer,OfficeSmall-5999,-40373.3,-40373.3
OfficeSmall,task_occ_e05,summer,OfficeSmall-6000,-35288.1,-35288.1
OfficeSmall,task_occ_e05,winter,OfficeSmall-5014,-45494.2,-45494.2
OfficeSmall,task_occ_e05,winter,OfficeSmall-5017,-31205.0,-31205.0
OfficeSmall,task_occ_e05,winter,OfficeSmall-5022,-31628.1,-31628.1
OfficeSmall,task_occ_e05,winter,OfficeSmall-5024,-104066.2,-104066.2
OfficeSmall,task_occ_e05,winter,OfficeSmall-5036,-44268.5,-44268.5
OfficeSmall,task_occ_e05,winter,OfficeSmall-5041,-179377.1,-179377.1
OfficeSmall,task_occ_e05,winter,OfficeSmall-5053,-41815.4,-41815.4
OfficeSmall,task_occ_e05,winter,OfficeSmall-5060,-39392.1,-39392.1
OfficeSmall,task_occ_e05,winter,OfficeSmall-5072,-36773.2,-36773.2
OfficeSmall,task_occ_e05,winter,OfficeSmall-5077,-32585.6,-32585.6
OfficeSmall,task_occ_e05,winter,OfficeSmall-5089,-38845.9,-38845.9
OfficeSmall,task_occ_e05,winter,OfficeSmall-5095,-30738.7,-30738.7
OfficeSmall,task_occ_e05,winter,OfficeSmall-5108,-52419.5,-52419.5
OfficeSmall,task_occ_e05,winter,OfficeSmall-5130,-233567.2,-233567.2
OfficeSmall,task_occ_e05,winter,OfficeSmall-5142,-30214.0,-30214.0
OfficeSmall,task_occ_e05,winter,OfficeSmall-5149,-78136.2,-78136.2
OfficeSmall,task_occ_e05,winter,OfficeSmall-5150,-108574.8,-108574.8
OfficeSmall,task_occ_e05,winter,OfficeSmall-5156,-43674.3,-43674.3
OfficeSmall,task_occ_e05,winter,OfficeSmall-5167,-28981.6,-28981.6
OfficeSmall,task_occ_e05,winter,OfficeSmall-5171,-30070.5,-30070.5
OfficeSmall,task_occ_e05,winter,OfficeSmall-5191,-80781.5,-80781.5
OfficeSmall,task_occ_e05,winter,OfficeSmall-5198,-64153.8,-64153.8
OfficeSmall,task_occ_e05,winter,OfficeSmall-5236,-132869.4,-132869.4
OfficeSmall,task_occ_e05,winter,OfficeSmall-5240,-106251.0,-106251.0
OfficeSmall,task_occ_e05,winter,OfficeSmall-5241,-77014.6,-77014.6
OfficeSmall,task_occ_e05,winter,OfficeSmall-5248,-39516.8,-39516.8
OfficeSmall,task_occ_e05,winter,OfficeSmall-5249,-42948.9,-42948.9
OfficeSmall,task_occ_e05,winter,OfficeSmall-5253,-263431.1,-263431.1
OfficeSmall,task_occ_e05,winter,OfficeSmall-5260,-29358.5,-29358.5
OfficeSmall,task_occ_e05,winter,OfficeSmall-5261,-36897.6,-36897.6
OfficeSmall,task_occ_e05,winter,OfficeSmall-5263,-71739.3,-71739.3
OfficeSmall,task_occ_e05,winter,OfficeSmall-5287,-42157.6,-42157.6
OfficeSmall,task_occ_e05,winter,OfficeSmall-5295,-33922.0,-33922.0
OfficeSmall,task_occ_e05,winter,OfficeSmall-5304,-21705.5,-21705.5
OfficeSmall,task_occ_e05,winter,OfficeSmall-5316,-299496.3,-299496.3
OfficeSmall,task_occ_e05,winter,OfficeSmall-5329,-108482.9,-108482.9
OfficeSmall,task_occ_e05,winter,OfficeSmall-5339,-31741.7,-31741.7
OfficeSmall,task_occ_e05,winter,OfficeSmall-5370,-34749.6,-34749.6
OfficeSmall,task_occ_e05,winter,OfficeSmall-5420,-33156.4,-33156.4
OfficeSmall,task_occ_e05,winter,OfficeSmall-5437,-36085.4,-36085.4
OfficeSmall,task_occ_e05,winter,OfficeSmall-5447,-64688.5,-64688.5
OfficeSmall,task_occ_e05,winter,OfficeSmall-5450,-29989.7,-29989.7
OfficeSmall,task_occ_e05,winter,OfficeSmall-5454,-39905.2,-39905.2
OfficeSmall,task_occ_e05,winter,OfficeSmall-5467,-29350.5,-29350.5
OfficeSmall,task_occ_e05,winter,OfficeSmall-5469,-151814.6,-151814.6
OfficeSmall,task_occ_e05,winter,OfficeSmall-5497,-42719.6,-42719.6
OfficeSmall,task_occ_e05,winter,OfficeSmall-5506,-32581.7,-32581.7
OfficeSmall,task_occ_e05,winter,OfficeSmall-5548,-49847.7,-49847.7
OfficeSmall,task_occ_e05,winter,OfficeSmall-5559,-28878.9,-28878.9
OfficeSmall,task_occ_e05,winter,OfficeSmall-5564,-59744.8,-59744.8
OfficeSmall,task_occ_e05,winter,OfficeSmall-5576,-23308.0,-23308.0
OfficeSmall,task_occ_e05,winter,OfficeSmall-5584,-30332.8,-30332.8
OfficeSmall,task_occ_e05,winter,OfficeSmall-5594,-99007.8,-99007.8
OfficeSmall,task_occ_e05,winter,OfficeSmall-5624,-79282.5,-79282.5
OfficeSmall,task_occ_e05,winter,OfficeSmall-5640,-110307.7,-110307.7
OfficeSmall,task_occ_e05,winter,OfficeSmall-5643,-23566.6,-23566.6
OfficeSmall,task_occ_e05,winter,OfficeSmall-5652,-24146.8,-24146.8
OfficeSmall,task_occ_e05,winter,OfficeSmall-5656,-38738.7,-38738.7
OfficeSmall,task_occ_e05,winter,OfficeSmall-5670,-29656.4,-29656.4
OfficeSmall,task_occ_e05,winter,OfficeSmall-5675,-45321.6,-45321.6
OfficeSmall,task_occ_e05,winter,OfficeSmall-5689,-24443.4,-24443.4
OfficeSmall,task_occ_e05,winter,OfficeSmall-5691,-28161.0,-28161.0
OfficeSmall,task_occ_e05,winter,OfficeSmall-5694,-30685.1,-30685.1
OfficeSmall,task_occ_e05,winter,OfficeSmall-5724,-39516.6,-39516.6
OfficeSmall,task_occ_e05,winter,OfficeSmall-5725,-54662.5,-54662.5
OfficeSmall,task_occ_e05,winter,OfficeSmall-5730,-28871.8,-28871.8
OfficeSmall,task_occ_e05,winter,OfficeSmall-5731,-44788.0,-44788.0
OfficeSmall,task_occ_e05,winter,OfficeSmall-5737,-32748.8,-32748.8
OfficeSmall,task_occ_e05,winter,OfficeSmall-5761,-33671.2,-33671.2
OfficeSmall,task_occ_e05,winter,OfficeSmall-5763,-27116.4,-27116.4
OfficeSmall,task_occ_e05,winter,OfficeSmall-5764,-22617.3,-22617.3
OfficeSmall,task_occ_e05,winter,OfficeSmall-5790,-25910.2,-25910.2
OfficeSmall,task_occ_e05,winter,OfficeSmall-5794,-32886.2,-32886.2
OfficeSmall,task_occ_e05,winter,OfficeSmall-5801,-32528.9,-32528.9
OfficeSmall,task_occ_e05,winter,OfficeSmall-5804,-25065.5,-25065.5
OfficeSmall,task_occ_e05,winter,OfficeSmall-5812,-35698.1,-35698.1
OfficeSmall,task_occ_e05,winter,OfficeSmall-5815,-22382.6,-22382.6
OfficeSmall,task_occ_e05,winter,OfficeSmall-5818,-89094.6,-89094.6
OfficeSmall,task_occ_e05,winter,OfficeSmall-5824,-46781.5,-46781.5
OfficeSmall,task_occ_e05,winter,OfficeSmall-5827,-111213.1,-111213.1
OfficeSmall,task_occ_e05,winter,OfficeSmall-5830,-63736.2,-63736.2
OfficeSmall,task_occ_e05,winter,OfficeSmall-5831,-55097.2,-55097.2
OfficeSmall,task_occ_e05,winter,OfficeSmall-5843,-34066.8,-34066.8
OfficeSmall,task_occ_e05,winter,OfficeSmall-5851,-74373.7,-74373.7
OfficeSmall,task_occ_e05,winter,OfficeSmall-5886,-192205.0,-192205.0
OfficeSmall,task_occ_e05,winter,OfficeSmall-5889,-297660.5,-297660.5
OfficeSmall,task_occ_e05,winter,OfficeSmall-5893,-357905.9,-357905.9
OfficeSmall,task_occ_e05,winter,OfficeSmall-5904,-80689.9,-80689.9
OfficeSmall,task_occ_e05,winter,OfficeSmall-5907,-35008.4,-35008.4
OfficeSmall,task_occ_e05,winter,OfficeSmall-5910,-30990.7,-30990.7
OfficeSmall,task_occ_e05,winter,OfficeSmall-5916,-63973.0,-63973.0
OfficeSmall,task_occ_e05,winter,OfficeSmall-5919,-37539.3,-37539.3
OfficeSmall,task_occ_e05,winter,OfficeSmall-5923,-44623.1,-44623.1
OfficeSmall,task_occ_e05,winter,OfficeSmall-5961,-32597.0,-32597.0
OfficeSmall,task_occ_e05,winter,OfficeSmall-5968,-31168.2,-31168.2
OfficeSmall,task_occ_e05,winter,OfficeSmall-5996,-21094.6,-21094.6
OfficeSmall,task_occ_e05,winter,OfficeSmall-5997,-51196.5,-51196.5
OfficeSmall,task_occ_e05,winter,OfficeSmall-5998,-50194.7,-50194.7
OfficeSmall,task_occ_e05,winter,OfficeSmall-5999,-39382.3,-39382.3
OfficeSmall,task_occ_e05,winter,OfficeSmall-6000,-23390.8,-23390.8
OfficeSmall,task_rand_e0,full_year,OfficeSmall-5014,-1176.3,-1176.3
OfficeSmall,task_rand_e0,full_year,OfficeSmall-5017,-489.5,-489.5
OfficeSmall,task_rand_e0,full_year,OfficeSmall-5022,-1032.1,-1032.1
OfficeSmall,task_rand_e0,full_year,OfficeSmall-5024,-1363.8,-1363.8
OfficeSmall,task_rand_e0,full_year,OfficeSmall-5036,-734.6,-734.6
OfficeSmall,task_rand_e0,full_year,OfficeSmall-5041,-1920.8,-1920.8
OfficeSmall,task_rand_e0,full_year,OfficeSmall-5053,-868.7,-868.7
OfficeSmall,task_rand_e0,full_year,OfficeSmall-5060,-659.7,-659.7
OfficeSmall,task_rand_e0,full_year,OfficeSmall-5072,-617.9,-617.9
OfficeSmall,task_rand_e0,full_year,OfficeSmall-5077,-722.0,-722.0
OfficeSmall,task_rand_e0,full_year,OfficeSmall-5089,-787.0,-787.0
OfficeSmall,task_rand_e0,full_year,OfficeSmall-5095,-1469.5,-1469.5
OfficeSmall,task_rand_e0,full_year,OfficeSmall-5108,-751.2,-751.2
OfficeSmall,task_rand_e0,full_year,OfficeSmall-5130,-2275.4,-2275.4
OfficeSmall,task_rand_e0,full_year,OfficeSmall-5142,-703.5,-703.5
OfficeSmall,task_rand_e0,full_year,OfficeSmall-5149,-1146.9,-1146.9
OfficeSmall,task_rand_e0,full_year,OfficeSmall-5150,-1217.2,-1217.2
OfficeSmall,task_rand_e0,full_year,OfficeSmall-5156,-754.6,-754.6
OfficeSmall,task_rand_e0,full_year,OfficeSmall-5167,-435.0,-435.0
OfficeSmall,task_rand_e0,full_year,OfficeSmall-5171,-493.8,-493.8
OfficeSmall,task_rand_e0,full_year,OfficeSmall-5191,-954.4,-954.4
OfficeSmall,task_rand_e0,full_year,OfficeSmall-5198,-896.9,-896.9
OfficeSmall,task_rand_e0,full_year,OfficeSmall-5236,-1145.1,-1145.1
OfficeSmall,task_rand_e0,full_year,OfficeSmall-5240,-1319.7,-1319.7
OfficeSmall,task_rand_e0,full_year,OfficeSmall-5241,-842.3,-842.3
OfficeSmall,task_rand_e0,full_year,OfficeSmall-5248,-788.2,-788.2
OfficeSmall,task_rand_e0,full_year,OfficeSmall-5249,-985.1,-985.1
OfficeSmall,task_rand_e0,full_year,OfficeSmall-5253,-1974.0,-1974.0
OfficeSmall,task_rand_e0,full_year,OfficeSmall-5260,-431.6,-431.6
OfficeSmall,task_rand_e0,full_year,OfficeSmall-5261,-1139.2,-1139.2
OfficeSmall,task_rand_e0,full_year,OfficeSmall-5263,-844.9,-844.9
OfficeSmall,task_rand_e0,full_year,OfficeSmall-5287,-721.2,-721.2
OfficeSmall,task_rand_e0,full_year,OfficeSmall-5295,-702.9,-702.9
OfficeSmall,task_rand_e0,full_year,OfficeSmall-5304,-507.0,-507.0
OfficeSmall,task_rand_e0,full_year,OfficeSmall-5316,-2266.6,-2266.6
OfficeSmall,task_rand_e0,full_year,OfficeSmall-5329,-1376.3,-1376.3
OfficeSmall,task_rand_e0,full_year,OfficeSmall-5339,-1340.6,-1340.6
OfficeSmall,task_rand_e0,full_year,OfficeSmall-5370,-1199.9,-1199.9
OfficeSmall,task_rand_e0,full_year,OfficeSmall-5420,-807.2,-807.2
OfficeSmall,task_rand_e0,full_year,OfficeSmall-5437,-596.7,-596.7
OfficeSmall,task_rand_e0,full_year,OfficeSmall-5447,-1053.1,-1053.1
OfficeSmall,task_rand_e0,full_year,OfficeSmall-5450,-494.5,-494.5
OfficeSmall,task_rand_e0,full_year,OfficeSmall-5454,-942.3,-942.3
OfficeSmall,task_rand_e0,full_year,OfficeSmall-5467,-676.3,-676.3
OfficeSmall,task_rand_e0,full_year,OfficeSmall-5469,-1646.0,-1646.0
OfficeSmall,task_rand_e0,full_year,OfficeSmall-5497,-689.3,-689.3
OfficeSmall,task_rand_e0,full_year,OfficeSmall-5506,-2288.0,-2288.0
OfficeSmall,task_rand_e0,full_year,OfficeSmall-5548,-819.0,-819.0
OfficeSmall,task_rand_e0,full_year,OfficeSmall-5559,-686.4,-686.4
OfficeSmall,task_rand_e0,full_year,OfficeSmall-5564,-771.9,-771.9
OfficeSmall,task_rand_e0,full_year,OfficeSmall-5576,-528.6,-528.6
OfficeSmall,task_rand_e0,full_year,OfficeSmall-5584,-512.7,-512.7
OfficeSmall,task_rand_e0,full_year,OfficeSmall-5594,-1448.3,-1448.3
OfficeSmall,task_rand_e0,full_year,OfficeSmall-5624,-1206.0,-1206.0
OfficeSmall,task_rand_e0,full_year,OfficeSmall-5640,-1062.9,-1062.9
OfficeSmall,task_rand_e0,full_year,OfficeSmall-5643,-441.1,-441.1
OfficeSmall,task_rand_e0,full_year,OfficeSmall-5652,-435.1,-435.1
OfficeSmall,task_rand_e0,full_year,OfficeSmall-5656,-632.2,-632.2
OfficeSmall,task_rand_e0,full_year,OfficeSmall-5670,-673.7,-673.7
OfficeSmall,task_rand_e0,full_year,OfficeSmall-5675,-912.6,-912.6
OfficeSmall,task_rand_e0,full_year,OfficeSmall-5689,-431.2,-431.2
OfficeSmall,task_rand_e0,full_year,OfficeSmall-5691,-727.5,-727.5
OfficeSmall,task_rand_e0,full_year,OfficeSmall-5694,-745.8,-745.8
OfficeSmall,task_rand_e0,full_year,OfficeSmall-5724,-837.2,-837.2
OfficeSmall,task_rand_e0,full_year,OfficeSmall-5725,-868.0,-868.0
OfficeSmall,task_rand_e0,full_year,OfficeSmall-5730,-435.1,-435.1
OfficeSmall,task_rand_e0,full_year,OfficeSmall-5731,-1057.6,-1057.6
OfficeSmall,task_rand_e0,full_year,OfficeSmall-5737,-695.4,-695.4
OfficeSmall,task_rand_e0,full_year,OfficeSmall-5761,-603.6,-603.6
OfficeSmall,task_rand_e0,full_year,OfficeSmall-5763,-486.4,-486.4
OfficeSmall,task_rand_e0,full_year,OfficeSmall-5764,-542.9,-542.9
OfficeSmall,task_rand_e0,full_year,OfficeSmall-5790,-573.3,-573.3
OfficeSmall,task_rand_e0,full_year,OfficeSmall-5794,-845.0,-845.0
OfficeSmall,task_rand_e0,full_year,OfficeSmall-5801,-758.1,-758.1
OfficeSmall,task_rand_e0,full_year,OfficeSmall-5804,-540.1,-540.1
OfficeSmall,task_rand_e0,full_year,OfficeSmall-5812,-580.8,-580.8
OfficeSmall,task_rand_e0,full_year,OfficeSmall-5815,-489.4,-489.4
OfficeSmall,task_rand_e0,full_year,OfficeSmall-5818,-923.8,-923.8
OfficeSmall,task_rand_e0,full_year,OfficeSmall-5824,-788.6,-788.6
OfficeSmall,task_rand_e0,full_year,OfficeSmall-5827,-1324.2,-1324.2
OfficeSmall,task_rand_e0,full_year,OfficeSmall-5830,-871.8,-871.8
OfficeSmall,task_rand_e0,full_year,OfficeSmall-5831,-733.5,-733.5
OfficeSmall,task_rand_e0,full_year,OfficeSmall-5843,-526.7,-526.7
OfficeSmall,task_rand_e0,full_year,OfficeSmall-5851,-1531.0,-1531.0
OfficeSmall,task_rand_e0,full_year,OfficeSmall-5886,-1504.5,-1504.5
OfficeSmall,task_rand_e0,full_year,OfficeSmall-5889,-2170.1,-2170.1
OfficeSmall,task_rand_e0,full_year,OfficeSmall-5893,-2435.4,-2435.4
OfficeSmall,task_rand_e0,full_year,OfficeSmall-5904,-850.7,-850.7
OfficeSmall,task_rand_e0,full_year,OfficeSmall-5907,-682.1,-682.1
OfficeSmall,task_rand_e0,full_year,OfficeSmall-5910,-1091.4,-1091.4
OfficeSmall,task_rand_e0,full_year,OfficeSmall-5916,-1302.1,-1302.1
OfficeSmall,task_rand_e0,full_year,OfficeSmall-5919,-810.2,-810.2
OfficeSmall,task_rand_e0,full_year,OfficeSmall-5923,-923.6,-923.6
OfficeSmall,task_rand_e0,full_year,OfficeSmall-5961,-702.2,-702.2
OfficeSmall,task_rand_e0,full_year,OfficeSmall-5968,-1453.6,-1453.6
OfficeSmall,task_rand_e0,full_year,OfficeSmall-5996,-504.8,-504.8
OfficeSmall,task_rand_e0,full_year,OfficeSmall-5997,-743.1,-743.1
OfficeSmall,task_rand_e0,full_year,OfficeSmall-5998,-733.9,-733.9
OfficeSmall,task_rand_e0,full_year,OfficeSmall-5999,-774.4,-774.4
OfficeSmall,task_rand_e0,full_year,OfficeSmall-6000,-529.1,-529.1
OfficeSmall,task_rand_e0,summer,OfficeSmall-5014,-330.2,-330.2
OfficeSmall,task_rand_e0,summer,OfficeSmall-5017,-217.7,-217.7
OfficeSmall,task_rand_e0,summer,OfficeSmall-5022,-295.2,-295.2
OfficeSmall,task_rand_e0,summer,OfficeSmall-5024,-411.3,-411.3
OfficeSmall,task_rand_e0,summer,OfficeSmall-5036,-333.3,-333.3
OfficeSmall,task_rand_e0,summer,OfficeSmall-5041,-439.1,-439.1
OfficeSmall,task_rand_e0,summer,OfficeSmall-5053,-331.3,-331.3
OfficeSmall,task_rand_e0,summer,OfficeSmall-5060,-238.5,-238.5
OfficeSmall,task_rand_e0,summer,OfficeSmall-5072,-244.3,-244.3
OfficeSmall,task_rand_e0,summer,OfficeSmall-5077,-264.6,-264.6
OfficeSmall,task_rand_e0,summer,OfficeSmall-5089,-327.9,-327.9
OfficeSmall,task_rand_e0,summer,OfficeSmall-5095,-317.4,-317.4
OfficeSmall,task_rand_e0,summer,OfficeSmall-5108,-397.1,-397.1
OfficeSmall,task_rand_e0,summer,OfficeSmall-5130,-312.7,-312.7
OfficeSmall,task_rand_e0,summer,OfficeSmall-5142,-271.5,-271.5
OfficeSmall,task_rand_e0,summer,OfficeSmall-5149,-406.6,-406.6
OfficeSmall,task_rand_e0,summer,OfficeSmall-5150,-298.1,-298.1
OfficeSmall,task_rand_e0,summer,OfficeSmall-5156,-328.5,-328.5
OfficeSmall,task_rand_e0,summer,OfficeSmall-5167,-201.0,-201.0
OfficeSmall,task_rand_e0,summer,OfficeSmall-5171,-216.0,-216.0
OfficeSmall,task_rand_e0,summer,OfficeSmall-5191,-384.9,-384.9
OfficeSmall,task_rand_e0,summer,OfficeSmall-5198,-302.7,-302.7
OfficeSmall,task_rand_e0,summer,OfficeSmall-5236,-492.9,-492.9
OfficeSmall,task_rand_e0,summer,OfficeSmall-5240,-311.9,-311.9
OfficeSmall,task_rand_e0,summer,OfficeSmall-5241,-383.7,-383.7
OfficeSmall,task_rand_e0,summer,OfficeSmall-5248,-325.0,-325.0
OfficeSmall,task_rand_e0,summer,OfficeSmall-5249,-307.3,-307.3
OfficeSmall,task_rand_e0,summer,OfficeSmall-5253,-414.8,-414.8
OfficeSmall,task_rand_e0,summer,OfficeSmall-5260,-198.8,-198.8
OfficeSmall,task_rand_e0,summer,OfficeSmall-5261,-339.4,-339.4
OfficeSmall,task_rand_e0,summer,OfficeSmall-5263,-414.8,-414.8
OfficeSmall,task_rand_e0,summer,OfficeSmall-5287,-310.2,-310.2
OfficeSmall,task_rand_e0,summer,OfficeSmall-5295,-249.4,-249.4
OfficeSmall,task_rand_e0,summer,OfficeSmall-5304,-221.9,-221.9
OfficeSmall,task_rand_e0,summer,OfficeSmall-5316,-485.1,-485.1
OfficeSmall,task_rand_e0,summer,OfficeSmall-5329,-417.1,-417.1
OfficeSmall,task_rand_e0,summer,OfficeSmall-5339,-319.8,-319.8
OfficeSmall,task_rand_e0,summer,OfficeSmall-5370,-357.3,-357.3
OfficeSmall,task_rand_e0,summer,OfficeSmall-5420,-312.1,-312.1
OfficeSmall,task_rand_e0,summer,OfficeSmall-5437,-223.8,-223.8
OfficeSmall,task_rand_e0,summer,OfficeSmall-5447,-405.5,-405.5
OfficeSmall,task_rand_e0,summer,OfficeSmall-5450,-218.3,-218.3
OfficeSmall,task_rand_e0,summer,OfficeSmall-5454,-309.0,-309.0
OfficeSmall,task_rand_e0,summer,OfficeSmall-5467,-304.7,-304.7
OfficeSmall,task_rand_e0,summer,OfficeSmall-5469,-305.1,-305.1
OfficeSmall,task_rand_e0,summer,OfficeSmall-5497,-312.8,-312.8
OfficeSmall,task_rand_e0,summer,OfficeSmall-5506,-385.3,-385.3
OfficeSmall,task_rand_e0,summer,OfficeSmall-5548,-330.6,-330.6
OfficeSmall,task_rand_e0,summer,OfficeSmall-5559,-314.2,-314.2
OfficeSmall,task_rand_e0,summer,OfficeSmall-5564,-424.2,-424.2
OfficeSmall,task_rand_e0,summer,OfficeSmall-5576,-226.3,-226.3
OfficeSmall,task_rand_e0,summer,OfficeSmall-5584,-222.3,-222.3
OfficeSmall,task_rand_e0,summer,OfficeSmall-5594,-672.3,-672.3
OfficeSmall,task_rand_e0,summer,OfficeSmall-5624,-455.8,-455.8
OfficeSmall,task_rand_e0,summer,OfficeSmall-5640,-428.3,-428.3
OfficeSmall,task_rand_e0,summer,OfficeSmall-5643,-204.4,-204.4
OfficeSmall,task_rand_e0,summer,OfficeSmall-5652,-207.3,-207.3
OfficeSmall,task_rand_e0,summer,OfficeSmall-5656,-236.2,-236.2
OfficeSmall,task_rand_e0,summer,OfficeSmall-5670,-299.9,-299.9
OfficeSmall,task_rand_e0,summer,OfficeSmall-5675,-314.5,-314.5
OfficeSmall,task_rand_e0,summer,OfficeSmall-5689,-203.7,-203.7
OfficeSmall,task_rand_e0,summer,OfficeSmall-5691,-280.7,-280.7
OfficeSmall,task_rand_e0,summer,OfficeSmall-5694,-320.1,-320.1
OfficeSmall,task_rand_e0,summer,OfficeSmall-5724,-320.7,-320.7
OfficeSmall,task_rand_e0,summer,OfficeSmall-5725,-359.5,-359.5
OfficeSmall,task_rand_e0,summer,OfficeSmall-5730,-200.4,-200.4
OfficeSmall,task_rand_e0,summer,OfficeSmall-5731,-317.6,-317.6
OfficeSmall,task_rand_e0,summer,OfficeSmall-5737,-287.3,-287.3
OfficeSmall,task_rand_e0,summer,OfficeSmall-5761,-224.4,-224.4
OfficeSmall,task_rand_e0,summer,OfficeSmall-5763,-212.6,-212.6
OfficeSmall,task_rand_e0,summer,OfficeSmall-5764,-220.9,-220.9
OfficeSmall,task_rand_e0,summer,OfficeSmall-5790,-230.6,-230.6
OfficeSmall,task_rand_e0,summer,OfficeSmall-5794,-315.9,-315.9
OfficeSmall,task_rand_e0,summer,OfficeSmall-5801,-332.3,-332.3
OfficeSmall,task_rand_e0,summer,OfficeSmall-5804,-226.9,-226.9
OfficeSmall,task_rand_e0,summer,OfficeSmall-5812,-232.2,-232.2
OfficeSmall,task_rand_e0,summer,OfficeSmall-5815,-212.4,-212.4
OfficeSmall,task_rand_e0,summer,OfficeSmall-5818,-402.4,-402.4
OfficeSmall,task_rand_e0,summer,OfficeSmall-5824,-325.5,-325.5
OfficeSmall,task_rand_e0,summer,OfficeSmall-5827,-318.5,-318.5
OfficeSmall,task_rand_e0,summer,OfficeSmall-5830,-400.4,-400.4
OfficeSmall,task_rand_e0,summer,OfficeSmall-5831,-384.3,-384.3
OfficeSmall,task_rand_e0,summer,OfficeSmall-5843,-231.7,-231.7
OfficeSmall,task_rand_e0,summer,OfficeSmall-5851,-336.1,-336.1
OfficeSmall,task_rand_e0,summer,OfficeSmall-5886,-450.8,-450.8
OfficeSmall,task_rand_e0,summer,OfficeSmall-5889,-392.7,-392.7
OfficeSmall,task_rand_e0,summer,OfficeSmall-5893,-416.0,-416.0
OfficeSmall,task_rand_e0,summer,OfficeSmall-5904,-389.0,-389.0
OfficeSmall,task_rand_e0,summer,OfficeSmall-5907,-247.5,-247.5
OfficeSmall,task_rand_e0,summer,OfficeSmall-5910,-298.3,-298.3
OfficeSmall,task_rand_e0,summer,OfficeSmall-5916,-324.8,-324.8
OfficeSmall,task_rand_e0,summer,OfficeSmall-5919,-309.6,-309.6
OfficeSmall,task_rand_e0,summer,OfficeSmall-5923,-339.1,-339.1
OfficeSmall,task_rand_e0,summer,OfficeSmall-5961,-260.8,-260.8
OfficeSmall,task_rand_e0,summer,OfficeSmall-5968,-304.0,-304.0
OfficeSmall,task_rand_e0,summer,OfficeSmall-5996,-222.3,-222.3
OfficeSmall,task_rand_e0,summer,OfficeSmall-5997,-410.9,-410.9
OfficeSmall,task_rand_e0,summer,OfficeSmall-5998,-397.7,-397.7
OfficeSmall,task_rand_e0,summer,OfficeSmall-5999,-318.6,-318.6
OfficeSmall,task_rand_e0,summer,OfficeSmall-6000,-231.7,-231.7
OfficeSmall,task_rand_e0,winter,OfficeSmall-5014,-199.4,-199.4
OfficeSmall,task_rand_e0,winter,OfficeSmall-5017,-113.2,-113.2
OfficeSmall,task_rand_e0,winter,OfficeSmall-5022,-186.3,-186.3
OfficeSmall,task_rand_e0,winter,OfficeSmall-5024,-325.6,-325.6
OfficeSmall,task_rand_e0,winter,OfficeSmall-5036,-160.9,-160.9
OfficeSmall,task_rand_e0,winter,OfficeSmall-5041,-563.5,-563.5
OfficeSmall,task_rand_e0,winter,OfficeSmall-5053,-179.1,-179.1
OfficeSmall,task_rand_e0,winter,OfficeSmall-5060,-210.3,-210.3
OfficeSmall,task_rand_e0,winter,OfficeSmall-5072,-177.9,-177.9
OfficeSmall,task_rand_e0,winter,OfficeSmall-5077,-121.1,-121.1
OfficeSmall,task_rand_e0,winter,OfficeSmall-5089,-186.2,-186.2
OfficeSmall,task_rand_e0,winter,OfficeSmall-5095,-183.2,-183.2
OfficeSmall,task_rand_e0,winter,OfficeSmall-5108,-157.0,-157.0
OfficeSmall,task_rand_e0,winter,OfficeSmall-5130,-1000.5,-1000.5
OfficeSmall,task_rand_e0,winter,OfficeSmall-5142,-118.6,-118.6
OfficeSmall,task_rand_e0,winter,OfficeSmall-5149,-234.9,-234.9
OfficeSmall,task_rand_e0,winter,OfficeSmall-5150,-392.9,-392.9
OfficeSmall,task_rand_e0,winter,OfficeSmall-5156,-154.5,-154.5
OfficeSmall,task_rand_e0,winter,OfficeSmall-5167,-104.9,-104.9
OfficeSmall,task_rand_e0,winter,OfficeSmall-5171,-113.5,-113.5
OfficeSmall,task_rand_e0,winter,OfficeSmall-5191,-212.9,-212.9
OfficeSmall,task_rand_e0,winter,OfficeSmall-5198,-239.4,-239.4
OfficeSmall,task_rand_e0,winter,OfficeSmall-5236,-445.7,-445.7
OfficeSmall,task_rand_e0,winter,OfficeSmall-5240,-452.6,-452.6
OfficeSmall,task_rand_e0,winter,OfficeSmall-5241,-260.0,-260.0
OfficeSmall,task_rand_e0,winter,OfficeSmall-5248,-187.6,-187.6
OfficeSmall,task_rand_e0,winter,OfficeSmall-5249,-188.4,-188.4
OfficeSmall,task_rand_e0,winter,OfficeSmall-5253,-1096.1,-1096.1
OfficeSmall,task_rand_e0,winter,OfficeSmall-5260,-97.7,-97.7
OfficeSmall,task_rand_e0,winter,OfficeSmall-5261,-191.8,-191.8
OfficeSmall,task_rand_e0,winter,OfficeSmall-5263,-239.3,-239.3
OfficeSmall,task_rand_e0,winter,OfficeSmall-5287,-187.3,-187.3
OfficeSmall,task_rand_e0,winter,OfficeSmall-5295,-123.2,-123.2
OfficeSmall,task_rand_e0,winter,OfficeSmall-5304,-124.1,-124.1
OfficeSmall,task_rand_e0,winter,OfficeSmall-5316,-1265.2,-1265.2
OfficeSmall,task_rand_e0,winter,OfficeSmall-5329,-348.0,-348.0
OfficeSmall,task_rand_e0,winter,OfficeSmall-5339,-181.7,-181.7
OfficeSmall,task_rand_e0,winter,OfficeSmall-5370,-178.7,-178.7
OfficeSmall,task_rand_e0,winter,OfficeSmall-5420,-189.4,-189.4
OfficeSmall,task_rand_e0,winter,OfficeSmall-5437,-171.2,-171.2
OfficeSmall,task_rand_e0,winter,OfficeSmall-5447,-208.4,-208.4
OfficeSmall,task_rand_e0,winter,OfficeSmall-5450,-113.3,-113.3
OfficeSmall,task_rand_e0,winter,OfficeSmall-5454,-185.0,-185.0
OfficeSmall,task_rand_e0,winter,OfficeSmall-5467,-133.8,-133.8
OfficeSmall,task_rand_e0,winter,OfficeSmall-5469,-645.6,-645.6
OfficeSmall,task_rand_e0,winter,OfficeSmall-5497,-138.6,-138.6
OfficeSmall,task_rand_e0,winter,OfficeSmall-5506,-187.0,-187.0
OfficeSmall,task_rand_e0,winter,OfficeSmall-5548,-152.9,-152.9
OfficeSmall,task_rand_e0,winter,OfficeSmall-5559,-131.2,-131.2
OfficeSmall,task_rand_e0,winter,OfficeSmall-5564,-205.9,-205.9
OfficeSmall,task_rand_e0,winter,OfficeSmall-5576,-136.8,-136.8
OfficeSmall,task_rand_e0,winter,OfficeSmall-5584,-123.7,-123.7
OfficeSmall,task_rand_e0,winter,OfficeSmall-5594,-287.6,-287.6
OfficeSmall,task_rand_e0,winter,OfficeSmall-5624,-248.4,-248.4
OfficeSmall,task_rand_e0,winter,OfficeSmall-5640,-347.4,-347.4
OfficeSmall,task_rand_e0,winter,OfficeSmall-5643,-103.7,-103.7
OfficeSmall,task_rand_e0,winter,OfficeSmall-5652,-100.5,-100.5
OfficeSmall,task_rand_e0,winter,OfficeSmall-5656,-184.2,-184.2
OfficeSmall,task_rand_e0,winter,OfficeSmall-5670,-132.7,-132.7
OfficeSmall,task_rand_e0,winter,OfficeSmall-5675,-279.8,-279.8
OfficeSmall,task_rand_e0,winter,OfficeSmall-5689,-100.6,-100.6
OfficeSmall,task_rand_e0,winter,OfficeSmall-5691,-117.5,-117.5
OfficeSmall,task_rand_e0,winter,OfficeSmall-5694,-147.7,-147.7
OfficeSmall,task_rand_e0,winter,OfficeSmall-5724,-170.8,-170.8
OfficeSmall,task_rand_e0,winter,OfficeSmall-5725,-186.1,-186.1
OfficeSmall,task_rand_e0,winter,OfficeSmall-5730,-101.9,-101.9
OfficeSmall,task_rand_e0,winter,OfficeSmall-5731,-200.2,-200.2
OfficeSmall,task_rand_e0,winter,OfficeSmall-5737,-150.2,-150.2
OfficeSmall,task_rand_e0,winter,OfficeSmall-5761,-179.0,-179.0
OfficeSmall,task_rand_e0,winter,OfficeSmall-5763,-110.8,-110.8
OfficeSmall,task_rand_e0,winter,OfficeSmall-5764,-152.2,-152.2
OfficeSmall,task_rand_e0,winter,OfficeSmall-5790,-164.0,-164.0
OfficeSmall,task_rand_e0,winter,OfficeSmall-5794,-186.6,-186.6
OfficeSmall,task_rand_e0,winter,OfficeSmall-5801,-161.4,-161.4
OfficeSmall,task_rand_e0,winter,OfficeSmall-5804,-132.0,-132.0
OfficeSmall,task_rand_e0,winter,OfficeSmall-5812,-168.6,-168.6
OfficeSmall,task_rand_e0,winter,OfficeSmall-5815,-114.1,-114.1
OfficeSmall,task_rand_e0,winter,OfficeSmall-5818,-293.7,-293.7
OfficeSmall,task_rand_e0,winter,OfficeSmall-5824,-153.2,-153.2
OfficeSmall,task_rand_e0,winter,OfficeSmall-5827,-446.3,-446.3
OfficeSmall,task_rand_e0,winter,OfficeSmall-5830,-188.7,-188.7
OfficeSmall,task_rand_e0,winter,OfficeSmall-5831,-154.9,-154.9
OfficeSmall,task_rand_e0,winter,OfficeSmall-5843,-128.3,-128.3
OfficeSmall,task_rand_e0,winter,OfficeSmall-5851,-316.6,-316.6
OfficeSmall,task_rand_e0,winter,OfficeSmall-5886,-728.5,-728.5
OfficeSmall,task_rand_e0,winter,OfficeSmall-5889,-1254.7,-1254.7
OfficeSmall,task_rand_e0,winter,OfficeSmall-5893,-1514.2,-1514.2
OfficeSmall,task_rand_e0,winter,OfficeSmall-5904,-264.0,-264.0
OfficeSmall,task_rand_e0,winter,OfficeSmall-5907,-123.0,-123.0
OfficeSmall,task_rand_e0,winter,OfficeSmall-5910,-179.0,-179.0
OfficeSmall,task_rand_e0,winter,OfficeSmall-5916,-273.7,-273.7
OfficeSmall,task_rand_e0,winter,OfficeSmall-5919,-217.5,-217.5
OfficeSmall,task_rand_e0,winter,OfficeSmall-5923,-176.5,-176.5
OfficeSmall,task_rand_e0,winter,OfficeSmall-5961,-117.7,-117.7
OfficeSmall,task_rand_e0,winter,OfficeSmall-5968,-186.9,-186.9
OfficeSmall,task_rand_e0,winter,OfficeSmall-5996,-130.7,-130.7
OfficeSmall,task_rand_e0,winter,OfficeSmall-5997,-149.4,-149.4
OfficeSmall,task_rand_e0,winter,OfficeSmall-5998,-142.6,-142.6
OfficeSmall,task_rand_e0,winter,OfficeSmall-5999,-162.2,-162.2
OfficeSmall,task_rand_e0,winter,OfficeSmall-6000,-146.4,-146.4
OfficeSmall,task_rand_e05,full_year,OfficeSmall-5014,-179617.6,-179617.6
OfficeSmall,task_rand_e05,full_year,OfficeSmall-5017,-121240.0,-121240.0
OfficeSmall,task_rand_e05,full_year,OfficeSmall-5022,-153162.9,-153162.9
OfficeSmall,task_rand_e05,full_year,OfficeSmall-5024,-228398.8,-228398.8
OfficeSmall,task_rand_e05,full_year,OfficeSmall-5036,-133776.1,-133776.1
OfficeSmall,task_rand_e05,full_year,OfficeSmall-5041,-320005.6,-320005.6
OfficeSmall,task_rand_e05,full_year,OfficeSmall-5053,-157864.7,-157864.7
OfficeSmall,task_rand_e05,full_year,OfficeSmall-5060,-128365.1,-128365.1
OfficeSmall,task_rand_e05,full_year,OfficeSmall-5072,-121180.1,-121180.1
OfficeSmall,task_rand_e05,full_year,OfficeSmall-5077,-132394.3,-132394.3
OfficeSmall,task_rand_e05,full_year,OfficeSmall-5089,-126696.4,-126696.4
OfficeSmall,task_rand_e05,full_year,OfficeSmall-5095,-191693.2,-191693.2
OfficeSmall,task_rand_e05,full_year,OfficeSmall-5108,-167934.9,-167934.9
OfficeSmall,task_rand_e05,full_year,OfficeSmall-5130,-333002.2,-333002.2
OfficeSmall,task_rand_e05,full_year,OfficeSmall-5142,-128438.2,-128438.2
OfficeSmall,task_rand_e05,full_year,OfficeSmall-5149,-205759.8,-205759.8
OfficeSmall,task_rand_e05,full_year,OfficeSmall-5150,-208582.9,-208582.9
OfficeSmall,task_rand_e05,full_year,OfficeSmall-5156,-142168.5,-142168.5
OfficeSmall,task_rand_e05,full_year,OfficeSmall-5167,-133993.0,-133993.0
OfficeSmall,task_rand_e05,full_year,OfficeSmall-5171,-115481.5,-115481.5
OfficeSmall,task_rand_e05,full_year,OfficeSmall-5191,-192265.5,-192265.5
OfficeSmall,task_rand_e05,full_year,OfficeSmall-5198,-162995.5,-162995.5
OfficeSmall,task_rand_e05,full_year,OfficeSmall-5236,-240112.2,-240112.2
OfficeSmall,task_rand_e05,full_year,OfficeSmall-5240,-209204.0,-209204.0
OfficeSmall,task_rand_e05,full_year,OfficeSmall-5241,-166800.6,-166800.6
OfficeSmall,task_rand_e05,full_year,OfficeSmall-5248,-128246.8,-128246.8
OfficeSmall,task_rand_e05,full_year,OfficeSmall-5249,-149954.1,-149954.1
OfficeSmall,task_rand_e05,full_year,OfficeSmall-5253,-344565.8,-344565.8
OfficeSmall,task_rand_e05,full_year,OfficeSmall-5260,-133939.9,-133939.9
OfficeSmall,task_rand_e05,full_year,OfficeSmall-5261,-170517.9,-170517.9
OfficeSmall,task_rand_e05,full_year,OfficeSmall-5263,-183566.1,-183566.1
OfficeSmall,task_rand_e05,full_year,OfficeSmall-5287,-138118.5,-138118.5
OfficeSmall,task_rand_e05,full_year,OfficeSmall-5295,-137369.0,-137369.0
OfficeSmall,task_rand_e05,full_year,OfficeSmall-5304,-99636.9,-99636.9
OfficeSmall,task_rand_e05,full_year,OfficeSmall-5316,-393673.3,-393673.3
OfficeSmall,task_rand_e05,full_year,OfficeSmall-5329,-233437.6,-233437.6
OfficeSmall,task_rand_e05,full_year,OfficeSmall-5339,-188478.7,-188478.7
OfficeSmall,task_rand_e05,full_year,OfficeSmall-5370,-176298.5,-176298.5
OfficeSmall,task_rand_e05,full_year,OfficeSmall-5420,-129466.6,-129466.6
OfficeSmall,task_rand_e05,full_year,OfficeSmall-5437,-116631.0,-116631.0
OfficeSmall,task_rand_e05,full_year,OfficeSmall-5447,-184939.7,-184939.7
OfficeSmall,task_rand_e05,full_year,OfficeSmall-5450,-116240.3,-116240.3
OfficeSmall,task_rand_e05,full_year,OfficeSmall-5454,-151743.3,-151743.3
OfficeSmall,task_rand_e05,full_year,OfficeSmall-5467,-118716.8,-118716.8
OfficeSmall,task_rand_e05,full_year,OfficeSmall-5469,-257861.7,-257861.7
OfficeSmall,task_rand_e05,full_year,OfficeSmall-5497,-146668.0,-146668.0
OfficeSmall,task_rand_e05,full_year,OfficeSmall-5506,-285810.7,-285810.7
OfficeSmall,task_rand_e05,full_year,OfficeSmall-5548,-158708.4,-158708.4
OfficeSmall,task_rand_e05,full_year,OfficeSmall-5559,-117065.9,-117065.9
OfficeSmall,task_rand_e05,full_year,OfficeSmall-5564,-177866.1,-177866.1
OfficeSmall,task_rand_e05,full_year,OfficeSmall-5576,-103931.6,-103931.6
OfficeSmall,task_rand_e05,full_year,OfficeSmall-5584,-113283.8,-113283.8
OfficeSmall,task_rand_e05,full_year,OfficeSmall-5594,-295653.9,-295653.9
OfficeSmall,task_rand_e05,full_year,OfficeSmall-5624,-216637.0,-216637.0
OfficeSmall,task_rand_e05,full_year,OfficeSmall-5640,-218553.2,-218553.2
OfficeSmall,task_rand_e05,full_year,OfficeSmall-5643,-109555.7,-109555.7
OfficeSmall,task_rand_e05,full_year,OfficeSmall-5652,-112406.8,-112406.8
OfficeSmall,task_rand_e05,full_year,OfficeSmall-5656,-126624.4,-126624.4
OfficeSmall,task_rand_e05,full_year,OfficeSmall-5670,-117893.2,-117893.2
OfficeSmall,task_rand_e05,full_year,OfficeSmall-5675,-152615.8,-152615.8
OfficeSmall,task_rand_e05,full_year,OfficeSmall-5689,-116675.2,-116675.2
OfficeSmall,task_rand_e05,full_year,OfficeSmall-5691,-126750.6,-126750.6
OfficeSmall,task_rand_e05,full_year,OfficeSmall-5694,-125731.5,-125731.5
OfficeSmall,task_rand_e05,full_year,OfficeSmall-5724,-139073.1,-139073.1
OfficeSmall,task_rand_e05,full_year,OfficeSmall-5725,-144577.5,-144577.5
OfficeSmall,task_rand_e05,full_year,OfficeSmall-5730,-132958.5,-132958.5
OfficeSmall,task_rand_e05,full_year,OfficeSmall-5731,-160895.3,-160895.3
OfficeSmall,task_rand_e05,full_year,OfficeSmall-5737,-126683.0,-126683.0
OfficeSmall,task_rand_e05,full_year,OfficeSmall-5761,-114786.6,-114786.6
OfficeSmall,task_rand_e05,full_year,OfficeSmall-5763,-105474.7,-105474.7
OfficeSmall,task_rand_e05,full_year,OfficeSmall-5764,-104884.4,-104884.4
OfficeSmall,task_rand_e05,full_year,OfficeSmall-5790,-113408.0,-113408.0
OfficeSmall,task_rand_e05,full_year,OfficeSmall-5794,-131209.0,-131209.0
OfficeSmall,task_rand_e05,full_year,OfficeSmall-5801,-127746.6,-127746.6
OfficeSmall,task_rand_e05,full_year,OfficeSmall-5804,-107912.0,-107912.0
OfficeSmall,task_rand_e05,full_year,OfficeSmall-5812,-116128.2,-116128.2
OfficeSmall,task_rand_e05,full_year,OfficeSmall-5815,-100184.5,-100184.5
OfficeSmall,task_rand_e05,full_year,OfficeSmall-5818,-185486.3,-185486.3
OfficeSmall,task_rand_e05,full_year,OfficeSmall-5824,-153364.9,-153364.9
OfficeSmall,task_rand_e05,full_year,OfficeSmall-5827,-201223.0,-201223.0
OfficeSmall,task_rand_e05,full_year,OfficeSmall-5830,-187554.1,-187554.1
OfficeSmall,task_rand_e05,full_year,OfficeSmall-5831,-161105.2,-161105.2
OfficeSmall,task_rand_e05,full_year,OfficeSmall-5843,-128307.5,-128307.5
OfficeSmall,task_rand_e05,full_year,OfficeSmall-5851,-221348.6,-221348.6
OfficeSmall,task_rand_e05,full_year,OfficeSmall-5886,-290318.6,-290318.6
OfficeSmall,task_rand_e05,full_year,OfficeSmall-5889,-363917.7,-363917.7
OfficeSmall,task_rand_e05,full_year,OfficeSmall-5893,-418140.5,-418140.5
OfficeSmall,task_rand_e05,full_year,OfficeSmall-5904,-173892.4,-173892.4
OfficeSmall,task_rand_e05,full_year,OfficeSmall-5907,-135237.3,-135237.3
OfficeSmall,task_rand_e05,full_year,OfficeSmall-5910,-163282.3,-163282.3
OfficeSmall,task_rand_e05,full_year,OfficeSmall-5916,-183866.6,-183866.6
OfficeSmall,task_rand_e05,full_year,OfficeSmall-5919,-134206.1,-134206.1
OfficeSmall,task_rand_e05,full_year,OfficeSmall-5923,-165783.1,-165783.1
OfficeSmall,task_rand_e05,full_year,OfficeSmall-5961,-127870.0,-127870.0
OfficeSmall,task_rand_e05,full_year,OfficeSmall-5968,-186680.9,-186680.9
OfficeSmall,task_rand_e05,full_year,OfficeSmall-5996,-100118.0,-100118.0
OfficeSmall,task_rand_e05,full_year,OfficeSmall-5997,-167901.6,-167901.6
OfficeSmall,task_rand_e05,full_year,OfficeSmall-5998,-162041.2,-162041.2
OfficeSmall,task_rand_e05,full_year,OfficeSmall-5999,-139420.8,-139420.8
OfficeSmall,task_rand_e05,full_year,OfficeSmall-6000,-107354.3,-107354.3
OfficeSmall,task_rand_e05,summer,OfficeSmall-5014,-32803.5,-32803.5
OfficeSmall,task_rand_e05,summer,OfficeSmall-5017,-25994.4,-25994.4
OfficeSmall,task_rand_e05,summer,OfficeSmall-5022,-25178.8,-25178.8
OfficeSmall,task_rand_e05,summer,OfficeSmall-5024,-29008.8,-29008.8
OfficeSmall,task_rand_e05,summer,OfficeSmall-5036,-23342.4,-23342.4
OfficeSmall,task_rand_e05,summer,OfficeSmall-5041,-29532.0,-29532.0
OfficeSmall,task_rand_e05,summer,OfficeSmall-5053,-31260.9,-31260.9
OfficeSmall,task_rand_e05,summer,OfficeSmall-5060,-24893.3,-24893.3
OfficeSmall,task_rand_e05,summer,OfficeSmall-5072,-24390.1,-24390.1
OfficeSmall,task_rand_e05,summer,OfficeSmall-5077,-28261.3,-28261.3
OfficeSmall,task_rand_e05,summer,OfficeSmall-5089,-23816.4,-23816.4
OfficeSmall,task_rand_e05,summer,OfficeSmall-5095,-27171.7,-27171.7
OfficeSmall,task_rand_e05,summer,OfficeSmall-5108,-29708.2,-29708.2
OfficeSmall,task_rand_e05,summer,OfficeSmall-5130,-25615.8,-25615.8
OfficeSmall,task_rand_e05,summer,OfficeSmall-5142,-29195.7,-29195.7
OfficeSmall,task_rand_e05,summer,OfficeSmall-5149,-28616.9,-28616.9
OfficeSmall,task_rand_e05,summer,OfficeSmall-5150,-26507.4,-26507.4
OfficeSmall,task_rand_e05,summer,OfficeSmall-5156,-25474.9,-25474.9
OfficeSmall,task_rand_e05,summer,OfficeSmall-5167,-28751.9,-28751.9
OfficeSmall,task_rand_e05,summer,OfficeSmall-5171,-24377.9,-24377.9
OfficeSmall,task_rand_e05,summer,OfficeSmall-5191,-28839.4,-28839.4
OfficeSmall,task_rand_e05,summer,OfficeSmall-5198,-25281.9,-25281.9
OfficeSmall,task_rand_e05,summer,OfficeSmall-5236,-41194.2,-41194.2
OfficeSmall,task_rand_e05,summer,OfficeSmall-5240,-25623.8,-25623.8
OfficeSmall,task_rand_e05,summer,OfficeSmall-5241,-26611.9,-26611.9
OfficeSmall,task_rand_e05,summer,OfficeSmall-5248,-24024.7,-24024.7
OfficeSmall,task_rand_e05,summer,OfficeSmall-5249,-26854.7,-26854.7
OfficeSmall,task_rand_e05,summer,OfficeSmall-5253,-31567.5,-31567.5
OfficeSmall,task_rand_e05,summer,OfficeSmall-5260,-28807.2,-28807.2
OfficeSmall,task_rand_e05,summer,OfficeSmall-5261,-28472.5,-28472.5
OfficeSmall,task_rand_e05,summer,OfficeSmall-5263,-32986.4,-32986.4
OfficeSmall,task_rand_e05,summer,OfficeSmall-5287,-31197.7,-31197.7
OfficeSmall,task_rand_e05,summer,OfficeSmall-5295,-30681.6,-30681.6
OfficeSmall,task_rand_e05,summer,OfficeSmall-5304,-20141.0,-20141.0
OfficeSmall,task_rand_e05,summer,OfficeSmall-5316,-39511.6,-39511.6
OfficeSmall,task_rand_e05,summer,OfficeSmall-5329,-29772.9,-29772.9
OfficeSmall,task_rand_e05,summer,OfficeSmall-5339,-27806.4,-27806.4
OfficeSmall,task_rand_e05,summer,OfficeSmall-5370,-30707.1,-30707.1
OfficeSmall,task_rand_e05,summer,OfficeSmall-5420,-22915.2,-22915.2
OfficeSmall,task_rand_e05,summer,OfficeSmall-5437,-23537.2,-23537.2
OfficeSmall,task_rand_e05,summer,OfficeSmall-5447,-28967.6,-28967.6
OfficeSmall,task_rand_e05,summer,OfficeSmall-5450,-24958.0,-24958.0
OfficeSmall,task_rand_e05,summer,OfficeSmall-5454,-31291.0,-31291.0
OfficeSmall,task_rand_e05,summer,OfficeSmall-5467,-27514.0,-27514.0
OfficeSmall,task_rand_e05,summer,OfficeSmall-5469,-27049.6,-27049.6
OfficeSmall,task_rand_e05,summer,OfficeSmall-5497,-28261.2,-28261.2
OfficeSmall,task_rand_e05,summer,OfficeSmall-5506,-33375.8,-33375.8
OfficeSmall,task_rand_e05,summer,OfficeSmall-5548,-26798.3,-26798.3
OfficeSmall,task_rand_e05,summer,OfficeSmall-5559,-27643.2,-27643.2
OfficeSmall,task_rand_e05,summer,OfficeSmall-5564,-35136.9,-35136.9
OfficeSmall,task_rand_e05,summer,OfficeSmall-5576,-20668.3,-20668.3
OfficeSmall,task_rand_e05,summer,OfficeSmall-5584,-24281.8,-24281.8
OfficeSmall,task_rand_e05,summer,OfficeSmall-5594,-47680.2,-47680.2
OfficeSmall,task_rand_e05,summer,OfficeSmall-5624,-34054.6,-34054.6
OfficeSmall,task_rand_e05,summer,OfficeSmall-5640,-33576.0,-33576.0
OfficeSmall,task_rand_e05,summer,OfficeSmall-5643,-24231.5,-24231.5
OfficeSmall,task_rand_e05,summer,OfficeSmall-5652,-24560.4,-24560.4
OfficeSmall,task_rand_e05,summer,OfficeSmall-5656,-24865.6,-24865.6
OfficeSmall,task_rand_e05,summer,OfficeSmall-5670,-27241.3,-27241.3
OfficeSmall,task_rand_e05,summer,OfficeSmall-5675,-24855.4,-24855.4
OfficeSmall,task_rand_e05,summer,OfficeSmall-5689,-25699.4,-25699.4
OfficeSmall,task_rand_e05,summer,OfficeSmall-5691,-28353.9,-28353.9
OfficeSmall,task_rand_e05,summer,OfficeSmall-5694,-29386.4,-29386.4
OfficeSmall,task_rand_e05,summer,OfficeSmall-5724,-26846.6,-26846.6
OfficeSmall,task_rand_e05,summer,OfficeSmall-5725,-22962.0,-22962.0
OfficeSmall,task_rand_e05,summer,OfficeSmall-5730,-28085.0,-28085.0
OfficeSmall,task_rand_e05,summer,OfficeSmall-5731,-28253.2,-28253.2
OfficeSmall,task_rand_e05,summer,OfficeSmall-5737,-29626.3,-29626.3
OfficeSmall,task_rand_e05,summer,OfficeSmall-5761,-22425.6,-22425.6
OfficeSmall,task_rand_e05,summer,OfficeSmall-5763,-22267.8,-22267.8
OfficeSmall,task_rand_e05,summer,OfficeSmall-5764,-20800.7,-20800.7
OfficeSmall,task_rand_e05,summer,OfficeSmall-5790,-22950.1,-22950.1
OfficeSmall,task_rand_e05,summer,OfficeSmall-5794,-23355.9,-23355.9
OfficeSmall,task_rand_e05,summer,OfficeSmall-5801,-30339.4,-30339.4
OfficeSmall,task_rand_e05,summer,OfficeSmall-5804,-21347.9,-21347.9
OfficeSmall,task_rand_e05,summer,OfficeSmall-5812,-22758.7,-22758.7
OfficeSmall,task_rand_e05,summer,OfficeSmall-5815,-20186.4,-20186.4
OfficeSmall,task_rand_e05,summer,OfficeSmall-5818,-29858.6,-29858.6
OfficeSmall,task_rand_e05,summer,OfficeSmall-5824,-26693.1,-26693.1
OfficeSmall,task_rand_e05,summer,OfficeSmall-5827,-23626.6,-23626.6
OfficeSmall,task_rand_e05,summer,OfficeSmall-5830,-30067.3,-30067.3
OfficeSmall,task_rand_e05,summer,OfficeSmall-5831,-27855.9,-27855.9
OfficeSmall,task_rand_e05,summer,OfficeSmall-5843,-27606.9,-27606.9
OfficeSmall,task_rand_e05,summer,OfficeSmall-5851,-28865.3,-28865.3
OfficeSmall,task_rand_e05,summer,OfficeSmall-5886,-37670.1,-37670.1
OfficeSmall,task_rand_e05,summer,OfficeSmall-5889,-28773.8,-28773.8
OfficeSmall,task_rand_e05,summer,OfficeSmall-5893,-32238.9,-32238.9
OfficeSmall,task_rand_e05,summer,OfficeSmall-5904,-28700.7,-28700.7
OfficeSmall,task_rand_e05,summer,OfficeSmall-5907,-31502.8,-31502.8
OfficeSmall,task_rand_e05,summer,OfficeSmall-5910,-25884.6,-25884.6
OfficeSmall,task_rand_e05,summer,OfficeSmall-5916,-25805.3,-25805.3
OfficeSmall,task_rand_e05,summer,OfficeSmall-5919,-22831.2,-22831.2
OfficeSmall,task_rand_e05,summer,OfficeSmall-5923,-33095.7,-33095.7
OfficeSmall,task_rand_e05,summer,OfficeSmall-5961,-28184.9,-28184.9
OfficeSmall,task_rand_e05,summer,OfficeSmall-5968,-25684.1,-25684.1
OfficeSmall,task_rand_e05,summer,OfficeSmall-5996,-19750.6,-19750.6
OfficeSmall,task_rand_e05,summer,OfficeSmall-5997,-31316.2,-31316.2
OfficeSmall,task_rand_e05,summer,OfficeSmall-5998,-30562.0,-30562.0
OfficeSmall,task_rand_e05,summer,OfficeSmall-5999,-29630.3,-29630.3
OfficeSmall,task_rand_e05,summer,OfficeSmall-6000,-21155.1,-21155.1
OfficeSmall,task_rand_e05,winter,OfficeSmall-5014,-36418.5,-36418.5
OfficeSmall,task_rand_e05,winter,OfficeSmall-5017,-29928.1,-29928.1
OfficeSmall,task_rand_e05,winter,OfficeSmall-5022,-28416.2,-28416.2
OfficeSmall,task_rand_e05,winter,OfficeSmall-5024,-58156.4,-58156.4
OfficeSmall,task_rand_e05,winter,OfficeSmall-5036,-35924.9,-35924.9
OfficeSmall,task_rand_e05,winter,OfficeSmall-5041,-98984.5,-98984.5
OfficeSmall,task_rand_e05,winter,OfficeSmall-5053,-37238.9,-37238.9
OfficeSmall,task_rand_e05,winter,OfficeSmall-5060,-33492.2,-33492.2
OfficeSmall,task_rand_e05,winter,OfficeSmall-5072,-27997.0,-27997.0
OfficeSmall,task_rand_e05,winter,OfficeSmall-5077,-26446.2,-26446.2
OfficeSmall,task_rand_e05,winter,OfficeSmall-5089,-34560.9,-34560.9
OfficeSmall,task_rand_e05,winter,OfficeSmall-5095,-26628.6,-26628.6
OfficeSmall,task_rand_e05,winter,OfficeSmall-5108,-39475.5,-39475.5
OfficeSmall,task_rand_e05,winter,OfficeSmall-5130,-142277.7,-142277.7
OfficeSmall,task_rand_e05,winter,OfficeSmall-5142,-25592.3,-25592.3
OfficeSmall,task_rand_e05,winter,OfficeSmall-5149,-47386.1,-47386.1
OfficeSmall,task_rand_e05,winter,OfficeSmall-5150,-67331.2,-67331.2
OfficeSmall,task_rand_e05,winter,OfficeSmall-5156,-35402.3,-35402.3
OfficeSmall,task_rand_e05,winter,OfficeSmall-5167,-27880.5,-27880.5
OfficeSmall,task_rand_e05,winter,OfficeSmall-5171,-28586.8,-28586.8
OfficeSmall,task_rand_e05,winter,OfficeSmall-5191,-45254.1,-45254.1
OfficeSmall,task_rand_e05,winter,OfficeSmall-5198,-44231.1,-44231.1
OfficeSmall,task_rand_e05,winter,OfficeSmall-5236,-92598.8,-92598.8
OfficeSmall,task_rand_e05,winter,OfficeSmall-5240,-67543.2,-67543.2
OfficeSmall,task_rand_e05,winter,OfficeSmall-5241,-48119.0,-48119.0
OfficeSmall,task_rand_e05,winter,OfficeSmall-5248,-35155.8,-35155.8
OfficeSmall,task_rand_e05,winter,OfficeSmall-5249,-35154.1,-35154.1
OfficeSmall,task_rand_e05,winter,OfficeSmall-5253,-187101.9,-187101.9
OfficeSmall,task_rand_e05,winter,OfficeSmall-5260,-26941.6,-26941.6
OfficeSmall,task_rand_e05,winter,OfficeSmall-5261,-30507.4,-30507.4
OfficeSmall,task_rand_e05,winter,OfficeSmall-5263,-48932.2,-48932.2
OfficeSmall,task_rand_e05,winter,OfficeSmall-5287,-38410.2,-38410.2
OfficeSmall,task_rand_e05,winter,OfficeSmall-5295,-27898.4,-27898.4
OfficeSmall,task_rand_e05,winter,OfficeSmall-5304,-19857.8,-19857.8
OfficeSmall,task_rand_e05,winter,OfficeSmall-5316,-212282.8,-212282.8
OfficeSmall,task_rand_e05,winter,OfficeSmall-5329,-62898.7,-62898.7
OfficeSmall,task_rand_e05,winter,OfficeSmall-5339,-28259.5,-28259.5
OfficeSmall,task_rand_e05,winter,OfficeSmall-5370,-29293.7,-29293.7
OfficeSmall,task_rand_e05,winter,OfficeSmall-5420,-27760.8,-27760.8
OfficeSmall,task_rand_e05,winter,OfficeSmall-5437,-27580.6,-27580.6
OfficeSmall,task_rand_e05,winter,OfficeSmall-5447,-40758.7,-40758.7
OfficeSmall,task_rand_e05,winter,OfficeSmall-5450,-28685.4,-28685.4
OfficeSmall,task_rand_e05,winter,OfficeSmall-5454,-34312.1,-34312.1
OfficeSmall,task_rand_e05,winter,OfficeSmall-5467,-26116.8,-26116.8
OfficeSmall,task_rand_e05,winter,OfficeSmall-5469,-93036.0,-93036.0
OfficeSmall,task_rand_e05,winter,OfficeSmall-5497,-37016.1,-37016.1
OfficeSmall,task_rand_e05,winter,OfficeSmall-5506,-28438.1,-28438.1
OfficeSmall,task_rand_e05,winter,OfficeSmall-5548,-36196.8,-36196.8
OfficeSmall,task_rand_e05,winter,OfficeSmall-5559,-25575.5,-25575.5
OfficeSmall,task_rand_e05,winter,OfficeSmall-5564,-45216.7,-45216.7
OfficeSmall,task_rand_e05,winter,OfficeSmall-5576,-21633.2,-21633.2
OfficeSmall,task_rand_e05,winter,OfficeSmall-5584,-28191.5,-28191.5
OfficeSmall,task_rand_e05,winter,OfficeSmall-5594,-63220.3,-63220.3
OfficeSmall,task_rand_e05,winter,OfficeSmall-5624,-50200.1,-50200.1
OfficeSmall,task_rand_e05,winter,OfficeSmall-5640,-66241.3,-66241.3
OfficeSmall,task_rand_e05,winter,OfficeSmall-5643,-22815.5,-22815.5
OfficeSmall,task_rand_e05,winter,OfficeSmall-5652,-23603.8,-23603.8
OfficeSmall,task_rand_e05,winter,OfficeSmall-5656,-30637.9,-30637.9
OfficeSmall,task_rand_e05,winter,OfficeSmall-5670,-26168.2,-26168.2
OfficeSmall,task_rand_e05,winter,OfficeSmall-5675,-39825.8,-39825.8
OfficeSmall,task_rand_e05,winter,OfficeSmall-5689,-24336.2,-24336.2
OfficeSmall,task_rand_e05,winter,OfficeSmall-5691,-24381.0,-24381.0
OfficeSmall,task_rand_e05,winter,OfficeSmall-5694,-28000.3,-28000.3
OfficeSmall,task_rand_e05,winter,OfficeSmall-5724,-35291.7,-35291.7
OfficeSmall,task_rand_e05,winter,OfficeSmall-5725,-36500.8,-36500.8
OfficeSmall,task_rand_e05,winter,OfficeSmall-5730,-26717.8,-26717.8
OfficeSmall,task_rand_e05,winter,OfficeSmall-5731,-34819.6,-34819.6
OfficeSmall,task_rand_e05,winter,OfficeSmall-5737,-29661.3,-29661.3
OfficeSmall,task_rand_e05,winter,OfficeSmall-5761,-28778.6,-28778.6
OfficeSmall,task_rand_e05,winter,OfficeSmall-5763,-26160.8,-26160.8
OfficeSmall,task_rand_e05,winter,OfficeSmall-5764,-22829.1,-22829.1
OfficeSmall,task_rand_e05,winter,OfficeSmall-5790,-24156.7,-24156.7
OfficeSmall,task_rand_e05,winter,OfficeSmall-5794,-26992.8,-26992.8
OfficeSmall,task_rand_e05,winter,OfficeSmall-5801,-29407.2,-29407.2
OfficeSmall,task_rand_e05,winter,OfficeSmall-5804,-22383.5,-22383.5
OfficeSmall,task_rand_e05,winter,OfficeSmall-5812,-27174.2,-27174.2
OfficeSmall,task_rand_e05,winter,OfficeSmall-5815,-20126.5,-20126.5
OfficeSmall,task_rand_e05,winter,OfficeSmall-5818,-54982.1,-54982.1
OfficeSmall,task_rand_e05,winter,OfficeSmall-5824,-36678.6,-36678.6
OfficeSmall,task_rand_e05,winter,OfficeSmall-5827,-62905.9,-62905.9
OfficeSmall,task_rand_e05,winter,OfficeSmall-5830,-43973.0,-43973.0
OfficeSmall,task_rand_e05,winter,OfficeSmall-5831,-37579.5,-37579.5
OfficeSmall,task_rand_e05,winter,OfficeSmall-5843,-32451.2,-32451.2
OfficeSmall,task_rand_e05,winter,OfficeSmall-5851,-50722.1,-50722.1
OfficeSmall,task_rand_e05,winter,OfficeSmall-5886,-135422.5,-135422.5
OfficeSmall,task_rand_e05,winter,OfficeSmall-5889,-209043.2,-209043.2
OfficeSmall,task_rand_e05,winter,OfficeSmall-5893,-251828.4,-251828.4
OfficeSmall,task_rand_e05,winter,OfficeSmall-5904,-50658.7,-50658.7
OfficeSmall,task_rand_e05,winter,OfficeSmall-5907,-28186.2,-28186.2
OfficeSmall,task_rand_e05,winter,OfficeSmall-5910,-27902.0,-27902.0
OfficeSmall,task_rand_e05,winter,OfficeSmall-5916,-40498.9,-40498.9
OfficeSmall,task_rand_e05,winter,OfficeSmall-5919,-31997.3,-31997.3
OfficeSmall,task_rand_e05,winter,OfficeSmall-5923,-38532.0,-38532.0
OfficeSmall,task_rand_e05,winter,OfficeSmall-5961,-25819.2,-25819.2
OfficeSmall,task_rand_e05,winter,OfficeSmall-5968,-26466.8,-26466.8
OfficeSmall,task_rand_e05,winter,OfficeSmall-5996,-20765.8,-20765.8
OfficeSmall,task_rand_e05,winter,OfficeSmall-5997,-39209.2,-39209.2
OfficeSmall,task_rand_e05,winter,OfficeSmall-5998,-37734.2,-37734.2
OfficeSmall,task_rand_e05,winter,OfficeSmall-5999,-35820.7,-35820.7
OfficeSmall,task_rand_e05,winter,OfficeSmall-6000,-23640.5,-23640.5
RestaurantFastFood,task_const_e0,full_year,RestaurantFastFood-3003,-704.7,-704.7
RestaurantFastFood,task_const_e0,full_year,RestaurantFastFood-3017,-1313.4,-1313.4
RestaurantFastFood,task_const_e0,full_year,RestaurantFastFood-3025,-2188.3,-2188.3
RestaurantFastFood,task_const_e0,full_year,RestaurantFastFood-3038,-513.5,-513.5
RestaurantFastFood,task_const_e0,full_year,RestaurantFastFood-3045,-2250.2,-2250.2
RestaurantFastFood,task_const_e0,full_year,RestaurantFastFood-3046,-586.0,-586.0
RestaurantFastFood,task_const_e0,full_year,RestaurantFastFood-3049,-5145.9,-5145.9
RestaurantFastFood,task_const_e0,full_year,RestaurantFastFood-3084,-1304.0,-1304.0
RestaurantFastFood,task_const_e0,full_year,RestaurantFastFood-3095,-665.3,-665.3
RestaurantFastFood,task_const_e0,full_year,RestaurantFastFood-3137,-867.9,-867.9
RestaurantFastFood,task_const_e0,full_year,RestaurantFastFood-3141,-1681.2,-1681.2
RestaurantFastFood,task_const_e0,full_year,RestaurantFastFood-3164,-4827.0,-4827.0
RestaurantFastFood,task_const_e0,full_year,RestaurantFastFood-3173,-2488.2,-2488.2
RestaurantFastFood,task_const_e0,full_year,RestaurantFastFood-3174,-659.3,-659.3
RestaurantFastFood,task_const_e0,full_year,RestaurantFastFood-3178,-630.9,-630.9
RestaurantFastFood,task_const_e0,full_year,RestaurantFastFood-3214,-631.9,-631.9
RestaurantFastFood,task_const_e0,full_year,RestaurantFastFood-3228,-716.3,-716.3
RestaurantFastFood,task_const_e0,full_year,RestaurantFastFood-3241,-865.9,-865.9
RestaurantFastFood,task_const_e0,full_year,RestaurantFastFood-3255,-11401.4,-11401.4
RestaurantFastFood,task_const_e0,full_year,RestaurantFastFood-3262,-1303.9,-1303.9
RestaurantFastFood,task_const_e0,full_year,RestaurantFastFood-3275,-1977.6,-1977.6
RestaurantFastFood,task_const_e0,full_year,RestaurantFastFood-3282,-633.2,-633.2
RestaurantFastFood,task_const_e0,full_year,RestaurantFastFood-3297,-2089.6,-2089.6
RestaurantFastFood,task_const_e0,full_year,RestaurantFastFood-3304,-4948.3,-4948.3
RestaurantFastFood,task_const_e0,full_year,RestaurantFastFood-3307,-2315.5,-2315.5
RestaurantFastFood,task_const_e0,full_year,RestaurantFastFood-3311,-5056.7,-5056.7
RestaurantFastFood,task_const_e0,full_year,RestaurantFastFood-3312,-688.7,-688.7
RestaurantFastFood,task_const_e0,full_year,RestaurantFastFood-3313,-1779.7,-1779.7
RestaurantFastFood,task_const_e0,full_year,RestaurantFastFood-3314,-11077.3,-11077.3
RestaurantFastFood,task_const_e0,full_year,RestaurantFastFood-3325,-658.8,-658.8
RestaurantFastFood,task_const_e0,full_year,RestaurantFastFood-3335,-11203.0,-11203.0
RestaurantFastFood,task_const_e0,full_year,RestaurantFastFood-3341,-1986.6,-1986.6
RestaurantFastFood,task_const_e0,full_year,RestaurantFastFood-3342,-1812.5,-1812.5
RestaurantFastFood,task_const_e0,full_year,RestaurantFastFood-3358,-909.9,-909.9
RestaurantFastFood,task_const_e0,full_year,RestaurantFastFood-3369,-515.7,-515.7
RestaurantFastFood,task_const_e0,full_year,RestaurantFastFood-3374,-11035.0,-11035.0
RestaurantFastFood,task_const_e0,full_year,RestaurantFastFood-3375,-5854.6,-5854.6
RestaurantFastFood,task_const_e0,full_year,RestaurantFastFood-3380,-586.4,-586.4
RestaurantFastFood,task_const_e0,full_year,RestaurantFastFood-3391,-510.5,-510.5
RestaurantFastFood,task_const_e0,full_year,RestaurantFastFood-3403,-4067.9,-4067.9
RestaurantFastFood,task_const_e0,full_year,RestaurantFastFood-3428,-516.6,-516.6
RestaurantFastFood,task_const_e0,full_year,RestaurantFastFood-3432,-773.6,-773.6
RestaurantFastFood,task_const_e0,full_year,RestaurantFastFood-3459,-1007.4,-1007.4
RestaurantFastFood,task_const_e0,full_year,RestaurantFastFood-3462,-2098.2,-2098.2
RestaurantFastFood,task_const_e0,full_year,RestaurantFastFood-3464,-666.0,-666.0
RestaurantFastFood,task_const_e0,full_year,RestaurantFastFood-3469,-686.7,-686.7
RestaurantFastFood,task_const_e0,full_year,RestaurantFastFood-3474,-696.2,-696.2
RestaurantFastFood,task_const_e0,full_year,RestaurantFastFood-3500,-826.4,-826.4
RestaurantFastFood,task_const_e0,full_year,RestaurantFastFood-3503,-3995.9,-3995.9
RestaurantFastFood,task_const_e0,full_year,RestaurantFastFood-3510,-642.8,-642.8
RestaurantFastFood,task_const_e0,full_year,RestaurantFastFood-3523,-598.1,-598.1
RestaurantFastFood,task_const_e0,full_year,RestaurantFastFood-3528,-1412.5,-1412.5
RestaurantFastFood,task_const_e0,full_year,RestaurantFastFood-3531,-560.3,-560.3
RestaurantFastFood,task_const_e0,full_year,RestaurantFastFood-3534,-5632.7,-5632.7
RestaurantFastFood,task_const_e0,full_year,RestaurantFastFood-3544,-1161.3,-1161.3
RestaurantFastFood,task_const_e0,full_year,RestaurantFastFood-3551,-569.0,-569.0
RestaurantFastFood,task_const_e0,full_year,RestaurantFastFood-3556,-727.5,-727.5
RestaurantFastFood,task_const_e0,full_year,RestaurantFastFood-3559,-656.4,-656.4
RestaurantFastFood,task_const_e0,full_year,RestaurantFastFood-3566,-2346.2,-2346.2
RestaurantFastFood,task_const_e0,full_year,RestaurantFastFood-3570,-1588.6,-1588.6
RestaurantFastFood,task_const_e0,full_year,RestaurantFastFood-3571,-2147.5,-2147.5
RestaurantFastFood,task_const_e0,full_year,RestaurantFastFood-3606,-999.6,-999.6
RestaurantFastFood,task_const_e0,full_year,RestaurantFastFood-3610,-4594.5,-4594.5
RestaurantFastFood,task_const_e0,full_year,RestaurantFastFood-3621,-636.2,-636.2
RestaurantFastFood,task_const_e0,full_year,RestaurantFastFood-3627,-602.5,-602.5
RestaurantFastFood,task_const_e0,full_year,RestaurantFastFood-3628,-1377.2,-1377.2
RestaurantFastFood,task_const_e0,full_year,RestaurantFastFood-3653,-611.9,-611.9
RestaurantFastFood,task_const_e0,full_year,RestaurantFastFood-3658,-2052.1,-2052.1
RestaurantFastFood,task_const_e0,full_year,RestaurantFastFood-3660,-678.1,-678.1
RestaurantFastFood,task_const_e0,full_year,RestaurantFastFood-3667,-578.2,-578.2
RestaurantFastFood,task_const_e0,full_year,RestaurantFastFood-3670,-2022.3,-2022.3
RestaurantFastFood,task_const_e0,full_year,RestaurantFastFood-3678,-604.7,-604.7
RestaurantFastFood,task_const_e0,full_year,RestaurantFastFood-3697,-514.0,-514.0
RestaurantFastFood,task_const_e0,full_year,RestaurantFastFood-3706,-501.1,-501.1
RestaurantFastFood,task_const_e0,full_year,RestaurantFastFood-3716,-5115.3,-5115.3
RestaurantFastFood,task_const_e0,full_year,RestaurantFastFood-3741,-675.5,-675.5
RestaurantFastFood,task_const_e0,full_year,RestaurantFastFood-3761,-5099.1,-5099.1
RestaurantFastFood,task_const_e0,full_year,RestaurantFastFood-3781,-613.9,-613.9
RestaurantFastFood,task_const_e0,full_year,RestaurantFastFood-3785,-11031.0,-11031.0
RestaurantFastFood,task_const_e0,full_year,RestaurantFastFood-3787,-672.6,-672.6
RestaurantFastFood,task_const_e0,full_year,RestaurantFastFood-3794,-630.7,-630.7
RestaurantFastFood,task_const_e0,full_year,RestaurantFastFood-3806,-661.6,-661.6
RestaurantFastFood,task_const_e0,full_year,RestaurantFastFood-3809,-2074.0,-2074.0
RestaurantFastFood,task_const_e0,full_year,RestaurantFastFood-3818,-1875.0,-1875.0
RestaurantFastFood,task_const_e0,full_year,RestaurantFastFood-3823,-588.9,-588.9
RestaurantFastFood,task_const_e0,full_year,RestaurantFastFood-3832,-5447.2,-5447.2
RestaurantFastFood,task_const_e0,full_year,RestaurantFastFood-3853,-11461.8,-11461.8
RestaurantFastFood,task_const_e0,full_year,RestaurantFastFood-3856,-646.8,-646.8
RestaurantFastFood,task_const_e0,full_year,RestaurantFastFood-3869,-1014.6,-1014.6
RestaurantFastFood,task_const_e0,full_year,RestaurantFastFood-3875,-563.0,-563.0
RestaurantFastFood,task_const_e0,full_year,RestaurantFastFood-3878,-1888.4,-1888.4
RestaurantFastFood,task_const_e0,full_year,RestaurantFastFood-3886,-1152.3,-1152.3
RestaurantFastFood,task_const_e0,full_year,RestaurantFastFood-3901,-555.7,-555.7
RestaurantFastFood,task_const_e0,full_year,RestaurantFastFood-3941,-610.2,-610.2
RestaurantFastFood,task_const_e0,full_year,RestaurantFastFood-3976,-632.6,-632.6
RestaurantFastFood,task_const_e0,full_year,RestaurantFastFood-3979,-535.8,-535.8
RestaurantFastFood,task_const_e0,full_year,RestaurantFastFood-3997,-2231.9,-2231.9
RestaurantFastFood,task_const_e0,full_year,RestaurantFastFood-3998,-2107.3,-2107.3
RestaurantFastFood,task_const_e0,full_year,RestaurantFastFood-3999,-603.5,-603.5
RestaurantFastFood,task_const_e0,full_year,RestaurantFastFood-4000,-2136.5,-2136.5
RestaurantFastFood,task_const_e0,summer,RestaurantFastFood-3003,-1468.2,-1468.2
RestaurantFastFood,task_const_e0,summer,RestaurantFastFood-3017,-3493.6,-3493.6
RestaurantFastFood,task_const_e0,summer,RestaurantFastFood-3025,-3902.5,-3902.5
RestaurantFastFood,task_const_e0,summer,RestaurantFastFood-3038,-689.0,-689.0
RestaurantFastFood,task_const_e0,summer,RestaurantFastFood-3045,-3765.0,-3765.0
RestaurantFastFood,task_const_e0,summer,RestaurantFastFood-3046,-2586.8,-2586.8
RestaurantFastFood,task_const_e0,summer,RestaurantFastFood-3049,-3900.2,-3900.2
RestaurantFastFood,task_const_e0,summer,RestaurantFastFood-3084,-3385.2,-3385.2
RestaurantFastFood,task_const_e0,summer,RestaurantFastFood-3095,-1669.7,-1669.7
RestaurantFastFood,task_const_e0,summer,RestaurantFastFood-3137,-2339.0,-2339.0
RestaurantFastFood,task_const_e0,summer,RestaurantFastFood-3141,-3505.0,-3505.0
RestaurantFastFood,task_const_e0,summer,RestaurantFastFood-3164,-3907.6,-3907.6
RestaurantFastFood,task_const_e0,summer,RestaurantFastFood-3173,-3913.9,-3913.9
RestaurantFastFood,task_const_e0,summer,RestaurantFastFood-3174,-2127.1,-2127.1
RestaurantFastFood,task_const_e0,summer,RestaurantFastFood-3178,-1896.0,-1896.0
RestaurantFastFood,task_const_e0,summer,RestaurantFastFood-3214,-2033.8,-2033.8
RestaurantFastFood,task_const_e0,summer,RestaurantFastFood-3228,-1054.4,-1054.4
RestaurantFastFood,task_const_e0,summer,RestaurantFastFood-3241,-3063.3,-3063.3
RestaurantFastFood,task_const_e0,summer,RestaurantFastFood-3255,-3773.8,-3773.8
RestaurantFastFood,task_const_e0,summer,RestaurantFastFood-3262,-3428.6,-3428.6
RestaurantFastFood,task_const_e0,summer,RestaurantFastFood-3275,-3476.6,-3476.6
RestaurantFastFood,task_const_e0,summer,RestaurantFastFood-3282,-2138.5,-2138.5
RestaurantFastFood,task_const_e0,summer,RestaurantFastFood-3297,-3868.7,-3868.7
RestaurantFastFood,task_const_e0,summer,RestaurantFastFood-3304,-4797.8,-4797.8
RestaurantFastFood,task_const_e0,summer,RestaurantFastFood-3307,-2225.8,-2225.8
RestaurantFastFood,task_const_e0,summer,RestaurantFastFood-3311,-3867.8,-3867.8
RestaurantFastFood,task_const_e0,summer,RestaurantFastFood-3312,-3618.7,-3618.7
RestaurantFastFood,task_const_e0,summer,RestaurantFastFood-3313,-3462.9,-3462.9
RestaurantFastFood,task_const_e0,summer,RestaurantFastFood-3314,-3668.6,-3668.6
RestaurantFastFood,task_const_e0,summer,RestaurantFastFood-3325,-2198.2,-2198.2
RestaurantFastFood,task_const_e0,summer,RestaurantFastFood-3335,-3434.3,-3434.3
RestaurantFastFood,task_const_e0,summer,RestaurantFastFood-3341,-1951.9,-1951.9
RestaurantFastFood,task_const_e0,summer,RestaurantFastFood-3342,-3447.1,-3447.1
RestaurantFastFood,task_const_e0,summer,RestaurantFastFood-3358,-2673.1,-2673.1
RestaurantFastFood,task_const_e0,summer,RestaurantFastFood-3369,-1688.0,-1688.0
RestaurantFastFood,task_const_e0,summer,RestaurantFastFood-3374,-3436.3,-3436.3
RestaurantFastFood,task_const_e0,summer,RestaurantFastFood-3375,-3834.1,-3834.1
RestaurantFastFood,task_const_e0,summer,RestaurantFastFood-3380,-2463.4,-2463.4
RestaurantFastFood,task_const_e0,summer,RestaurantFastFood-3391,-1684.4,-1684.4
RestaurantFastFood,task_const_e0,summer,RestaurantFastFood-3403,-3500.8,-3500.8
RestaurantFastFood,task_const_e0,summer,RestaurantFastFood-3428,-1551.1,-1551.1
RestaurantFastFood,task_const_e0,summer,RestaurantFastFood-3432,-2690.3,-2690.3
RestaurantFastFood,task_const_e0,summer,RestaurantFastFood-3459,-3078.1,-3078.1
RestaurantFastFood,task_const_e0,summer,RestaurantFastFood-3462,-3864.6,-3864.6
RestaurantFastFood,task_const_e0,summer,RestaurantFastFood-3464,-3651.6,-3651.6
RestaurantFastFood,task_const_e0,summer,RestaurantFastFood-3469,-2500.2,-2500.2
RestaurantFastFood,task_const_e0,summer,RestaurantFastFood-3474,-1696.5,-1696.5
RestaurantFastFood,task_const_e0,summer,RestaurantFastFood-3500,-2375.8,-2375.8
RestaurantFastFood,task_const_e0,summer,RestaurantFastFood-3503,-3637.9,-3637.9
RestaurantFastFood,task_const_e0,summer,RestaurantFastFood-3510,-2491.5,-2491.5
RestaurantFastFood,task_const_e0,summer,RestaurantFastFood-3523,-531.0,-531.0
RestaurantFastFood,task_const_e0,summer,RestaurantFastFood-3528,-3410.4,-3410.4
RestaurantFastFood,task_const_e0,summer,RestaurantFastFood-3531,-1582.4,-1582.4
RestaurantFastFood,task_const_e0,summer,RestaurantFastFood-3534,-3737.4,-3737.4
RestaurantFastFood,task_const_e0,summer,RestaurantFastFood-3544,-3150.6,-3150.6
RestaurantFastFood,task_const_e0,summer,RestaurantFastFood-3551,-2414.1,-2414.1
RestaurantFastFood,task_const_e0,summer,RestaurantFastFood-3556,-3696.4,-3696.4
RestaurantFastFood,task_const_e0,summer,RestaurantFastFood-3559,-2551.9,-2551.9
RestaurantFastFood,task_const_e0,summer,RestaurantFastFood-3566,-2105.6,-2105.6
RestaurantFastFood,task_const_e0,summer,RestaurantFastFood-3570,-3510.0,-3510.0
RestaurantFastFood,task_const_e0,summer,RestaurantFastFood-3571,-2000.7,-2000.7
RestaurantFastFood,task_const_e0,summer,RestaurantFastFood-3606,-3086.4,-3086.4
RestaurantFastFood,task_const_e0,summer,RestaurantFastFood-3610,-3794.6,-3794.6
RestaurantFastFood,task_const_e0,summer,RestaurantFastFood-3621,-3699.1,-3699.1
RestaurantFastFood,task_const_e0,summer,RestaurantFastFood-3627,-534.5,-534.5
RestaurantFastFood,task_const_e0,summer,RestaurantFastFood-3628,-3507.4,-3507.4
RestaurantFastFood,task_const_e0,summer,RestaurantFastFood-3653,-2432.7,-2432.7
RestaurantFastFood,task_const_e0,summer,RestaurantFastFood-3658,-1600.9,-1600.9
RestaurantFastFood,task_const_e0,summer,RestaurantFastFood-3660,-2594.3,-2594.3
RestaurantFastFood,task_const_e0,summer,RestaurantFastFood-3667,-2692.5,-2692.5
RestaurantFastFood,task_const_e0,summer,RestaurantFastFood-3670,-2077.1,-2077.1
RestaurantFastFood,task_const_e0,summer,RestaurantFastFood-3678,-2071.5,-2071.5
RestaurantFastFood,task_const_e0,summer,RestaurantFastFood-3697,-1452.6,-1452.6
RestaurantFastFood,task_const_e0,summer,RestaurantFastFood-3706,-742.0,-742.0
RestaurantFastFood,task_const_e0,summer,RestaurantFastFood-3716,-3334.7,-3334.7
RestaurantFastFood,task_const_e0,summer,RestaurantFastFood-3741,-3703.9,-3703.9
RestaurantFastFood,task_const_e0,summer,RestaurantFastFood-3761,-3358.8,-3358.8
RestaurantFastFood,task_const_e0,summer,RestaurantFastFood-3781,-536.3,-536.3
RestaurantFastFood,task_const_e0,summer,RestaurantFastFood-3785,-3408.4,-3408.4
RestaurantFastFood,task_const_e0,summer,RestaurantFastFood-3787,-1693.7,-1693.7
RestaurantFastFood,task_const_e0,summer,RestaurantFastFood-3794,-3603.9,-3603.9
RestaurantFastFood,task_const_e0,summer,RestaurantFastFood-3806,-2270.4,-2270.4
RestaurantFastFood,task_const_e0,summer,RestaurantFastFood-3809,-3861.1,-3861.1
RestaurantFastFood,task_const_e0,summer,RestaurantFastFood-3818,-3466.2,-3466.2
RestaurantFastFood,task_const_e0,summer,RestaurantFastFood-3823,-2574.7,-2574.7
RestaurantFastFood,task_const_e0,summer,RestaurantFastFood-3832,-3868.1,-3868.1
RestaurantFastFood,task_const_e0,summer,RestaurantFastFood-3853,-3707.4,-3707.4
RestaurantFastFood,task_const_e0,summer,RestaurantFastFood-3856,-1632.8,-1632.8
RestaurantFastFood,task_const_e0,summer,RestaurantFastFood-3869,-3089.2,-3089.2
RestaurantFastFood,task_const_e0,summer,RestaurantFastFood-3875,-2425.5,-2425.5
RestaurantFastFood,task_const_e0,summer,RestaurantFastFood-3878,-3566.7,-3566.7
RestaurantFastFood,task_const_e0,summer,RestaurantFastFood-3886,-3144.8,-3144.8
RestaurantFastFood,task_const_e0,summer,RestaurantFastFood-3901,-2378.9,-2378.9
RestaurantFastFood,task_const_e0,summer,RestaurantFastFood-3941,-569.5,-569.5
RestaurantFastFood,task_const_e0,summer,RestaurantFastFood-3976,-2504.8,-2504.8
RestaurantFastFood,task_const_e0,summer,RestaurantFastFood-3979,-1661.5,-1661.5
RestaurantFastFood,task_const_e0,summer,RestaurantFastFood-3997,-3822.0,-3822.0
RestaurantFastFood,task_const_e0,summer,RestaurantFastFood-3998,-3796.3,-3796.3
RestaurantFastFood,task_const_e0,summer,RestaurantFastFood-3999,-544.3,-544.3
RestaurantFastFood,task_const_e0,summer,RestaurantFastFood-4000,-3916.6,-3916.6
RestaurantFastFood,task_const_e0,winter,RestaurantFastFood-3003,-180.5,-180.5
RestaurantFastFood,task_const_e0,winter,RestaurantFastFood-3017,-211.7,-211.7
RestaurantFastFood,task_const_e0,winter,RestaurantFastFood-3025,-395.4,-395.4
RestaurantFastFood,task_const_e0,winter,RestaurantFastFood-3038,-135.0,-135.0
RestaurantFastFood,task_const_e0,winter,RestaurantFastFood-3045,-363.4,-363.4
RestaurantFastFood,task_const_e0,winter,RestaurantFastFood-3046,-135.9,-135.9
RestaurantFastFood,task_const_e0,winter,RestaurantFastFood-3049,-781.2,-781.2
RestaurantFastFood,task_const_e0,winter,RestaurantFastFood-3084,-200.8,-200.8
RestaurantFastFood,task_const_e0,winter,RestaurantFastFood-3095,-155.6,-155.6
RestaurantFastFood,task_const_e0,winter,RestaurantFastFood-3137,-201.5,-201.5
RestaurantFastFood,task_const_e0,winter,RestaurantFastFood-3141,-238.5,-238.5
RestaurantFastFood,task_const_e0,winter,RestaurantFastFood-3164,-833.9,-833.9
RestaurantFastFood,task_const_e0,winter,RestaurantFastFood-3173,-408.8,-408.8
RestaurantFastFood,task_const_e0,winter,RestaurantFastFood-3174,-128.2,-128.2
RestaurantFastFood,task_const_e0,winter,RestaurantFastFood-3178,-133.0,-133.0
RestaurantFastFood,task_const_e0,winter,RestaurantFastFood-3214,-128.1,-128.1
RestaurantFastFood,task_const_e0,winter,RestaurantFastFood-3228,-179.9,-179.9
RestaurantFastFood,task_const_e0,winter,RestaurantFastFood-3241,-174.1,-174.1
RestaurantFastFood,task_const_e0,winter,RestaurantFastFood-3255,-2131.0,-2131.0
RestaurantFastFood,task_const_e0,winter,RestaurantFastFood-3262,-203.8,-203.8
RestaurantFastFood,task_const_e0,winter,RestaurantFastFood-3275,-255.1,-255.1
RestaurantFastFood,task_const_e0,winter,RestaurantFastFood-3282,-123.1,-123.1
RestaurantFastFood,task_const_e0,winter,RestaurantFastFood-3297,-318.0,-318.0
RestaurantFastFood,task_const_e0,winter,RestaurantFastFood-3304,-1038.3,-1038.3
RestaurantFastFood,task_const_e0,winter,RestaurantFastFood-3307,-671.8,-671.8
RestaurantFastFood,task_const_e0,winter,RestaurantFastFood-3311,-819.1,-819.1
RestaurantFastFood,task_const_e0,winter,RestaurantFastFood-3312,-177.9,-177.9
RestaurantFastFood,task_const_e0,winter,RestaurantFastFood-3313,-219.6,-219.6
RestaurantFastFood,task_const_e0,winter,RestaurantFastFood-3314,-2045.9,-2045.9
RestaurantFastFood,task_const_e0,winter,RestaurantFastFood-3325,-120.8,-120.8
RestaurantFastFood,task_const_e0,winter,RestaurantFastFood-3335,-2224.2,-2224.2
RestaurantFastFood,task_const_e0,winter,RestaurantFastFood-3341,-624.8,-624.8
RestaurantFastFood,task_const_e0,winter,RestaurantFastFood-3342,-219.9,-219.9
RestaurantFastFood,task_const_e0,winter,RestaurantFastFood-3358,-122.5,-122.5
RestaurantFastFood,task_const_e0,winter,RestaurantFastFood-3369,-127.8,-127.8
RestaurantFastFood,task_const_e0,winter,RestaurantFastFood-3374,-2157.2,-2157.2
RestaurantFastFood,task_const_e0,winter,RestaurantFastFood-3375,-813.5,-813.5
RestaurantFastFood,task_const_e0,winter,RestaurantFastFood-3380,-147.4,-147.4
RestaurantFastFood,task_const_e0,winter,RestaurantFastFood-3391,-132.6,-132.6
RestaurantFastFood,task_const_e0,winter,RestaurantFastFood-3403,-983.2,-983.2
RestaurantFastFood,task_const_e0,winter,RestaurantFastFood-3428,-134.4,-134.4
RestaurantFastFood,task_const_e0,winter,RestaurantFastFood-3432,-127.6,-127.6
RestaurantFastFood,task_const_e0,winter,RestaurantFastFood-3459,-202.4,-202.4
RestaurantFastFood,task_const_e0,winter,RestaurantFastFood-3462,-346.9,-346.9
RestaurantFastFood,task_const_e0,winter,RestaurantFastFood-3464,-167.7,-167.7
RestaurantFastFood,task_const_e0,winter,RestaurantFastFood-3469,-139.8,-139.8
RestaurantFastFood,task_const_e0,winter,RestaurantFastFood-3474,-168.9,-168.9
RestaurantFastFood,task_const_e0,winter,RestaurantFastFood-3500,-189.2,-189.2
RestaurantFastFood,task_const_e0,winter,RestaurantFastFood-3503,-985.2,-985.2
RestaurantFastFood,task_const_e0,winter,RestaurantFastFood-3510,-131.4,-131.4
RestaurantFastFood,task_const_e0,winter,RestaurantFastFood-3523,-156.7,-156.7
RestaurantFastFood,task_const_e0,winter,RestaurantFastFood-3528,-209.1,-209.1
RestaurantFastFood,task_const_e0,winter,RestaurantFastFood-3531,-150.8,-150.8
RestaurantFastFood,task_const_e0,winter,RestaurantFastFood-3534,-815.7,-815.7
RestaurantFastFood,task_const_e0,winter,RestaurantFastFood-3544,-240.8,-240.8
RestaurantFastFood,task_const_e0,winter,RestaurantFastFood-3551,-144.9,-144.9
RestaurantFastFood,task_const_e0,winter,RestaurantFastFood-3556,-189.2,-189.2
RestaurantFastFood,task_const_e0,winter,RestaurantFastFood-3559,-132.2,-132.2
RestaurantFastFood,task_const_e0,winter,RestaurantFastFood-3566,-700.4,-700.4
RestaurantFastFood,task_const_e0,winter,RestaurantFastFood-3570,-207.7,-207.7
RestaurantFastFood,task_const_e0,winter,RestaurantFastFood-3571,-670.5,-670.5
RestaurantFastFood,task_const_e0,winter,RestaurantFastFood-3606,-193.3,-193.3
RestaurantFastFood,task_const_e0,winter,RestaurantFastFood-3610,-1075.8,-1075.8
RestaurantFastFood,task_const_e0,winter,RestaurantFastFood-3621,-156.5,-156.5
RestaurantFastFood,task_const_e0,winter,RestaurantFastFood-3627,-155.6,-155.6
RestaurantFastFood,task_const_e0,winter,RestaurantFastFood-3628,-195.6,-195.6
RestaurantFastFood,task_const_e0,winter,RestaurantFastFood-3653,-150.4,-150.4
RestaurantFastFood,task_const_e0,winter,RestaurantFastFood-3658,-607.1,-607.1
RestaurantFastFood,task_const_e0,winter,RestaurantFastFood-3660,-132.0,-132.0
RestaurantFastFood,task_const_e0,winter,RestaurantFastFood-3667,-132.0,-132.0
RestaurantFastFood,task_const_e0,winter,RestaurantFastFood-3670,-620.4,-620.4
RestaurantFastFood,task_const_e0,winter,RestaurantFastFood-3678,-128.6,-128.6
RestaurantFastFood,task_const_e0,winter,RestaurantFastFood-3697,-133.1,-133.1
RestaurantFastFood,task_const_e0,winter,RestaurantFastFood-3706,-131.8,-131.8
RestaurantFastFood,task_const_e0,winter,RestaurantFastFood-3716,-1153.8,-1153.8
RestaurantFastFood,task_const_e0,winter,RestaurantFastFood-3741,-176.0,-176.0
RestaurantFastFood,task_const_e0,winter,RestaurantFastFood-3761,-1151.7,-1151.7
RestaurantFastFood,task_const_e0,winter,RestaurantFastFood-3781,-158.9,-158.9
RestaurantFastFood,task_const_e0,winter,RestaurantFastFood-3785,-2166.4,-2166.4
RestaurantFastFood,task_const_e0,winter,RestaurantFastFood-3787,-158.3,-158.3
RestaurantFastFood,task_const_e0,winter,RestaurantFastFood-3794,-155.6,-155.6
RestaurantFastFood,task_const_e0,winter,RestaurantFastFood-3806,-175.8,-175.8
RestaurantFastFood,task_const_e0,winter,RestaurantFastFood-3809,-295.8,-295.8
RestaurantFastFood,task_const_e0,winter,RestaurantFastFood-3818,-233.6,-233.6
RestaurantFastFood,task_const_e0,winter,RestaurantFastFood-3823,-134.1,-134.1
RestaurantFastFood,task_const_e0,winter,RestaurantFastFood-3832,-783.2,-783.2
RestaurantFastFood,task_const_e0,winter,RestaurantFastFood-3853,-2163.0,-2163.0
RestaurantFastFood,task_const_e0,winter,RestaurantFastFood-3856,-141.7,-141.7
RestaurantFastFood,task_const_e0,winter,RestaurantFastFood-3869,-225.5,-225.5
RestaurantFastFood,task_const_e0,winter,RestaurantFastFood-3875,-138.6,-138.6
RestaurantFastFood,task_const_e0,winter,RestaurantFastFood-3878,-279.6,-279.6
RestaurantFastFood,task_const_e0,winter,RestaurantFastFood-3886,-246.4,-246.4
RestaurantFastFood,task_const_e0,winter,RestaurantFastFood-3901,-140.4,-140.4
RestaurantFastFood,task_const_e0,winter,RestaurantFastFood-3941,-157.5,-157.5
RestaurantFastFood,task_const_e0,winter,RestaurantFastFood-3976,-128.0,-128.0
RestaurantFastFood,task_const_e0,winter,RestaurantFastFood-3979,-140.7,-140.7
RestaurantFastFood,task_const_e0,winter,RestaurantFastFood-3997,-367.4,-367.4
RestaurantFastFood,task_const_e0,winter,RestaurantFastFood-3998,-337.1,-337.1
RestaurantFastFood,task_const_e0,winter,RestaurantFastFood-3999,-156.7,-156.7
RestaurantFastFood,task_const_e0,winter,RestaurantFastFood-4000,-380.8,-380.8
RestaurantFastFood,task_const_e05,full_year,RestaurantFastFood-3003,-150051.4,-150051.4
RestaurantFastFood,task_const_e05,full_year,RestaurantFastFood-3017,-228777.7,-228777.7
RestaurantFastFood,task_const_e05,full_year,RestaurantFastFood-3025,-350059.8,-350059.8
RestaurantFastFood,task_const_e05,full_year,RestaurantFastFood-3038,-128780.4,-128780.4
RestaurantFastFood,task_const_e05,full_year,RestaurantFastFood-3045,-316298.7,-316298.7
RestaurantFastFood,task_const_e05,full_year,RestaurantFastFood-3046,-165100.6,-165100.6
RestaurantFastFood,task_const_e05,full_year,RestaurantFastFood-3049,-730945.3,-730945.3
RestaurantFastFood,task_const_e05,full_year,RestaurantFastFood-3084,-188535.3,-188535.3
RestaurantFastFood,task_const_e05,full_year,RestaurantFastFood-3095,-117833.5,-117833.5
RestaurantFastFood,task_const_e05,full_year,RestaurantFastFood-3137,-279973.0,-279973.0
RestaurantFastFood,task_const_e05,full_year,RestaurantFastFood-3141,-277232.8,-277232.8
RestaurantFastFood,task_const_e05,full_year,RestaurantFastFood-3164,-727987.1,-727987.1
RestaurantFastFood,task_const_e05,full_year,RestaurantFastFood-3173,-358142.2,-358142.2
RestaurantFastFood,task_const_e05,full_year,RestaurantFastFood-3174,-120491.3,-120491.3
RestaurantFastFood,task_const_e05,full_year,RestaurantFastFood-3178,-161531.6,-161531.6
RestaurantFastFood,task_const_e05,full_year,RestaurantFastFood-3214,-111933.6,-111933.6
RestaurantFastFood,task_const_e05,full_year,RestaurantFastFood-3228,-189651.1,-189651.1
RestaurantFastFood,task_const_e05,full_year,RestaurantFastFood-3241,-141774.5,-141774.5
RestaurantFastFood,task_const_e05,full_year,RestaurantFastFood-3255,-1522168.8,-1522168.8
RestaurantFastFood,task_const_e05,full_year,RestaurantFastFood-3262,-196308.8,-196308.8
RestaurantFastFood,task_const_e05,full_year,RestaurantFastFood-3275,-292898.4,-292898.4
RestaurantFastFood,task_const_e05,full_year,RestaurantFastFood-3282,-107568.0,-107568.0
RestaurantFastFood,task_const_e05,full_year,RestaurantFastFood-3297,-308226.5,-308226.5
RestaurantFastFood,task_const_e05,full_year,RestaurantFastFood-3304,-668340.5,-668340.5
RestaurantFastFood,task_const_e05,full_year,RestaurantFastFood-3307,-303380.8,-303380.8
RestaurantFastFood,task_const_e05,full_year,RestaurantFastFood-3311,-725907.3,-725907.3
RestaurantFastFood,task_const_e05,full_year,RestaurantFastFood-3312,-140753.4,-140753.4
RestaurantFastFood,task_const_e05,full_year,RestaurantFastFood-3313,-273964.8,-273964.8
RestaurantFastFood,task_const_e05,full_year,RestaurantFastFood-3314,-1514896.6,-1514896.6
RestaurantFastFood,task_const_e05,full_year,RestaurantFastFood-3325,-118441.9,-118441.9
RestaurantFastFood,task_const_e05,full_year,RestaurantFastFood-3335,-1474815.3,-1474815.3
RestaurantFastFood,task_const_e05,full_year,RestaurantFastFood-3341,-272388.7,-272388.7
RestaurantFastFood,task_const_e05,full_year,RestaurantFastFood-3342,-271492.3,-271492.3
RestaurantFastFood,task_const_e05,full_year,RestaurantFastFood-3358,-155187.1,-155187.1
RestaurantFastFood,task_const_e05,full_year,RestaurantFastFood-3369,-109253.5,-109253.5
RestaurantFastFood,task_const_e05,full_year,RestaurantFastFood-3374,-1456315.2,-1456315.2
RestaurantFastFood,task_const_e05,full_year,RestaurantFastFood-3375,-776365.5,-776365.5
RestaurantFastFood,task_const_e05,full_year,RestaurantFastFood-3380,-122752.3,-122752.3
RestaurantFastFood,task_const_e05,full_year,RestaurantFastFood-3391,-109621.2,-109621.2
RestaurantFastFood,task_const_e05,full_year,RestaurantFastFood-3403,-604664.6,-604664.6
RestaurantFastFood,task_const_e05,full_year,RestaurantFastFood-3428,-94601.3,-94601.3
RestaurantFastFood,task_const_e05,full_year,RestaurantFastFood-3432,-150883.0,-150883.0
RestaurantFastFood,task_const_e05,full_year,RestaurantFastFood-3459,-172431.7,-172431.7
RestaurantFastFood,task_const_e05,full_year,RestaurantFastFood-3462,-310806.1,-310806.1
RestaurantFastFood,task_const_e05,full_year,RestaurantFastFood-3464,-140747.2,-140747.2
RestaurantFastFood,task_const_e05,full_year,RestaurantFastFood-3469,-183436.7,-183436.7
RestaurantFastFood,task_const_e05,full_year,RestaurantFastFood-3474,-116286.2,-116286.2
RestaurantFastFood,task_const_e05,full_year,RestaurantFastFood-3500,-252875.6,-252875.6
RestaurantFastFood,task_const_e05,full_year,RestaurantFastFood-3503,-608018.3,-608018.3
RestaurantFastFood,task_const_e05,full_year,RestaurantFastFood-3510,-153141.2,-153141.2
RestaurantFastFood,task_const_e05,full_year,RestaurantFastFood-3523,-117596.3,-117596.3
RestaurantFastFood,task_const_e05,full_year,RestaurantFastFood-3528,-203144.6,-203144.6
RestaurantFastFood,task_const_e05,full_year,RestaurantFastFood-3531,-110704.5,-110704.5
RestaurantFastFood,task_const_e05,full_year,RestaurantFastFood-3534,-756959.7,-756959.7
RestaurantFastFood,task_const_e05,full_year,RestaurantFastFood-3544,-197552.9,-197552.9
RestaurantFastFood,task_const_e05,full_year,RestaurantFastFood-3551,-117722.3,-117722.3
RestaurantFastFood,task_const_e05,full_year,RestaurantFastFood-3556,-177021.1,-177021.1
RestaurantFastFood,task_const_e05,full_year,RestaurantFastFood-3559,-153742.9,-153742.9
RestaurantFastFood,task_const_e05,full_year,RestaurantFastFood-3566,-317261.9,-317261.9
RestaurantFastFood,task_const_e05,full_year,RestaurantFastFood-3570,-236470.3,-236470.3
RestaurantFastFood,task_const_e05,full_year,RestaurantFastFood-3571,-301687.2,-301687.2
RestaurantFastFood,task_const_e05,full_year,RestaurantFastFood-3606,-158298.9,-158298.9
RestaurantFastFood,task_const_e05,full_year,RestaurantFastFood-3610,-629244.7,-629244.7
RestaurantFastFood,task_const_e05,full_year,RestaurantFastFood-3621,-147184.9,-147184.9
RestaurantFastFood,task_const_e05,full_year,RestaurantFastFood-3627,-140629.7,-140629.7
RestaurantFastFood,task_const_e05,full_year,RestaurantFastFood-3628,-209952.7,-209952.7
RestaurantFastFood,task_const_e05,full_year,RestaurantFastFood-3653,-139450.0,-139450.0
RestaurantFastFood,task_const_e05,full_year,RestaurantFastFood-3658,-327912.0,-327912.0
RestaurantFastFood,task_const_e05,full_year,RestaurantFastFood-3660,-127564.0,-127564.0
RestaurantFastFood,task_const_e05,full_year,RestaurantFastFood-3667,-132234.2,-132234.2
RestaurantFastFood,task_const_e05,full_year,RestaurantFastFood-3670,-269159.5,-269159.5
RestaurantFastFood,task_const_e05,full_year,RestaurantFastFood-3678,-106650.4,-106650.4
RestaurantFastFood,task_const_e05,full_year,RestaurantFastFood-3697,-88384.2,-88384.2
RestaurantFastFood,task_const_e05,full_year,RestaurantFastFood-3706,-106415.4,-106415.4
RestaurantFastFood,task_const_e05,full_year,RestaurantFastFood-3716,-688004.6,-688004.6
RestaurantFastFood,task_const_e05,full_year,RestaurantFastFood-3741,-169526.6,-169526.6
RestaurantFastFood,task_const_e05,full_year,RestaurantFastFood-3761,-680811.1,-680811.1
RestaurantFastFood,task_const_e05,full_year,RestaurantFastFood-3781,-141494.6,-141494.6
RestaurantFastFood,task_const_e05,full_year,RestaurantFastFood-3785,-1456164.7,-1456164.7
RestaurantFastFood,task_const_e05,full_year,RestaurantFastFood-3787,-113386.5,-113386.5
RestaurantFastFood,task_const_e05,full_year,RestaurantFastFood-3794,-126479.6,-126479.6
RestaurantFastFood,task_const_e05,full_year,RestaurantFastFood-3806,-159296.8,-159296.8
RestaurantFastFood,task_const_e05,full_year,RestaurantFastFood-3809,-291639.5,-291639.5
RestaurantFastFood,task_const_e05,full_year,RestaurantFastFood-3818,-283159.7,-283159.7
RestaurantFastFood,task_const_e05,full_year,RestaurantFastFood-3823,-174778.4,-174778.4
RestaurantFastFood,task_const_e05,full_year,RestaurantFastFood-3832,-751948.9,-751948.9
RestaurantFastFood,task_const_e05,full_year,RestaurantFastFood-3853,-1527088.3,-1527088.3
RestaurantFastFood,task_const_e05,full_year,RestaurantFastFood-3856,-125393.4,-125393.4
RestaurantFastFood,task_const_e05,full_year,RestaurantFastFood-3869,-215839.6,-215839.6
RestaurantFastFood,task_const_e05,full_year,RestaurantFastFood-3875,-112228.2,-112228.2
RestaurantFastFood,task_const_e05,full_year,RestaurantFastFood-3878,-318623.7,-318623.7
RestaurantFastFood,task_const_e05,full_year,RestaurantFastFood-3886,-209193.4,-209193.4
RestaurantFastFood,task_const_e05,full_year,RestaurantFastFood-3901,-100710.6,-100710.6
RestaurantFastFood,task_const_e05,full_year,RestaurantFastFood-3941,-132356.7,-132356.7
RestaurantFastFood,task_const_e05,full_year,RestaurantFastFood-3976,-129310.4,-129310.4
RestaurantFastFood,task_const_e05,full_year,RestaurantFastFood-3979,-98393.4,-98393.4
RestaurantFastFood,task_const_e05,full_year,RestaurantFastFood-3997,-320799.9,-320799.9
RestaurantFastFood,task_const_e05,full_year,RestaurantFastFood-3998,-307102.2,-307102.2
RestaurantFastFood,task_const_e05,full_year,RestaurantFastFood-3999,-130571.4,-130571.4
RestaurantFastFood,task_const_e05,full_year,RestaurantFastFood-4000,-333813.3,-333813.3
RestaurantFastFood,task_const_e05,summer,RestaurantFastFood-3003,-168747.6,-168747.6
RestaurantFastFood,task_const_e05,summer,RestaurantFastFood-3017,-396937.2,-396937.2
RestaurantFastFood,task_const_e05,summer,RestaurantFastFood-3025,-471654.8,-471654.8
RestaurantFastFood,task_const_e05,summer,RestaurantFastFood-3038,-86915.1,-86915.1
RestaurantFastFood,task_const_e05,summer,RestaurantFastFood-3045,-447258.7,-447258.7
RestaurantFastFood,task_const_e05,summer,RestaurantFastFood-3046,-311039.4,-311039.4
RestaurantFastFood,task_const_e05,summer,RestaurantFastFood-3049,-533219.8,-533219.8
RestaurantFastFood,task_const_e05,summer,RestaurantFastFood-3084,-377886.8,-377886.8
RestaurantFastFood,task_const_e05,summer,RestaurantFastFood-3095,-187449.5,-187449.5
RestaurantFastFood,task_const_e05,summer,RestaurantFastFood-3137,-289963.5,-289963.5
RestaurantFastFood,task_const_e05,summer,RestaurantFastFood-3141,-417475.9,-417475.9
RestaurantFastFood,task_const_e05,summer,RestaurantFastFood-3164,-540199.0,-540199.0
RestaurantFastFood,task_const_e05,summer,RestaurantFastFood-3173,-467428.5,-467428.5
RestaurantFastFood,task_const_e05,summer,RestaurantFastFood-3174,-252392.7,-252392.7
RestaurantFastFood,task_const_e05,summer,RestaurantFastFood-3178,-233753.9,-233753.9
RestaurantFastFood,task_const_e05,summer,RestaurantFastFood-3214,-240583.5,-240583.5
RestaurantFastFood,task_const_e05,summer,RestaurantFastFood-3228,-130341.1,-130341.1
RestaurantFastFood,task_const_e05,summer,RestaurantFastFood-3241,-363534.5,-363534.5
RestaurantFastFood,task_const_e05,summer,RestaurantFastFood-3255,-537692.6,-537692.6
RestaurantFastFood,task_const_e05,summer,RestaurantFastFood-3262,-384306.7,-384306.7
RestaurantFastFood,task_const_e05,summer,RestaurantFastFood-3275,-411750.2,-411750.2
RestaurantFastFood,task_const_e05,summer,RestaurantFastFood-3282,-252000.9,-252000.9
RestaurantFastFood,task_const_e05,summer,RestaurantFastFood-3297,-461674.8,-461674.8
RestaurantFastFood,task_const_e05,summer,RestaurantFastFood-3304,-646223.8,-646223.8
RestaurantFastFood,task_const_e05,summer,RestaurantFastFood-3307,-261538.4,-261538.4
RestaurantFastFood,task_const_e05,summer,RestaurantFastFood-3311,-530570.5,-530570.5
RestaurantFastFood,task_const_e05,summer,RestaurantFastFood-3312,-403827.7,-403827.7
RestaurantFastFood,task_const_e05,summer,RestaurantFastFood-3313,-411110.5,-411110.5
RestaurantFastFood,task_const_e05,summer,RestaurantFastFood-3314,-530768.0,-530768.0
RestaurantFastFood,task_const_e05,summer,RestaurantFastFood-3325,-260296.2,-260296.2
RestaurantFastFood,task_const_e05,summer,RestaurantFastFood-3335,-485538.0,-485538.0
RestaurantFastFood,task_const_e05,summer,RestaurantFastFood-3341,-230740.5,-230740.5
RestaurantFastFood,task_const_e05,summer,RestaurantFastFood-3342,-408175.1,-408175.1
RestaurantFastFood,task_const_e05,summer,RestaurantFastFood-3358,-315357.1,-315357.1
RestaurantFastFood,task_const_e05,summer,RestaurantFastFood-3369,-201314.5,-201314.5
RestaurantFastFood,task_const_e05,summer,RestaurantFastFood-3374,-486355.3,-486355.3
RestaurantFastFood,task_const_e05,summer,RestaurantFastFood-3375,-517002.6,-517002.6
RestaurantFastFood,task_const_e05,summer,RestaurantFastFood-3380,-281396.2,-281396.2
RestaurantFastFood,task_const_e05,summer,RestaurantFastFood-3391,-200841.1,-200841.1
RestaurantFastFood,task_const_e05,summer,RestaurantFastFood-3403,-484834.1,-484834.1
RestaurantFastFood,task_const_e05,summer,RestaurantFastFood-3428,-183462.2,-183462.2
RestaurantFastFood,task_const_e05,summer,RestaurantFastFood-3432,-318880.1,-318880.1
RestaurantFastFood,task_const_e05,summer,RestaurantFastFood-3459,-368790.5,-368790.5
RestaurantFastFood,task_const_e05,summer,RestaurantFastFood-3462,-460858.1,-460858.1
RestaurantFastFood,task_const_e05,summer,RestaurantFastFood-3464,-408377.3,-408377.3
RestaurantFastFood,task_const_e05,summer,RestaurantFastFood-3469,-301719.7,-301719.7
RestaurantFastFood,task_const_e05,summer,RestaurantFastFood-3474,-189895.1,-189895.1
RestaurantFastFood,task_const_e05,summer,RestaurantFastFood-3500,-292048.6,-292048.6
RestaurantFastFood,task_const_e05,summer,RestaurantFastFood-3503,-504026.3,-504026.3
RestaurantFastFood,task_const_e05,summer,RestaurantFastFood-3510,-297925.0,-297925.0
RestaurantFastFood,task_const_e05,summer,RestaurantFastFood-3523,-65648.0,-65648.0
RestaurantFastFood,task_const_e05,summer,RestaurantFastFood-3528,-381732.2,-381732.2
RestaurantFastFood,task_const_e05,summer,RestaurantFastFood-3531,-188506.8,-188506.8
RestaurantFastFood,task_const_e05,summer,RestaurantFastFood-3534,-505625.5,-505625.5
RestaurantFastFood,task_const_e05,summer,RestaurantFastFood-3544,-378658.0,-378658.0
RestaurantFastFood,task_const_e05,summer,RestaurantFastFood-3551,-275171.8,-275171.8
RestaurantFastFood,task_const_e05,summer,RestaurantFastFood-3556,-416114.1,-416114.1
RestaurantFastFood,task_const_e05,summer,RestaurantFastFood-3559,-305401.2,-305401.2
RestaurantFastFood,task_const_e05,summer,RestaurantFastFood-3566,-249058.5,-249058.5
RestaurantFastFood,task_const_e05,summer,RestaurantFastFood-3570,-395111.2,-395111.2
RestaurantFastFood,task_const_e05,summer,RestaurantFastFood-3571,-237928.2,-237928.2
RestaurantFastFood,task_const_e05,summer,RestaurantFastFood-3606,-367494.9,-367494.9
RestaurantFastFood,task_const_e05,summer,RestaurantFastFood-3610,-514887.6,-514887.6
RestaurantFastFood,task_const_e05,summer,RestaurantFastFood-3621,-414761.1,-414761.1
RestaurantFastFood,task_const_e05,summer,RestaurantFastFood-3627,-70083.0,-70083.0
RestaurantFastFood,task_const_e05,summer,RestaurantFastFood-3628,-393982.7,-393982.7
RestaurantFastFood,task_const_e05,summer,RestaurantFastFood-3653,-280771.2,-280771.2
RestaurantFastFood,task_const_e05,summer,RestaurantFastFood-3658,-196983.2,-196983.2
RestaurantFastFood,task_const_e05,summer,RestaurantFastFood-3660,-305557.8,-305557.8
RestaurantFastFood,task_const_e05,summer,RestaurantFastFood-3667,-319485.4,-319485.4
RestaurantFastFood,task_const_e05,summer,RestaurantFastFood-3670,-244310.0,-244310.0
RestaurantFastFood,task_const_e05,summer,RestaurantFastFood-3678,-244385.7,-244385.7
RestaurantFastFood,task_const_e05,summer,RestaurantFastFood-3697,-171373.3,-171373.3
RestaurantFastFood,task_const_e05,summer,RestaurantFastFood-3706,-88877.1,-88877.1
RestaurantFastFood,task_const_e05,summer,RestaurantFastFood-3716,-452695.7,-452695.7
RestaurantFastFood,task_const_e05,summer,RestaurantFastFood-3741,-416878.0,-416878.0
RestaurantFastFood,task_const_e05,summer,RestaurantFastFood-3761,-454557.8,-454557.8
RestaurantFastFood,task_const_e05,summer,RestaurantFastFood-3781,-70216.7,-70216.7
RestaurantFastFood,task_const_e05,summer,RestaurantFastFood-3785,-482554.3,-482554.3
RestaurantFastFood,task_const_e05,summer,RestaurantFastFood-3787,-189557.0,-189557.0
RestaurantFastFood,task_const_e05,summer,RestaurantFastFood-3794,-401698.7,-401698.7
RestaurantFastFood,task_const_e05,summer,RestaurantFastFood-3806,-265927.9,-265927.9
RestaurantFastFood,task_const_e05,summer,RestaurantFastFood-3809,-456248.2,-456248.2
RestaurantFastFood,task_const_e05,summer,RestaurantFastFood-3818,-411111.3,-411111.3
RestaurantFastFood,task_const_e05,summer,RestaurantFastFood-3823,-310660.9,-310660.9
RestaurantFastFood,task_const_e05,summer,RestaurantFastFood-3832,-526135.0,-526135.0
RestaurantFastFood,task_const_e05,summer,RestaurantFastFood-3853,-527966.3,-527966.3
RestaurantFastFood,task_const_e05,summer,RestaurantFastFood-3856,-185198.5,-185198.5
RestaurantFastFood,task_const_e05,summer,RestaurantFastFood-3869,-376355.8,-376355.8
RestaurantFastFood,task_const_e05,summer,RestaurantFastFood-3875,-275839.0,-275839.0
RestaurantFastFood,task_const_e05,summer,RestaurantFastFood-3878,-426961.2,-426961.2
RestaurantFastFood,task_const_e05,summer,RestaurantFastFood-3886,-379782.7,-379782.7
RestaurantFastFood,task_const_e05,summer,RestaurantFastFood-3901,-268536.3,-268536.3
RestaurantFastFood,task_const_e05,summer,RestaurantFastFood-3941,-72230.6,-72230.6
RestaurantFastFood,task_const_e05,summer,RestaurantFastFood-3976,-297262.8,-297262.8
RestaurantFastFood,task_const_e05,summer,RestaurantFastFood-3979,-196219.9,-196219.9
RestaurantFastFood,task_const_e05,summer,RestaurantFastFood-3997,-455093.4,-455093.4
RestaurantFastFood,task_const_e05,summer,RestaurantFastFood-3998,-452598.1,-452598.1
RestaurantFastFood,task_const_e05,summer,RestaurantFastFood-3999,-69406.5,-69406.5
RestaurantFastFood,task_const_e05,summer,RestaurantFastFood-4000,-470100.7,-470100.7
RestaurantFastFood,task_const_e05,winter,RestaurantFastFood-3003,-37509.0,-37509.0
RestaurantFastFood,task_const_e05,winter,RestaurantFastFood-3017,-42576.4,-42576.4
RestaurantFastFood,task_const_e05,winter,RestaurantFastFood-3025,-68835.2,-68835.2
RestaurantFastFood,task_const_e05,winter,RestaurantFastFood-3038,-31850.2,-31850.2
RestaurantFastFood,task_const_e05,winter,RestaurantFastFood-3045,-54630.0,-54630.0
RestaurantFastFood,task_const_e05,winter,RestaurantFastFood-3046,-38750.0,-38750.0
RestaurantFastFood,task_const_e05,winter,RestaurantFastFood-3049,-121903.1,-121903.1
RestaurantFastFood,task_const_e05,winter,RestaurantFastFood-3084,-31396.8,-31396.8
RestaurantFastFood,task_const_e05,winter,RestaurantFastFood-3095,-28161.2,-28161.2
RestaurantFastFood,task_const_e05,winter,RestaurantFastFood-3137,-62074.8,-62074.8
RestaurantFastFood,task_const_e05,winter,RestaurantFastFood-3141,-52219.7,-52219.7
RestaurantFastFood,task_const_e05,winter,RestaurantFastFood-3164,-138799.1,-138799.1
RestaurantFastFood,task_const_e05,winter,RestaurantFastFood-3173,-63346.6,-63346.6
RestaurantFastFood,task_const_e05,winter,RestaurantFastFood-3174,-25394.4,-25394.4
RestaurantFastFood,task_const_e05,winter,RestaurantFastFood-3178,-35466.2,-35466.2
RestaurantFastFood,task_const_e05,winter,RestaurantFastFood-3214,-24024.6,-24024.6
RestaurantFastFood,task_const_e05,winter,RestaurantFastFood-3228,-47184.3,-47184.3
RestaurantFastFood,task_const_e05,winter,RestaurantFastFood-3241,-29776.6,-29776.6
RestaurantFastFood,task_const_e05,winter,RestaurantFastFood-3255,-296329.6,-296329.6
RestaurantFastFood,task_const_e05,winter,RestaurantFastFood-3262,-33826.2,-33826.2
RestaurantFastFood,task_const_e05,winter,RestaurantFastFood-3275,-47497.4,-47497.4
RestaurantFastFood,task_const_e05,winter,RestaurantFastFood-3282,-22738.7,-22738.7
RestaurantFastFood,task_const_e05,winter,RestaurantFastFood-3297,-52135.0,-52135.0
RestaurantFastFood,task_const_e05,winter,RestaurantFastFood-3304,-139826.1,-139826.1
RestaurantFastFood,task_const_e05,winter,RestaurantFastFood-3307,-87275.9,-87275.9
RestaurantFastFood,task_const_e05,winter,RestaurantFastFood-3311,-128176.2,-128176.2
RestaurantFastFood,task_const_e05,winter,RestaurantFastFood-3312,-34055.6,-34055.6
RestaurantFastFood,task_const_e05,winter,RestaurantFastFood-3313,-44853.3,-44853.3
RestaurantFastFood,task_const_e05,winter,RestaurantFastFood-3314,-294235.1,-294235.1
RestaurantFastFood,task_const_e05,winter,RestaurantFastFood-3325,-24634.7,-24634.7
RestaurantFastFood,task_const_e05,winter,RestaurantFastFood-3335,-303160.0,-303160.0
RestaurantFastFood,task_const_e05,winter,RestaurantFastFood-3341,-83584.1,-83584.1
RestaurantFastFood,task_const_e05,winter,RestaurantFastFood-3342,-42725.4,-42725.4
RestaurantFastFood,task_const_e05,winter,RestaurantFastFood-3358,-27070.6,-27070.6
RestaurantFastFood,task_const_e05,winter,RestaurantFastFood-3369,-26180.1,-26180.1
RestaurantFastFood,task_const_e05,winter,RestaurantFastFood-3374,-295150.2,-295150.2
RestaurantFastFood,task_const_e05,winter,RestaurantFastFood-3375,-112360.7,-112360.7
RestaurantFastFood,task_const_e05,winter,RestaurantFastFood-3380,-29022.3,-29022.3
RestaurantFastFood,task_const_e05,winter,RestaurantFastFood-3391,-27014.8,-27014.8
RestaurantFastFood,task_const_e05,winter,RestaurantFastFood-3403,-144489.0,-144489.0
RestaurantFastFood,task_const_e05,winter,RestaurantFastFood-3428,-23601.8,-23601.8
RestaurantFastFood,task_const_e05,winter,RestaurantFastFood-3432,-29816.1,-29816.1
RestaurantFastFood,task_const_e05,winter,RestaurantFastFood-3459,-36600.4,-36600.4
RestaurantFastFood,task_const_e05,winter,RestaurantFastFood-3462,-55954.4,-55954.4
RestaurantFastFood,task_const_e05,winter,RestaurantFastFood-3464,-33612.9,-33612.9
RestaurantFastFood,task_const_e05,winter,RestaurantFastFood-3469,-39834.9,-39834.9
RestaurantFastFood,task_const_e05,winter,RestaurantFastFood-3474,-28293.7,-28293.7
RestaurantFastFood,task_const_e05,winter,RestaurantFastFood-3500,-55993.7,-55993.7
RestaurantFastFood,task_const_e05,winter,RestaurantFastFood-3503,-147576.1,-147576.1
RestaurantFastFood,task_const_e05,winter,RestaurantFastFood-3510,-33644.6,-33644.6
RestaurantFastFood,task_const_e05,winter,RestaurantFastFood-3523,-29228.5,-29228.5
RestaurantFastFood,task_const_e05,winter,RestaurantFastFood-3528,-33534.6,-33534.6
RestaurantFastFood,task_const_e05,winter,RestaurantFastFood-3531,-27483.5,-27483.5
RestaurantFastFood,task_const_e05,winter,RestaurantFastFood-3534,-115344.2,-115344.2
RestaurantFastFood,task_const_e05,winter,RestaurantFastFood-3544,-42735.9,-42735.9
RestaurantFastFood,task_const_e05,winter,RestaurantFastFood-3551,-27966.8,-27966.8
RestaurantFastFood,task_const_e05,winter,RestaurantFastFood-3556,-42688.6,-42688.6
RestaurantFastFood,task_const_e05,winter,RestaurantFastFood-3559,-33382.9,-33382.9
RestaurantFastFood,task_const_e05,winter,RestaurantFastFood-3566,-93142.4,-93142.4
RestaurantFastFood,task_const_e05,winter,RestaurantFastFood-3570,-36189.0,-36189.0
RestaurantFastFood,task_const_e05,winter,RestaurantFastFood-3571,-91575.7,-91575.7
RestaurantFastFood,task_const_e05,winter,RestaurantFastFood-3606,-32297.2,-32297.2
RestaurantFastFood,task_const_e05,winter,RestaurantFastFood-3610,-145960.3,-145960.3
RestaurantFastFood,task_const_e05,winter,RestaurantFastFood-3621,-34574.9,-34574.9
RestaurantFastFood,task_const_e05,winter,RestaurantFastFood-3627,-34468.3,-34468.3
RestaurantFastFood,task_const_e05,winter,RestaurantFastFood-3628,-34213.6,-34213.6
RestaurantFastFood,task_const_e05,winter,RestaurantFastFood-3653,-32871.7,-32871.7
RestaurantFastFood,task_const_e05,winter,RestaurantFastFood-3658,-93110.1,-93110.1
RestaurantFastFood,task_const_e05,winter,RestaurantFastFood-3660,-27203.8,-27203.8
RestaurantFastFood,task_const_e05,winter,RestaurantFastFood-3667,-30835.3,-30835.3
RestaurantFastFood,task_const_e05,winter,RestaurantFastFood-3670,-81223.7,-81223.7
RestaurantFastFood,task_const_e05,winter,RestaurantFastFood-3678,-23426.4,-23426.4
RestaurantFastFood,task_const_e05,winter,RestaurantFastFood-3697,-21805.3,-21805.3
RestaurantFastFood,task_const_e05,winter,RestaurantFastFood-3706,-26486.0,-26486.0
RestaurantFastFood,task_const_e05,winter,RestaurantFastFood-3716,-154086.7,-154086.7
RestaurantFastFood,task_const_e05,winter,RestaurantFastFood-3741,-40838.6,-40838.6
RestaurantFastFood,task_const_e05,winter,RestaurantFastFood-3761,-152599.5,-152599.5
RestaurantFastFood,task_const_e05,winter,RestaurantFastFood-3781,-34710.1,-34710.1
RestaurantFastFood,task_const_e05,winter,RestaurantFastFood-3785,-296425.7,-296425.7
RestaurantFastFood,task_const_e05,winter,RestaurantFastFood-3787,-27083.9,-27083.9
RestaurantFastFood,task_const_e05,winter,RestaurantFastFood-3794,-29829.5,-29829.5
RestaurantFastFood,task_const_e05,winter,RestaurantFastFood-3806,-38659.6,-38659.6
RestaurantFastFood,task_const_e05,winter,RestaurantFastFood-3809,-45978.0,-45978.0
RestaurantFastFood,task_const_e05,winter,RestaurantFastFood-3818,-45547.3,-45547.3
RestaurantFastFood,task_const_e05,winter,RestaurantFastFood-3823,-40639.3,-40639.3
RestaurantFastFood,task_const_e05,winter,RestaurantFastFood-3832,-116490.3,-116490.3
RestaurantFastFood,task_const_e05,winter,RestaurantFastFood-3853,-299739.1,-299739.1
RestaurantFastFood,task_const_e05,winter,RestaurantFastFood-3856,-29037.4,-29037.4
RestaurantFastFood,task_const_e05,winter,RestaurantFastFood-3869,-49799.8,-49799.8
RestaurantFastFood,task_const_e05,winter,RestaurantFastFood-3875,-26230.1,-26230.1
RestaurantFastFood,task_const_e05,winter,RestaurantFastFood-3878,-61931.0,-61931.0
RestaurantFastFood,task_const_e05,winter,RestaurantFastFood-3886,-46664.7,-46664.7
RestaurantFastFood,task_const_e05,winter,RestaurantFastFood-3901,-23735.0,-23735.0
RestaurantFastFood,task_const_e05,winter,RestaurantFastFood-3941,-32517.6,-32517.6
RestaurantFastFood,task_const_e05,winter,RestaurantFastFood-3976,-28099.0,-28099.0
RestaurantFastFood,task_const_e05,winter,RestaurantFastFood-3979,-24151.6,-24151.6
RestaurantFastFood,task_const_e05,winter,RestaurantFastFood-3997,-56802.5,-56802.5
RestaurantFastFood,task_const_e05,winter,RestaurantFastFood-3998,-53533.9,-53533.9
RestaurantFastFood,task_const_e05,winter,RestaurantFastFood-3999,-32236.0,-32236.0
RestaurantFastFood,task_const_e05,winter,RestaurantFastFood-4000,-64703.8,-64703.8
RestaurantFastFood,task_occ_e0,full_year,RestaurantFastFood-3003,-684.0,-684.0
RestaurantFastFood,task_occ_e0,full_year,RestaurantFastFood-3017,-1300.9,-1300.9
RestaurantFastFood,task_occ_e0,full_year,RestaurantFastFood-3025,-2135.7,-2135.7
RestaurantFastFood,task_occ_e0,full_year,RestaurantFastFood-3038,-505.6,-505.6
RestaurantFastFood,task_occ_e0,full_year,RestaurantFastFood-3045,-2448.5,-2448.5
RestaurantFastFood,task_occ_e0,full_year,RestaurantFastFood-3046,-597.6,-597.6
RestaurantFastFood,task_occ_e0,full_year,RestaurantFastFood-3049,-5661.9,-5661.9
RestaurantFastFood,task_occ_e0,full_year,RestaurantFastFood-3084,-1299.7,-1299.7
RestaurantFastFood,task_occ_e0,full_year,RestaurantFastFood-3095,-659.2,-659.2
RestaurantFastFood,task_occ_e0,full_year,RestaurantFastFood-3137,-854.5,-854.5
RestaurantFastFood,task_occ_e0,full_year,RestaurantFastFood-3141,-1743.1,-1743.1
RestaurantFastFood,task_occ_e0,full_year,RestaurantFastFood-3164,-5207.9,-5207.9
RestaurantFastFood,task_occ_e0,full_year,RestaurantFastFood-3173,-2707.3,-2707.3
RestaurantFastFood,task_occ_e0,full_year,RestaurantFastFood-3174,-660.9,-660.9
RestaurantFastFood,task_occ_e0,full_year,RestaurantFastFood-3178,-645.9,-645.9
RestaurantFastFood,task_occ_e0,full_year,RestaurantFastFood-3214,-636.5,-636.5
RestaurantFastFood,task_occ_e0,full_year,RestaurantFastFood-3228,-702.9,-702.9
RestaurantFastFood,task_occ_e0,full_year,RestaurantFastFood-3241,-882.4,-882.4
RestaurantFastFood,task_occ_e0,full_year,RestaurantFastFood-3255,-12304.0,-12304.0
RestaurantFastFood,task_occ_e0,full_year,RestaurantFastFood-3262,-1302.5,-1302.5
RestaurantFastFood,task_occ_e0,full_year,RestaurantFastFood-3275,-2088.1,-2088.1
RestaurantFastFood,task_occ_e0,full_year,RestaurantFastFood-3282,-638.9,-638.9
RestaurantFastFood,task_occ_e0,full_year,RestaurantFastFood-3297,-2317.7,-2317.7
RestaurantFastFood,task_occ_e0,full_year,RestaurantFastFood-3304,-5321.6,-5321.6
RestaurantFastFood,task_occ_e0,full_year,RestaurantFastFood-3307,-2532.6,-2532.6
RestaurantFastFood,task_occ_e0,full_year,RestaurantFastFood-3311,-5557.0,-5557.0
RestaurantFastFood,task_occ_e0,full_year,RestaurantFastFood-3312,-707.0,-707.0
RestaurantFastFood,task_occ_e0,full_year,RestaurantFastFood-3313,-1840.2,-1840.2
RestaurantFastFood,task_occ_e0,full_year,RestaurantFastFood-3314,-11980.6,-11980.6
RestaurantFastFood,task_occ_e0,full_year,RestaurantFastFood-3325,-664.8,-664.8
RestaurantFastFood,task_occ_e0,full_year,RestaurantFastFood-3335,-12088.1,-12088.1
RestaurantFastFood,task_occ_e0,full_year,RestaurantFastFood-3341,-2129.8,-2129.8
RestaurantFastFood,task_occ_e0,full_year,RestaurantFastFood-3342,-1884.6,-1884.6
RestaurantFastFood,task_occ_e0,full_year,RestaurantFastFood-3358,-914.3,-914.3
RestaurantFastFood,task_occ_e0,full_year,RestaurantFastFood-3369,-546.1,-546.1
RestaurantFastFood,task_occ_e0,full_year,RestaurantFastFood-3374,-11904.8,-11904.8
RestaurantFastFood,task_occ_e0,full_year,RestaurantFastFood-3375,-6398.8,-6398.8
RestaurantFastFood,task_occ_e0,full_year,RestaurantFastFood-3380,-605.8,-605.8
RestaurantFastFood,task_occ_e0,full_year,RestaurantFastFood-3391,-537.8,-537.8
RestaurantFastFood,task_occ_e0,full_year,RestaurantFastFood-3403,-4358.9,-4358.9
RestaurantFastFood,task_occ_e0,full_year,RestaurantFastFood-3428,-536.7,-536.7
RestaurantFastFood,task_occ_e0,full_year,RestaurantFastFood-3432,-846.0,-846.0
RestaurantFastFood,task_occ_e0,full_year,RestaurantFastFood-3459,-1018.1,-1018.1
RestaurantFastFood,task_occ_e0,full_year,RestaurantFastFood-3462,-2120.9,-2120.9
RestaurantFastFood,task_occ_e0,full_year,RestaurantFastFood-3464,-651.5,-651.5
RestaurantFastFood,task_occ_e0,full_year,RestaurantFastFood-3469,-748.8,-748.8
RestaurantFastFood,task_occ_e0,full_year,RestaurantFastFood-3474,-698.8,-698.8
RestaurantFastFood,task_occ_e0,full_year,RestaurantFastFood-3500,-797.3,-797.3
RestaurantFastFood,task_occ_e0,full_year,RestaurantFastFood-3503,-4253.7,-4253.7
RestaurantFastFood,task_occ_e0,full_year,RestaurantFastFood-3510,-688.4,-688.4
RestaurantFastFood,task_occ_e0,full_year,RestaurantFastFood-3523,-597.1,-597.1
RestaurantFastFood,task_occ_e0,full_year,RestaurantFastFood-3528,-1546.0,-1546.0
RestaurantFastFood,task_occ_e0,full_year,RestaurantFastFood-3531,-583.7,-583.7
RestaurantFastFood,task_occ_e0,full_year,RestaurantFastFood-3534,-6155.8,-6155.8
RestaurantFastFood,task_occ_e0,full_year,RestaurantFastFood-3544,-1233.2,-1233.2
RestaurantFastFood,task_occ_e0,full_year,RestaurantFastFood-3551,-592.6,-592.6
RestaurantFastFood,task_occ_e0,full_year,RestaurantFastFood-3556,-702.1,-702.1
RestaurantFastFood,task_occ_e0,full_year,RestaurantFastFood-3559,-698.2,-698.2
RestaurantFastFood,task_occ_e0,full_year,RestaurantFastFood-3566,-2514.6,-2514.6
RestaurantFastFood,task_occ_e0,full_year,RestaurantFastFood-3570,-1628.3,-1628.3
RestaurantFastFood,task_occ_e0,full_year,RestaurantFastFood-3571,-2275.8,-2275.8
RestaurantFastFood,task_occ_e0,full_year,RestaurantFastFood-3606,-1015.4,-1015.4
RestaurantFastFood,task_occ_e0,full_year,RestaurantFastFood-3610,-5016.0,-5016.0
RestaurantFastFood,task_occ_e0,full_year,RestaurantFastFood-3621,-630.4,-630.4
RestaurantFastFood,task_occ_e0,full_year,RestaurantFastFood-3627,-590.1,-590.1
RestaurantFastFood,task_occ_e0,full_year,RestaurantFastFood-3628,-1414.6,-1414.6
RestaurantFastFood,task_occ_e0,full_year,RestaurantFastFood-3653,-685.9,-685.9
RestaurantFastFood,task_occ_e0,full_year,RestaurantFastFood-3658,-2084.3,-2084.3
RestaurantFastFood,task_occ_e0,full_year,RestaurantFastFood-3660,-906.3,-906.3
RestaurantFastFood,task_occ_e0,full_year,RestaurantFastFood-3667,-652.6,-652.6
RestaurantFastFood,task_occ_e0,full_year,RestaurantFastFood-3670,-2295.9,-2295.9
RestaurantFastFood,task_occ_e0,full_year,RestaurantFastFood-3678,-632.6,-632.6
RestaurantFastFood,task_occ_e0,full_year,RestaurantFastFood-3697,-534.5,-534.5
RestaurantFastFood,task_occ_e0,full_year,RestaurantFastFood-3706,-492.7,-492.7
RestaurantFastFood,task_occ_e0,full_year,RestaurantFastFood-3716,-5435.1,-5435.1
RestaurantFastFood,task_occ_e0,full_year,RestaurantFastFood-3741,-679.8,-679.8
RestaurantFastFood,task_occ_e0,full_year,RestaurantFastFood-3761,-5412.1,-5412.1
RestaurantFastFood,task_occ_e0,full_year,RestaurantFastFood-3781,-603.2,-603.2
RestaurantFastFood,task_occ_e0,full_year,RestaurantFastFood-3785,-11901.8,-11901.8
RestaurantFastFood,task_occ_e0,full_year,RestaurantFastFood-3787,-677.1,-677.1
RestaurantFastFood,task_occ_e0,full_year,RestaurantFastFood-3794,-618.4,-618.4
RestaurantFastFood,task_occ_e0,full_year,RestaurantFastFood-3806,-726.8,-726.8
RestaurantFastFood,task_occ_e0,full_year,RestaurantFastFood-3809,-2220.5,-2220.5
RestaurantFastFood,task_occ_e0,full_year,RestaurantFastFood-3818,-1942.2,-1942.2
RestaurantFastFood,task_occ_e0,full_year,RestaurantFastFood-3823,-600.4,-600.4
RestaurantFastFood,task_occ_e0,full_year,RestaurantFastFood-3832,-5971.7,-5971.7
RestaurantFastFood,task_occ_e0,full_year,RestaurantFastFood-3853,-12386.3,-12386.3
RestaurantFastFood,task_occ_e0,full_year,RestaurantFastFood-3856,-636.4,-636.4
RestaurantFastFood,task_occ_e0,full_year,RestaurantFastFood-3869,-1049.3,-1049.3
RestaurantFastFood,task_occ_e0,full_year,RestaurantFastFood-3875,-587.9,-587.9
RestaurantFastFood,task_occ_e0,full_year,RestaurantFastFood-3878,-1978.5,-1978.5
RestaurantFastFood,task_occ_e0,full_year,RestaurantFastFood-3886,-1174.1,-1174.1
RestaurantFastFood,task_occ_e0,full_year,RestaurantFastFood-3901,-587.7,-587.7
RestaurantFastFood,task_occ_e0,full_year,RestaurantFastFood-3941,-592.6,-592.6
RestaurantFastFood,task_occ_e0,full_year,RestaurantFastFood-3976,-665.6,-665.6
RestaurantFastFood,task_occ_e0,full_year,RestaurantFastFood-3979,-552.1,-552.1
RestaurantFastFood,task_occ_e0,full_year,RestaurantFastFood-3997,-2261.9,-2261.9
RestaurantFastFood,task_occ_e0,full_year,RestaurantFastFood-3998,-2214.4,-2214.4
RestaurantFastFood,task_occ_e0,full_year,RestaurantFastFood-3999,-588.0,-588.0
RestaurantFastFood,task_occ_e0,full_year,RestaurantFastFood-4000,-2114.2,-2114.2
RestaurantFastFood,task_occ_e0,summer,RestaurantFastFood-3003,-1195.9,-1195.9
RestaurantFastFood,task_occ_e0,summer,RestaurantFastFood-3017,-2841.8,-2841.8
RestaurantFastFood,task_occ_e0,summer,RestaurantFastFood-3025,-3368.6,-3368.6
RestaurantFastFood,task_occ_e0,summer,RestaurantFastFood-3038,-852.4,-852.4
RestaurantFastFood,task_occ_e0,summer,RestaurantFastFood-3045,-3309.1,-3309.1
RestaurantFastFood,task_occ_e0,summer,RestaurantFastFood-3046,-2125.6,-2125.6
RestaurantFastFood,task_occ_e0,summer,RestaurantFastFood-3049,-3311.7,-3311.7
RestaurantFastFood,task_occ_e0,summer,RestaurantFastFood-3084,-2834.5,-2834.5
RestaurantFastFood,task_occ_e0,summer,RestaurantFastFood-3095,-1392.2,-1392.2
RestaurantFastFood,task_occ_e0,summer,RestaurantFastFood-3137,-2004.8,-2004.8
RestaurantFastFood,task_occ_e0,summer,RestaurantFastFood-3141,-3098.0,-3098.0
RestaurantFastFood,task_occ_e0,summer,RestaurantFastFood-3164,-3267.9,-3267.9
RestaurantFastFood,task_occ_e0,summer,RestaurantFastFood-3173,-3443.1,-3443.1
RestaurantFastFood,task_occ_e0,summer,RestaurantFastFood-3174,-1920.3,-1920.3
RestaurantFastFood,task_occ_e0,summer,RestaurantFastFood-3178,-1766.1,-1766.1
RestaurantFastFood,task_occ_e0,summer,RestaurantFastFood-3214,-1869.5,-1869.5
RestaurantFastFood,task_occ_e0,summer,RestaurantFastFood-3228,-1016.9,-1016.9
RestaurantFastFood,task_occ_e0,summer,RestaurantFastFood-3241,-2689.0,-2689.0
RestaurantFastFood,task_occ_e0,summer,RestaurantFastFood-3255,-3377.0,-3377.0
RestaurantFastFood,task_occ_e0,summer,RestaurantFastFood-3262,-2853.7,-2853.7
RestaurantFastFood,task_occ_e0,summer,RestaurantFastFood-3275,-3137.2,-3137.2
RestaurantFastFood,task_occ_e0,summer,RestaurantFastFood-3282,-1868.3,-1868.3
RestaurantFastFood,task_occ_e0,summer,RestaurantFastFood-3297,-3384.9,-3384.9
RestaurantFastFood,task_occ_e0,summer,RestaurantFastFood-3304,-4434.0,-4434.0
RestaurantFastFood,task_occ_e0,summer,RestaurantFastFood-3307,-2265.8,-2265.8
RestaurantFastFood,task_occ_e0,summer,RestaurantFastFood-3311,-3273.0,-3273.0
RestaurantFastFood,task_occ_e0,summer,RestaurantFastFood-3312,-2910.2,-2910.2
RestaurantFastFood,task_occ_e0,summer,RestaurantFastFood-3313,-3104.5,-3104.5
RestaurantFastFood,task_occ_e0,summer,RestaurantFastFood-3314,-3254.1,-3254.1
RestaurantFastFood,task_occ_e0,summer,RestaurantFastFood-3325,-1954.5,-1954.5
RestaurantFastFood,task_occ_e0,summer,RestaurantFastFood-3335,-3155.2,-3155.2
RestaurantFastFood,task_occ_e0,summer,RestaurantFastFood-3341,-2010.9,-2010.9
RestaurantFastFood,task_occ_e0,summer,RestaurantFastFood-3342,-3094.0,-3094.0
RestaurantFastFood,task_occ_e0,summer,RestaurantFastFood-3358,-2232.6,-2232.6
RestaurantFastFood,task_occ_e0,summer,RestaurantFastFood-3369,-1497.7,-1497.7
RestaurantFastFood,task_occ_e0,summer,RestaurantFastFood-3374,-3105.5,-3105.5
RestaurantFastFood,task_occ_e0,summer,RestaurantFastFood-3375,-3408.1,-3408.1
RestaurantFastFood,task_occ_e0,summer,RestaurantFastFood-3380,-2233.9,-2233.9
RestaurantFastFood,task_occ_e0,summer,RestaurantFastFood-3391,-1492.8,-1492.8
RestaurantFastFood,task_occ_e0,summer,RestaurantFastFood-3403,-2970.7,-2970.7
RestaurantFastFood,task_occ_e0,summer,RestaurantFastFood-3428,-1463.9,-1463.9
RestaurantFastFood,task_occ_e0,summer,RestaurantFastFood-3432,-2248.4,-2248.4
RestaurantFastFood,task_occ_e0,summer,RestaurantFastFood-3459,-2661.3,-2661.3
RestaurantFastFood,task_occ_e0,summer,RestaurantFastFood-3462,-3376.0,-3376.0
RestaurantFastFood,task_occ_e0,summer,RestaurantFastFood-3464,-2938.0,-2938.0
RestaurantFastFood,task_occ_e0,summer,RestaurantFastFood-3469,-2118.2,-2118.2
RestaurantFastFood,task_occ_e0,summer,RestaurantFastFood-3474,-1412.2,-1412.2
RestaurantFastFood,task_occ_e0,summer,RestaurantFastFood-3500,-2019.1,-2019.1
RestaurantFastFood,task_occ_e0,summer,RestaurantFastFood-3503,-3148.1,-3148.1
RestaurantFastFood,task_occ_e0,summer,RestaurantFastFood-3510,-2133.4,-2133.4
RestaurantFastFood,task_occ_e0,summer,RestaurantFastFood-3523,-682.3,-682.3
RestaurantFastFood,task_occ_e0,summer,RestaurantFastFood-3528,-2834.4,-2834.4
RestaurantFastFood,task_occ_e0,summer,RestaurantFastFood-3531,-1413.9,-1413.9
RestaurantFastFood,task_occ_e0,summer,RestaurantFastFood-3534,-3286.6,-3286.6
RestaurantFastFood,task_occ_e0,summer,RestaurantFastFood-3544,-2697.8,-2697.8
RestaurantFastFood,task_occ_e0,summer,RestaurantFastFood-3551,-2228.1,-2228.1
RestaurantFastFood,task_occ_e0,summer,RestaurantFastFood-3556,-2922.3,-2922.3
RestaurantFastFood,task_occ_e0,summer,RestaurantFastFood-3559,-2176.4,-2176.4
RestaurantFastFood,task_occ_e0,summer,RestaurantFastFood-3566,-2116.1,-2116.1
RestaurantFastFood,task_occ_e0,summer,RestaurantFastFood-3570,-2885.8,-2885.8
RestaurantFastFood,task_occ_e0,summer,RestaurantFastFood-3571,-2003.3,-2003.3
RestaurantFastFood,task_occ_e0,summer,RestaurantFastFood-3606,-2693.2,-2693.2
RestaurantFastFood,task_occ_e0,summer,RestaurantFastFood-3610,-3446.3,-3446.3
RestaurantFastFood,task_occ_e0,summer,RestaurantFastFood-3621,-2935.8,-2935.8
RestaurantFastFood,task_occ_e0,summer,RestaurantFastFood-3627,-687.0,-687.0
RestaurantFastFood,task_occ_e0,summer,RestaurantFastFood-3628,-2883.7,-2883.7
RestaurantFastFood,task_occ_e0,summer,RestaurantFastFood-3653,-2251.9,-2251.9
RestaurantFastFood,task_occ_e0,summer,RestaurantFastFood-3658,-1673.7,-1673.7
RestaurantFastFood,task_occ_e0,summer,RestaurantFastFood-3660,-2191.9,-2191.9
RestaurantFastFood,task_occ_e0,summer,RestaurantFastFood-3667,-2225.2,-2225.2
RestaurantFastFood,task_occ_e0,summer,RestaurantFastFood-3670,-2139.5,-2139.5
RestaurantFastFood,task_occ_e0,summer,RestaurantFastFood-3678,-1850.0,-1850.0
RestaurantFastFood,task_occ_e0,summer,RestaurantFastFood-3697,-1421.7,-1421.7
RestaurantFastFood,task_occ_e0,summer,RestaurantFastFood-3706,-896.7,-896.7
RestaurantFastFood,task_occ_e0,summer,RestaurantFastFood-3716,-2954.3,-2954.3
RestaurantFastFood,task_occ_e0,summer,RestaurantFastFood-3741,-2900.4,-2900.4
RestaurantFastFood,task_occ_e0,summer,RestaurantFastFood-3761,-3003.9,-3003.9
RestaurantFastFood,task_occ_e0,summer,RestaurantFastFood-3781,-691.2,-691.2
RestaurantFastFood,task_occ_e0,summer,RestaurantFastFood-3785,-3077.5,-3077.5
RestaurantFastFood,task_occ_e0,summer,RestaurantFastFood-3787,-1429.1,-1429.1
RestaurantFastFood,task_occ_e0,summer,RestaurantFastFood-3794,-2920.2,-2920.2
RestaurantFastFood,task_occ_e0,summer,RestaurantFastFood-3806,-2181.2,-2181.2
RestaurantFastFood,task_occ_e0,summer,RestaurantFastFood-3809,-3406.7,-3406.7
RestaurantFastFood,task_occ_e0,summer,RestaurantFastFood-3818,-3102.9,-3102.9
RestaurantFastFood,task_occ_e0,summer,RestaurantFastFood-3823,-2113.3,-2113.3
RestaurantFastFood,task_occ_e0,summer,RestaurantFastFood-3832,-3334.1,-3334.1
RestaurantFastFood,task_occ_e0,summer,RestaurantFastFood-3853,-3334.2,-3334.2
RestaurantFastFood,task_occ_e0,summer,RestaurantFastFood-3856,-1345.7,-1345.7
RestaurantFastFood,task_occ_e0,summer,RestaurantFastFood-3869,-2632.2,-2632.2
RestaurantFastFood,task_occ_e0,summer,RestaurantFastFood-3875,-2242.8,-2242.8
RestaurantFastFood,task_occ_e0,summer,RestaurantFastFood-3878,-3135.2,-3135.2
RestaurantFastFood,task_occ_e0,summer,RestaurantFastFood-3886,-2721.0,-2721.0
RestaurantFastFood,task_occ_e0,summer,RestaurantFastFood-3901,-2220.0,-2220.0
RestaurantFastFood,task_occ_e0,summer,RestaurantFastFood-3941,-734.7,-734.7
RestaurantFastFood,task_occ_e0,summer,RestaurantFastFood-3976,-2190.0,-2190.0
RestaurantFastFood,task_occ_e0,summer,RestaurantFastFood-3979,-1464.1,-1464.1
RestaurantFastFood,task_occ_e0,summer,RestaurantFastFood-3997,-3361.2,-3361.2
RestaurantFastFood,task_occ_e0,summer,RestaurantFastFood-3998,-3353.7,-3353.7
RestaurantFastFood,task_occ_e0,summer,RestaurantFastFood-3999,-700.9,-700.9
RestaurantFastFood,task_occ_e0,summer,RestaurantFastFood-4000,-3372.8,-3372.8
RestaurantFastFood,task_occ_e0,winter,RestaurantFastFood-3003,-172.7,-172.7
RestaurantFastFood,task_occ_e0,winter,RestaurantFastFood-3017,-201.3,-201.3
RestaurantFastFood,task_occ_e0,winter,RestaurantFastFood-3025,-352.0,-352.0
RestaurantFastFood,task_occ_e0,winter,RestaurantFastFood-3038,-131.8,-131.8
RestaurantFastFood,task_occ_e0,winter,RestaurantFastFood-3045,-352.1,-352.1
RestaurantFastFood,task_occ_e0,winter,RestaurantFastFood-3046,-138.4,-138.4
RestaurantFastFood,task_occ_e0,winter,RestaurantFastFood-3049,-823.4,-823.4
RestaurantFastFood,task_occ_e0,winter,RestaurantFastFood-3084,-202.6,-202.6
RestaurantFastFood,task_occ_e0,winter,RestaurantFastFood-3095,-149.4,-149.4
RestaurantFastFood,task_occ_e0,winter,RestaurantFastFood-3137,-190.8,-190.8
RestaurantFastFood,task_occ_e0,winter,RestaurantFastFood-3141,-233.8,-233.8
RestaurantFastFood,task_occ_e0,winter,RestaurantFastFood-3164,-861.1,-861.1
RestaurantFastFood,task_occ_e0,winter,RestaurantFastFood-3173,-385.1,-385.1
RestaurantFastFood,task_occ_e0,winter,RestaurantFastFood-3174,-130.4,-130.4
RestaurantFastFood,task_occ_e0,winter,RestaurantFastFood-3178,-140.4,-140.4
RestaurantFastFood,task_occ_e0,winter,RestaurantFastFood-3214,-130.1,-130.1
RestaurantFastFood,task_occ_e0,winter,RestaurantFastFood-3228,-174.2,-174.2
RestaurantFastFood,task_occ_e0,winter,RestaurantFastFood-3241,-181.0,-181.0
RestaurantFastFood,task_occ_e0,winter,RestaurantFastFood-3255,-2442.0,-2442.0
RestaurantFastFood,task_occ_e0,winter,RestaurantFastFood-3262,-190.8,-190.8
RestaurantFastFood,task_occ_e0,winter,RestaurantFastFood-3275,-274.7,-274.7
RestaurantFastFood,task_occ_e0,winter,RestaurantFastFood-3282,-129.5,-129.5
RestaurantFastFood,task_occ_e0,winter,RestaurantFastFood-3297,-301.9,-301.9
RestaurantFastFood,task_occ_e0,winter,RestaurantFastFood-3304,-1151.2,-1151.2
RestaurantFastFood,task_occ_e0,winter,RestaurantFastFood-3307,-727.5,-727.5
RestaurantFastFood,task_occ_e0,winter,RestaurantFastFood-3311,-851.9,-851.9
RestaurantFastFood,task_occ_e0,winter,RestaurantFastFood-3312,-175.8,-175.8
RestaurantFastFood,task_occ_e0,winter,RestaurantFastFood-3313,-230.1,-230.1
RestaurantFastFood,task_occ_e0,winter,RestaurantFastFood-3314,-2343.4,-2343.4
RestaurantFastFood,task_occ_e0,winter,RestaurantFastFood-3325,-125.9,-125.9
RestaurantFastFood,task_occ_e0,winter,RestaurantFastFood-3335,-2524.5,-2524.5
RestaurantFastFood,task_occ_e0,winter,RestaurantFastFood-3341,-661.4,-661.4
RestaurantFastFood,task_occ_e0,winter,RestaurantFastFood-3342,-230.3,-230.3
RestaurantFastFood,task_occ_e0,winter,RestaurantFastFood-3358,-125.3,-125.3
RestaurantFastFood,task_occ_e0,winter,RestaurantFastFood-3369,-142.5,-142.5
RestaurantFastFood,task_occ_e0,winter,RestaurantFastFood-3374,-2446.1,-2446.1
RestaurantFastFood,task_occ_e0,winter,RestaurantFastFood-3375,-884.3,-884.3
RestaurantFastFood,task_occ_e0,winter,RestaurantFastFood-3380,-159.1,-159.1
RestaurantFastFood,task_occ_e0,winter,RestaurantFastFood-3391,-149.8,-149.8
RestaurantFastFood,task_occ_e0,winter,RestaurantFastFood-3403,-1008.6,-1008.6
RestaurantFastFood,task_occ_e0,winter,RestaurantFastFood-3428,-146.2,-146.2
RestaurantFastFood,task_occ_e0,winter,RestaurantFastFood-3432,-126.3,-126.3
RestaurantFastFood,task_occ_e0,winter,RestaurantFastFood-3459,-204.8,-204.8
RestaurantFastFood,task_occ_e0,winter,RestaurantFastFood-3462,-323.6,-323.6
RestaurantFastFood,task_occ_e0,winter,RestaurantFastFood-3464,-159.7,-159.7
RestaurantFastFood,task_occ_e0,winter,RestaurantFastFood-3469,-160.5,-160.5
RestaurantFastFood,task_occ_e0,winter,RestaurantFastFood-3474,-164.1,-164.1
RestaurantFastFood,task_occ_e0,winter,RestaurantFastFood-3500,-181.5,-181.5
RestaurantFastFood,task_occ_e0,winter,RestaurantFastFood-3503,-1000.5,-1000.5
RestaurantFastFood,task_occ_e0,winter,RestaurantFastFood-3510,-151.8,-151.8
RestaurantFastFood,task_occ_e0,winter,RestaurantFastFood-3523,-157.6,-157.6
RestaurantFastFood,task_occ_e0,winter,RestaurantFastFood-3528,-202.4,-202.4
RestaurantFastFood,task_occ_e0,winter,RestaurantFastFood-3531,-167.5,-167.5
RestaurantFastFood,task_occ_e0,winter,RestaurantFastFood-3534,-872.6,-872.6
RestaurantFastFood,task_occ_e0,winter,RestaurantFastFood-3544,-251.6,-251.6
RestaurantFastFood,task_occ_e0,winter,RestaurantFastFood-3551,-159.2,-159.2
RestaurantFastFood,task_occ_e0,winter,RestaurantFastFood-3556,-179.7,-179.7
RestaurantFastFood,task_occ_e0,winter,RestaurantFastFood-3559,-150.8,-150.8
RestaurantFastFood,task_occ_e0,winter,RestaurantFastFood-3566,-727.9,-727.9
RestaurantFastFood,task_occ_e0,winter,RestaurantFastFood-3570,-206.0,-206.0
RestaurantFastFood,task_occ_e0,winter,RestaurantFastFood-3571,-690.5,-690.5
RestaurantFastFood,task_occ_e0,winter,RestaurantFastFood-3606,-198.0,-198.0
RestaurantFastFood,task_occ_e0,winter,RestaurantFastFood-3610,-1179.3,-1179.3
RestaurantFastFood,task_occ_e0,winter,RestaurantFastFood-3621,-155.0,-155.0
RestaurantFastFood,task_occ_e0,winter,RestaurantFastFood-3627,-150.8,-150.8
RestaurantFastFood,task_occ_e0,winter,RestaurantFastFood-3628,-186.5,-186.5
RestaurantFastFood,task_occ_e0,winter,RestaurantFastFood-3653,-162.5,-162.5
RestaurantFastFood,task_occ_e0,winter,RestaurantFastFood-3658,-622.1,-622.1
RestaurantFastFood,task_occ_e0,winter,RestaurantFastFood-3660,-134.3,-134.3
RestaurantFastFood,task_occ_e0,winter,RestaurantFastFood-3667,-132.0,-132.0
RestaurantFastFood,task_occ_e0,winter,RestaurantFastFood-3670,-689.9,-689.9
RestaurantFastFood,task_occ_e0,winter,RestaurantFastFood-3678,-132.8,-132.8
RestaurantFastFood,task_occ_e0,winter,RestaurantFastFood-3697,-144.9,-144.9
RestaurantFastFood,task_occ_e0,winter,RestaurantFastFood-3706,-130.0,-130.0
RestaurantFastFood,task_occ_e0,winter,RestaurantFastFood-3716,-1262.7,-1262.7
RestaurantFastFood,task_occ_e0,winter,RestaurantFastFood-3741,-166.1,-166.1
RestaurantFastFood,task_occ_e0,winter,RestaurantFastFood-3761,-1262.9,-1262.9
RestaurantFastFood,task_occ_e0,winter,RestaurantFastFood-3781,-155.8,-155.8
RestaurantFastFood,task_occ_e0,winter,RestaurantFastFood-3785,-2461.2,-2461.2
RestaurantFastFood,task_occ_e0,winter,RestaurantFastFood-3787,-156.0,-156.0
RestaurantFastFood,task_occ_e0,winter,RestaurantFastFood-3794,-151.9,-151.9
RestaurantFastFood,task_occ_e0,winter,RestaurantFastFood-3806,-189.5,-189.5
RestaurantFastFood,task_occ_e0,winter,RestaurantFastFood-3809,-288.4,-288.4
RestaurantFastFood,task_occ_e0,winter,RestaurantFastFood-3818,-243.0,-243.0
RestaurantFastFood,task_occ_e0,winter,RestaurantFastFood-3823,-137.8,-137.8
RestaurantFastFood,task_occ_e0,winter,RestaurantFastFood-3832,-832.2,-832.2
RestaurantFastFood,task_occ_e0,winter,RestaurantFastFood-3853,-2499.0,-2499.0
RestaurantFastFood,task_occ_e0,winter,RestaurantFastFood-3856,-136.8,-136.8
RestaurantFastFood,task_occ_e0,winter,RestaurantFastFood-3869,-236.8,-236.8
RestaurantFastFood,task_occ_e0,winter,RestaurantFastFood-3875,-157.8,-157.8
RestaurantFastFood,task_occ_e0,winter,RestaurantFastFood-3878,-281.1,-281.1
RestaurantFastFood,task_occ_e0,winter,RestaurantFastFood-3886,-250.8,-250.8
RestaurantFastFood,task_occ_e0,winter,RestaurantFastFood-3901,-156.8,-156.8
RestaurantFastFood,task_occ_e0,winter,RestaurantFastFood-3941,-152.9,-152.9
RestaurantFastFood,task_occ_e0,winter,RestaurantFastFood-3976,-141.4,-141.4
RestaurantFastFood,task_occ_e0,winter,RestaurantFastFood-3979,-147.4,-147.4
RestaurantFastFood,task_occ_e0,winter,RestaurantFastFood-3997,-354.2,-354.2
RestaurantFastFood,task_occ_e0,winter,RestaurantFastFood-3998,-322.0,-322.0
RestaurantFastFood,task_occ_e0,winter,RestaurantFastFood-3999,-150.8,-150.8
RestaurantFastFood,task_occ_e0,winter,RestaurantFastFood-4000,-340.6,-340.6
RestaurantFastFood,task_occ_e05,full_year,RestaurantFastFood-3003,-145899.8,-145899.8
RestaurantFastFood,task_occ_e05,full_year,RestaurantFastFood-3017,-224879.0,-224879.0
RestaurantFastFood,task_occ_e05,full_year,RestaurantFastFood-3025,-339954.1,-339954.1
RestaurantFastFood,task_occ_e05,full_year,RestaurantFastFood-3038,-126503.8,-126503.8
RestaurantFastFood,task_occ_e05,full_year,RestaurantFastFood-3045,-337703.2,-337703.2
RestaurantFastFood,task_occ_e05,full_year,RestaurantFastFood-3046,-165278.1,-165278.1
RestaurantFastFood,task_occ_e05,full_year,RestaurantFastFood-3049,-792698.2,-792698.2
RestaurantFastFood,task_occ_e05,full_year,RestaurantFastFood-3084,-186730.1,-186730.1
RestaurantFastFood,task_occ_e05,full_year,RestaurantFastFood-3095,-115835.5,-115835.5
RestaurantFastFood,task_occ_e05,full_year,RestaurantFastFood-3137,-274605.7,-274605.7
RestaurantFastFood,task_occ_e05,full_year,RestaurantFastFood-3141,-282636.7,-282636.7
RestaurantFastFood,task_occ_e05,full_year,RestaurantFastFood-3164,-770761.6,-770761.6
RestaurantFastFood,task_occ_e05,full_year,RestaurantFastFood-3173,-380695.2,-380695.2
RestaurantFastFood,task_occ_e05,full_year,RestaurantFastFood-3174,-119875.2,-119875.2
RestaurantFastFood,task_occ_e05,full_year,RestaurantFastFood-3178,-162115.8,-162115.8
RestaurantFastFood,task_occ_e05,full_year,RestaurantFastFood-3214,-111299.7,-111299.7
RestaurantFastFood,task_occ_e05,full_year,RestaurantFastFood-3228,-185059.9,-185059.9
RestaurantFastFood,task_occ_e05,full_year,RestaurantFastFood-3241,-143262.3,-143262.3
RestaurantFastFood,task_occ_e05,full_year,RestaurantFastFood-3255,-1637653.3,-1637653.3
RestaurantFastFood,task_occ_e05,full_year,RestaurantFastFood-3262,-195460.6,-195460.6
RestaurantFastFood,task_occ_e05,full_year,RestaurantFastFood-3275,-304932.6,-304932.6
RestaurantFastFood,task_occ_e05,full_year,RestaurantFastFood-3282,-107509.3,-107509.3
RestaurantFastFood,task_occ_e05,full_year,RestaurantFastFood-3297,-332855.1,-332855.1
RestaurantFastFood,task_occ_e05,full_year,RestaurantFastFood-3304,-712475.4,-712475.4
RestaurantFastFood,task_occ_e05,full_year,RestaurantFastFood-3307,-328498.3,-328498.3
RestaurantFastFood,task_occ_e05,full_year,RestaurantFastFood-3311,-785327.9,-785327.9
RestaurantFastFood,task_occ_e05,full_year,RestaurantFastFood-3312,-141622.7,-141622.7
RestaurantFastFood,task_occ_e05,full_year,RestaurantFastFood-3313,-280001.5,-280001.5
RestaurantFastFood,task_occ_e05,full_year,RestaurantFastFood-3314,-1630350.8,-1630350.8
RestaurantFastFood,task_occ_e05,full_year,RestaurantFastFood-3325,-118511.5,-118511.5
RestaurantFastFood,task_occ_e05,full_year,RestaurantFastFood-3335,-1588072.0,-1588072.0
RestaurantFastFood,task_occ_e05,full_year,RestaurantFastFood-3341,-288081.0,-288081.0
RestaurantFastFood,task_occ_e05,full_year,RestaurantFastFood-3342,-278525.7,-278525.7
RestaurantFastFood,task_occ_e05,full_year,RestaurantFastFood-3358,-154715.8,-154715.8
RestaurantFastFood,task_occ_e05,full_year,RestaurantFastFood-3369,-110944.3,-110944.3
RestaurantFastFood,task_occ_e05,full_year,RestaurantFastFood-3374,-1567773.7,-1567773.7
RestaurantFastFood,task_occ_e05,full_year,RestaurantFastFood-3375,-843673.9,-843673.9
RestaurantFastFood,task_occ_e05,full_year,RestaurantFastFood-3380,-123913.3,-123913.3
RestaurantFastFood,task_occ_e05,full_year,RestaurantFastFood-3391,-110882.3,-110882.3
RestaurantFastFood,task_occ_e05,full_year,RestaurantFastFood-3403,-634140.0,-634140.0
RestaurantFastFood,task_occ_e05,full_year,RestaurantFastFood-3428,-95480.3,-95480.3
RestaurantFastFood,task_occ_e05,full_year,RestaurantFastFood-3432,-157107.1,-157107.1
RestaurantFastFood,task_occ_e05,full_year,RestaurantFastFood-3459,-172751.9,-172751.9
RestaurantFastFood,task_occ_e05,full_year,RestaurantFastFood-3462,-310595.2,-310595.2
RestaurantFastFood,task_occ_e05,full_year,RestaurantFastFood-3464,-136742.0,-136742.0
RestaurantFastFood,task_occ_e05,full_year,RestaurantFastFood-3469,-188486.9,-188486.9
RestaurantFastFood,task_occ_e05,full_year,RestaurantFastFood-3474,-115894.4,-115894.4
RestaurantFastFood,task_occ_e05,full_year,RestaurantFastFood-3500,-246561.6,-246561.6
RestaurantFastFood,task_occ_e05,full_year,RestaurantFastFood-3503,-632639.4,-632639.4
RestaurantFastFood,task_occ_e05,full_year,RestaurantFastFood-3510,-157342.0,-157342.0
RestaurantFastFood,task_occ_e05,full_year,RestaurantFastFood-3523,-116752.0,-116752.0
RestaurantFastFood,task_occ_e05,full_year,RestaurantFastFood-3528,-217938.7,-217938.7
RestaurantFastFood,task_occ_e05,full_year,RestaurantFastFood-3531,-112022.5,-112022.5
RestaurantFastFood,task_occ_e05,full_year,RestaurantFastFood-3534,-820929.4,-820929.4
RestaurantFastFood,task_occ_e05,full_year,RestaurantFastFood-3544,-203654.0,-203654.0
RestaurantFastFood,task_occ_e05,full_year,RestaurantFastFood-3551,-119097.0,-119097.0
RestaurantFastFood,task_occ_e05,full_year,RestaurantFastFood-3556,-171318.7,-171318.7
RestaurantFastFood,task_occ_e05,full_year,RestaurantFastFood-3559,-157027.1,-157027.1
RestaurantFastFood,task_occ_e05,full_year,RestaurantFastFood-3566,-335484.0,-335484.0
RestaurantFastFood,task_occ_e05,full_year,RestaurantFastFood-3570,-240399.7,-240399.7
RestaurantFastFood,task_occ_e05,full_year,RestaurantFastFood-3571,-314628.3,-314628.3
RestaurantFastFood,task_occ_e05,full_year,RestaurantFastFood-3606,-159109.8,-159109.8
RestaurantFastFood,task_occ_e05,full_year,RestaurantFastFood-3610,-679564.8,-679564.8
RestaurantFastFood,task_occ_e05,full_year,RestaurantFastFood-3621,-144319.0,-144319.0
RestaurantFastFood,task_occ_e05,full_year,RestaurantFastFood-3627,-137753.6,-137753.6
RestaurantFastFood,task_occ_e05,full_year,RestaurantFastFood-3628,-212724.8,-212724.8
RestaurantFastFood,task_occ_e05,full_year,RestaurantFastFood-3653,-145073.1,-145073.1
RestaurantFastFood,task_occ_e05,full_year,RestaurantFastFood-3658,-327642.7,-327642.7
RestaurantFastFood,task_occ_e05,full_year,RestaurantFastFood-3660,-151163.0,-151163.0
RestaurantFastFood,task_occ_e05,full_year,RestaurantFastFood-3667,-139337.2,-139337.2
RestaurantFastFood,task_occ_e05,full_year,RestaurantFastFood-3670,-301160.5,-301160.5
RestaurantFastFood,task_occ_e05,full_year,RestaurantFastFood-3678,-108825.4,-108825.4
RestaurantFastFood,task_occ_e05,full_year,RestaurantFastFood-3697,-89812.8,-89812.8
RestaurantFastFood,task_occ_e05,full_year,RestaurantFastFood-3706,-104400.3,-104400.3
RestaurantFastFood,task_occ_e05,full_year,RestaurantFastFood-3716,-724730.5,-724730.5
RestaurantFastFood,task_occ_e05,full_year,RestaurantFastFood-3741,-167004.4,-167004.4
RestaurantFastFood,task_occ_e05,full_year,RestaurantFastFood-3761,-717293.7,-717293.7
RestaurantFastFood,task_occ_e05,full_year,RestaurantFastFood-3781,-138758.0,-138758.0
RestaurantFastFood,task_occ_e05,full_year,RestaurantFastFood-3785,-1567745.9,-1567745.9
RestaurantFastFood,task_occ_e05,full_year,RestaurantFastFood-3787,-113213.3,-113213.3
RestaurantFastFood,task_occ_e05,full_year,RestaurantFastFood-3794,-123926.9,-123926.9
RestaurantFastFood,task_occ_e05,full_year,RestaurantFastFood-3806,-164314.9,-164314.9
RestaurantFastFood,task_occ_e05,full_year,RestaurantFastFood-3809,-307466.5,-307466.5
RestaurantFastFood,task_occ_e05,full_year,RestaurantFastFood-3818,-289549.1,-289549.1
RestaurantFastFood,task_occ_e05,full_year,RestaurantFastFood-3823,-174975.0,-174975.0
RestaurantFastFood,task_occ_e05,full_year,RestaurantFastFood-3832,-814991.5,-814991.5
RestaurantFastFood,task_occ_e05,full_year,RestaurantFastFood-3853,-1645609.9,-1645609.9
RestaurantFastFood,task_occ_e05,full_year,RestaurantFastFood-3856,-122546.1,-122546.1
RestaurantFastFood,task_occ_e05,full_year,RestaurantFastFood-3869,-216860.0,-216860.0
RestaurantFastFood,task_occ_e05,full_year,RestaurantFastFood-3875,-113970.1,-113970.1
RestaurantFastFood,task_occ_e05,full_year,RestaurantFastFood-3878,-326175.5,-326175.5
RestaurantFastFood,task_occ_e05,full_year,RestaurantFastFood-3886,-209051.5,-209051.5
RestaurantFastFood,task_occ_e05,full_year,RestaurantFastFood-3901,-103171.9,-103171.9
RestaurantFastFood,task_occ_e05,full_year,RestaurantFastFood-3941,-128815.5,-128815.5
RestaurantFastFood,task_occ_e05,full_year,RestaurantFastFood-3976,-132778.2,-132778.2
RestaurantFastFood,task_occ_e05,full_year,RestaurantFastFood-3979,-99385.0,-99385.0
RestaurantFastFood,task_occ_e05,full_year,RestaurantFastFood-3997,-321244.9,-321244.9
RestaurantFastFood,task_occ_e05,full_year,RestaurantFastFood-3998,-317043.8,-317043.8
RestaurantFastFood,task_occ_e05,full_year,RestaurantFastFood-3999,-127435.4,-127435.4
RestaurantFastFood,task_occ_e05,full_year,RestaurantFastFood-4000,-327359.4,-327359.4
RestaurantFastFood,task_occ_e05,summer,RestaurantFastFood-3003,-150250.8,-150250.8
RestaurantFastFood,task_occ_e05,summer,RestaurantFastFood-3017,-332013.3,-332013.3
RestaurantFastFood,task_occ_e05,summer,RestaurantFastFood-3025,-410530.4,-410530.4
RestaurantFastFood,task_occ_e05,summer,RestaurantFastFood-3038,-113358.8,-113358.8
RestaurantFastFood,task_occ_e05,summer,RestaurantFastFood-3045,-394840.0,-394840.0
RestaurantFastFood,task_occ_e05,summer,RestaurantFastFood-3046,-264194.2,-264194.2
RestaurantFastFood,task_occ_e05,summer,RestaurantFastFood-3049,-456846.6,-456846.6
RestaurantFastFood,task_occ_e05,summer,RestaurantFastFood-3084,-319701.5,-319701.5
RestaurantFastFood,task_occ_e05,summer,RestaurantFastFood-3095,-163939.0,-163939.0
RestaurantFastFood,task_occ_e05,summer,RestaurantFastFood-3137,-266061.0,-266061.0
RestaurantFastFood,task_occ_e05,summer,RestaurantFastFood-3141,-371088.8,-371088.8
RestaurantFastFood,task_occ_e05,summer,RestaurantFastFood-3164,-457816.8,-457816.8
RestaurantFastFood,task_occ_e05,summer,RestaurantFastFood-3173,-413327.8,-413327.8
RestaurantFastFood,task_occ_e05,summer,RestaurantFastFood-3174,-233498.4,-233498.4
RestaurantFastFood,task_occ_e05,summer,RestaurantFastFood-3178,-227588.4,-227588.4
RestaurantFastFood,task_occ_e05,summer,RestaurantFastFood-3214,-225455.5,-225455.5
RestaurantFastFood,task_occ_e05,summer,RestaurantFastFood-3228,-141996.5,-141996.5
RestaurantFastFood,task_occ_e05,summer,RestaurantFastFood-3241,-321794.9,-321794.9
RestaurantFastFood,task_occ_e05,summer,RestaurantFastFood-3255,-484014.0,-484014.0
RestaurantFastFood,task_occ_e05,summer,RestaurantFastFood-3262,-324151.1,-324151.1
RestaurantFastFood,task_occ_e05,summer,RestaurantFastFood-3275,-373210.8,-373210.8
RestaurantFastFood,task_occ_e05,summer,RestaurantFastFood-3282,-224677.1,-224677.1
RestaurantFastFood,task_occ_e05,summer,RestaurantFastFood-3297,-405896.2,-405896.2
RestaurantFastFood,task_occ_e05,summer,RestaurantFastFood-3304,-598282.0,-598282.0
RestaurantFastFood,task_occ_e05,summer,RestaurantFastFood-3307,-268925.5,-268925.5
RestaurantFastFood,task_occ_e05,summer,RestaurantFastFood-3311,-453514.6,-453514.6
RestaurantFastFood,task_occ_e05,summer,RestaurantFastFood-3312,-329102.8,-329102.8
RestaurantFastFood,task_occ_e05,summer,RestaurantFastFood-3313,-370276.1,-370276.1
RestaurantFastFood,task_occ_e05,summer,RestaurantFastFood-3314,-474952.9,-474952.9
RestaurantFastFood,task_occ_e05,summer,RestaurantFastFood-3325,-237001.2,-237001.2
RestaurantFastFood,task_occ_e05,summer,RestaurantFastFood-3335,-447302.3,-447302.3
RestaurantFastFood,task_occ_e05,summer,RestaurantFastFood-3341,-241378.8,-241378.8
RestaurantFastFood,task_occ_e05,summer,RestaurantFastFood-3342,-367932.3,-367932.3
RestaurantFastFood,task_occ_e05,summer,RestaurantFastFood-3358,-267988.8,-267988.8
RestaurantFastFood,task_occ_e05,summer,RestaurantFastFood-3369,-187920.8,-187920.8
RestaurantFastFood,task_occ_e05,summer,RestaurantFastFood-3374,-440979.5,-440979.5
RestaurantFastFood,task_occ_e05,summer,RestaurantFastFood-3375,-461078.9,-461078.9
RestaurantFastFood,task_occ_e05,summer,RestaurantFastFood-3380,-263027.3,-263027.3
RestaurantFastFood,task_occ_e05,summer,RestaurantFastFood-3391,-187272.9,-187272.9
RestaurantFastFood,task_occ_e05,summer,RestaurantFastFood-3403,-415306.2,-415306.2
RestaurantFastFood,task_occ_e05,summer,RestaurantFastFood-3428,-178599.9,-178599.9
RestaurantFastFood,task_occ_e05,summer,RestaurantFastFood-3432,-271830.3,-271830.3
RestaurantFastFood,task_occ_e05,summer,RestaurantFastFood-3459,-323766.1,-323766.1
RestaurantFastFood,task_occ_e05,summer,RestaurantFastFood-3462,-404530.4,-404530.4
RestaurantFastFood,task_occ_e05,summer,RestaurantFastFood-3464,-333289.3,-333289.3
RestaurantFastFood,task_occ_e05,summer,RestaurantFastFood-3469,-264704.1,-264704.1
RestaurantFastFood,task_occ_e05,summer,RestaurantFastFood-3474,-164334.1,-164334.1
RestaurantFastFood,task_occ_e05,summer,RestaurantFastFood-3500,-263661.8,-263661.8
RestaurantFastFood,task_occ_e05,summer,RestaurantFastFood-3503,-439870.7,-439870.7
RestaurantFastFood,task_occ_e05,summer,RestaurantFastFood-3510,-261046.0,-261046.0
RestaurantFastFood,task_occ_e05,summer,RestaurantFastFood-3523,-86241.5,-86241.5
RestaurantFastFood,task_occ_e05,summer,RestaurantFastFood-3528,-321374.6,-321374.6
RestaurantFastFood,task_occ_e05,summer,RestaurantFastFood-3531,-176498.1,-176498.1
RestaurantFastFood,task_occ_e05,summer,RestaurantFastFood-3534,-446559.6,-446559.6
RestaurantFastFood,task_occ_e05,summer,RestaurantFastFood-3544,-331229.9,-331229.9
RestaurantFastFood,task_occ_e05,summer,RestaurantFastFood-3551,-260899.7,-260899.7
RestaurantFastFood,task_occ_e05,summer,RestaurantFastFood-3556,-335674.4,-335674.4
RestaurantFastFood,task_occ_e05,summer,RestaurantFastFood-3559,-267002.8,-267002.8
RestaurantFastFood,task_occ_e05,summer,RestaurantFastFood-3566,-255324.1,-255324.1
RestaurantFastFood,task_occ_e05,summer,RestaurantFastFood-3570,-330976.7,-330976.7
RestaurantFastFood,task_occ_e05,summer,RestaurantFastFood-3571,-244295.8,-244295.8
RestaurantFastFood,task_occ_e05,summer,RestaurantFastFood-3606,-324189.3,-324189.3
RestaurantFastFood,task_occ_e05,summer,RestaurantFastFood-3610,-469077.4,-469077.4
RestaurantFastFood,task_occ_e05,summer,RestaurantFastFood-3621,-334867.8,-334867.8
RestaurantFastFood,task_occ_e05,summer,RestaurantFastFood-3627,-93701.0,-93701.0
RestaurantFastFood,task_occ_e05,summer,RestaurantFastFood-3628,-329798.4,-329798.4
RestaurantFastFood,task_occ_e05,summer,RestaurantFastFood-3653,-269128.3,-269128.3
RestaurantFastFood,task_occ_e05,summer,RestaurantFastFood-3658,-215041.6,-215041.6
RestaurantFastFood,task_occ_e05,summer,RestaurantFastFood-3660,-261881.2,-261881.2
RestaurantFastFood,task_occ_e05,summer,RestaurantFastFood-3667,-269530.4,-269530.4
RestaurantFastFood,task_occ_e05,summer,RestaurantFastFood-3670,-254163.2,-254163.2
RestaurantFastFood,task_occ_e05,summer,RestaurantFastFood-3678,-222326.8,-222326.8
RestaurantFastFood,task_occ_e05,summer,RestaurantFastFood-3697,-171893.1,-171893.1
RestaurantFastFood,task_occ_e05,summer,RestaurantFastFood-3706,-111663.9,-111663.9
RestaurantFastFood,task_occ_e05,summer,RestaurantFastFood-3716,-402462.2,-402462.2
RestaurantFastFood,task_occ_e05,summer,RestaurantFastFood-3741,-333699.1,-333699.1
RestaurantFastFood,task_occ_e05,summer,RestaurantFastFood-3761,-407636.9,-407636.9
RestaurantFastFood,task_occ_e05,summer,RestaurantFastFood-3781,-94040.1,-94040.1
RestaurantFastFood,task_occ_e05,summer,RestaurantFastFood-3785,-437192.1,-437192.1
RestaurantFastFood,task_occ_e05,summer,RestaurantFastFood-3787,-166262.2,-166262.2
RestaurantFastFood,task_occ_e05,summer,RestaurantFastFood-3794,-329401.5,-329401.5
RestaurantFastFood,task_occ_e05,summer,RestaurantFastFood-3806,-265626.1,-265626.1
RestaurantFastFood,task_occ_e05,summer,RestaurantFastFood-3809,-403711.3,-403711.3
RestaurantFastFood,task_occ_e05,summer,RestaurantFastFood-3818,-369865.9,-369865.9
RestaurantFastFood,task_occ_e05,summer,RestaurantFastFood-3823,-264345.3,-264345.3
RestaurantFastFood,task_occ_e05,summer,RestaurantFastFood-3832,-456575.7,-456575.7
RestaurantFastFood,task_occ_e05,summer,RestaurantFastFood-3853,-477284.0,-477284.0
RestaurantFastFood,task_occ_e05,summer,RestaurantFastFood-3856,-162936.1,-162936.1
RestaurantFastFood,task_occ_e05,summer,RestaurantFastFood-3869,-331137.7,-331137.7
RestaurantFastFood,task_occ_e05,summer,RestaurantFastFood-3875,-261630.5,-261630.5
RestaurantFastFood,task_occ_e05,summer,RestaurantFastFood-3878,-379027.7,-379027.7
RestaurantFastFood,task_occ_e05,summer,RestaurantFastFood-3886,-336616.9,-336616.9
RestaurantFastFood,task_occ_e05,summer,RestaurantFastFood-3901,-255203.2,-255203.2
RestaurantFastFood,task_occ_e05,summer,RestaurantFastFood-3941,-96837.6,-96837.6
RestaurantFastFood,task_occ_e05,summer,RestaurantFastFood-3976,-263914.1,-263914.1
RestaurantFastFood,task_occ_e05,summer,RestaurantFastFood-3979,-179202.5,-179202.5
RestaurantFastFood,task_occ_e05,summer,RestaurantFastFood-3997,-402084.9,-402084.9
RestaurantFastFood,task_occ_e05,summer,RestaurantFastFood-3998,-401583.8,-401583.8
RestaurantFastFood,task_occ_e05,summer,RestaurantFastFood-3999,-92713.4,-92713.4
RestaurantFastFood,task_occ_e05,summer,RestaurantFastFood-4000,-407603.7,-407603.7
RestaurantFastFood,task_occ_e05,winter,RestaurantFastFood-3003,-36329.4,-36329.4
RestaurantFastFood,task_occ_e05,winter,RestaurantFastFood-3017,-40816.4,-40816.4
RestaurantFastFood,task_occ_e05,winter,RestaurantFastFood-3025,-62354.9,-62354.9
RestaurantFastFood,task_occ_e05,winter,RestaurantFastFood-3038,-30978.1,-30978.1
RestaurantFastFood,task_occ_e05,winter,RestaurantFastFood-3045,-52516.5,-52516.5
RestaurantFastFood,task_occ_e05,winter,RestaurantFastFood-3046,-38814.9,-38814.9
RestaurantFastFood,task_occ_e05,winter,RestaurantFastFood-3049,-125920.2,-125920.2
RestaurantFastFood,task_occ_e05,winter,RestaurantFastFood-3084,-32179.1,-32179.1
RestaurantFastFood,task_occ_e05,winter,RestaurantFastFood-3095,-27041.4,-27041.4
RestaurantFastFood,task_occ_e05,winter,RestaurantFastFood-3137,-59835.0,-59835.0
RestaurantFastFood,task_occ_e05,winter,RestaurantFastFood-3141,-50866.7,-50866.7
RestaurantFastFood,task_occ_e05,winter,RestaurantFastFood-3164,-140588.1,-140588.1
RestaurantFastFood,task_occ_e05,winter,RestaurantFastFood-3173,-59380.4,-59380.4
RestaurantFastFood,task_occ_e05,winter,RestaurantFastFood-3174,-25661.0,-25661.0
RestaurantFastFood,task_occ_e05,winter,RestaurantFastFood-3178,-35829.4,-35829.4
RestaurantFastFood,task_occ_e05,winter,RestaurantFastFood-3214,-24332.8,-24332.8
RestaurantFastFood,task_occ_e05,winter,RestaurantFastFood-3228,-45765.9,-45765.9
RestaurantFastFood,task_occ_e05,winter,RestaurantFastFood-3241,-30373.9,-30373.9
RestaurantFastFood,task_occ_e05,winter,RestaurantFastFood-3255,-337285.0,-337285.0
RestaurantFastFood,task_occ_e05,winter,RestaurantFastFood-3262,-31820.7,-31820.7
RestaurantFastFood,task_occ_e05,winter,RestaurantFastFood-3275,-49189.0,-49189.0
RestaurantFastFood,task_occ_e05,winter,RestaurantFastFood-3282,-23482.2,-23482.2
RestaurantFastFood,task_occ_e05,winter,RestaurantFastFood-3297,-49331.0,-49331.0
RestaurantFastFood,task_occ_e05,winter,RestaurantFastFood-3304,-152789.3,-152789.3
RestaurantFastFood,task_occ_e05,winter,RestaurantFastFood-3307,-93662.4,-93662.4
RestaurantFastFood,task_occ_e05,winter,RestaurantFastFood-3311,-130940.0,-130940.0
RestaurantFastFood,task_occ_e05,winter,RestaurantFastFood-3312,-33160.9,-33160.9
RestaurantFastFood,task_occ_e05,winter,RestaurantFastFood-3313,-45620.7,-45620.7
RestaurantFastFood,task_occ_e05,winter,RestaurantFastFood-3314,-334127.8,-334127.8
RestaurantFastFood,task_occ_e05,winter,RestaurantFastFood-3325,-24998.1,-24998.1
RestaurantFastFood,task_occ_e05,winter,RestaurantFastFood-3335,-342729.4,-342729.4
RestaurantFastFood,task_occ_e05,winter,RestaurantFastFood-3341,-87620.6,-87620.6
RestaurantFastFood,task_occ_e05,winter,RestaurantFastFood-3342,-43574.9,-43574.9
RestaurantFastFood,task_occ_e05,winter,RestaurantFastFood-3358,-27254.6,-27254.6
RestaurantFastFood,task_occ_e05,winter,RestaurantFastFood-3369,-27527.3,-27527.3
RestaurantFastFood,task_occ_e05,winter,RestaurantFastFood-3374,-333483.9,-333483.9
RestaurantFastFood,task_occ_e05,winter,RestaurantFastFood-3375,-120603.1,-120603.1
RestaurantFastFood,task_occ_e05,winter,RestaurantFastFood-3380,-29863.8,-29863.8
RestaurantFastFood,task_occ_e05,winter,RestaurantFastFood-3391,-28633.8,-28633.8
RestaurantFastFood,task_occ_e05,winter,RestaurantFastFood-3403,-144946.7,-144946.7
RestaurantFastFood,task_occ_e05,winter,RestaurantFastFood-3428,-24575.0,-24575.0
RestaurantFastFood,task_occ_e05,winter,RestaurantFastFood-3432,-29458.7,-29458.7
RestaurantFastFood,task_occ_e05,winter,RestaurantFastFood-3459,-36233.2,-36233.2
RestaurantFastFood,task_occ_e05,winter,RestaurantFastFood-3462,-52291.0,-52291.0
RestaurantFastFood,task_occ_e05,winter,RestaurantFastFood-3464,-32222.5,-32222.5
RestaurantFastFood,task_occ_e05,winter,RestaurantFastFood-3469,-41825.0,-41825.0
RestaurantFastFood,task_occ_e05,winter,RestaurantFastFood-3474,-27538.7,-27538.7
RestaurantFastFood,task_occ_e05,winter,RestaurantFastFood-3500,-54641.3,-54641.3
RestaurantFastFood,task_occ_e05,winter,RestaurantFastFood-3503,-146761.8,-146761.8
RestaurantFastFood,task_occ_e05,winter,RestaurantFastFood-3510,-35876.9,-35876.9
RestaurantFastFood,task_occ_e05,winter,RestaurantFastFood-3523,-29169.1,-29169.1
RestaurantFastFood,task_occ_e05,winter,RestaurantFastFood-3528,-32391.9,-32391.9
RestaurantFastFood,task_occ_e05,winter,RestaurantFastFood-3531,-29125.6,-29125.6
RestaurantFastFood,task_occ_e05,winter,RestaurantFastFood-3534,-121558.7,-121558.7
RestaurantFastFood,task_occ_e05,winter,RestaurantFastFood-3544,-43157.8,-43157.8
RestaurantFastFood,task_occ_e05,winter,RestaurantFastFood-3551,-29101.0,-29101.0
RestaurantFastFood,task_occ_e05,winter,RestaurantFastFood-3556,-40807.5,-40807.5
RestaurantFastFood,task_occ_e05,winter,RestaurantFastFood-3559,-35294.0,-35294.0
RestaurantFastFood,task_occ_e05,winter,RestaurantFastFood-3566,-95879.1,-95879.1
RestaurantFastFood,task_occ_e05,winter,RestaurantFastFood-3570,-35505.3,-35505.3
RestaurantFastFood,task_occ_e05,winter,RestaurantFastFood-3571,-93203.1,-93203.1
RestaurantFastFood,task_occ_e05,winter,RestaurantFastFood-3606,-32362.3,-32362.3
RestaurantFastFood,task_occ_e05,winter,RestaurantFastFood-3610,-157406.6,-157406.6
RestaurantFastFood,task_occ_e05,winter,RestaurantFastFood-3621,-33847.3,-33847.3
RestaurantFastFood,task_occ_e05,winter,RestaurantFastFood-3627,-33420.8,-33420.8
RestaurantFastFood,task_occ_e05,winter,RestaurantFastFood-3628,-32811.3,-32811.3
RestaurantFastFood,task_occ_e05,winter,RestaurantFastFood-3653,-33553.2,-33553.2
RestaurantFastFood,task_occ_e05,winter,RestaurantFastFood-3658,-93218.5,-93218.5
RestaurantFastFood,task_occ_e05,winter,RestaurantFastFood-3660,-27576.8,-27576.8
RestaurantFastFood,task_occ_e05,winter,RestaurantFastFood-3667,-30740.0,-30740.0
RestaurantFastFood,task_occ_e05,winter,RestaurantFastFood-3670,-89417.4,-89417.4
RestaurantFastFood,task_occ_e05,winter,RestaurantFastFood-3678,-24037.4,-24037.4
RestaurantFastFood,task_occ_e05,winter,RestaurantFastFood-3697,-22927.1,-22927.1
RestaurantFastFood,task_occ_e05,winter,RestaurantFastFood-3706,-25864.9,-25864.9
RestaurantFastFood,task_occ_e05,winter,RestaurantFastFood-3716,-166277.6,-166277.6
RestaurantFastFood,task_occ_e05,winter,RestaurantFastFood-3741,-38786.8,-38786.8
RestaurantFastFood,task_occ_e05,winter,RestaurantFastFood-3761,-165333.6,-165333.6
RestaurantFastFood,task_occ_e05,winter,RestaurantFastFood-3781,-33873.5,-33873.5
RestaurantFastFood,task_occ_e05,winter,RestaurantFastFood-3785,-335576.8,-335576.8
RestaurantFastFood,task_occ_e05,winter,RestaurantFastFood-3787,-26576.9,-26576.9
RestaurantFastFood,task_occ_e05,winter,RestaurantFastFood-3794,-29050.5,-29050.5
RestaurantFastFood,task_occ_e05,winter,RestaurantFastFood-3806,-39489.0,-39489.0
RestaurantFastFood,task_occ_e05,winter,RestaurantFastFood-3809,-44536.2,-44536.2
RestaurantFastFood,task_occ_e05,winter,RestaurantFastFood-3818,-46284.9,-46284.9
RestaurantFastFood,task_occ_e05,winter,RestaurantFastFood-3823,-40725.1,-40725.1
RestaurantFastFood,task_occ_e05,winter,RestaurantFastFood-3832,-121832.4,-121832.4
RestaurantFastFood,task_occ_e05,winter,RestaurantFastFood-3853,-344181.6,-344181.6
RestaurantFastFood,task_occ_e05,winter,RestaurantFastFood-3856,-27945.3,-27945.3
RestaurantFastFood,task_occ_e05,winter,RestaurantFastFood-3869,-49790.4,-49790.4
RestaurantFastFood,task_occ_e05,winter,RestaurantFastFood-3875,-27752.7,-27752.7
RestaurantFastFood,task_occ_e05,winter,RestaurantFastFood-3878,-61105.4,-61105.4
RestaurantFastFood,task_occ_e05,winter,RestaurantFastFood-3886,-45992.7,-45992.7
RestaurantFastFood,task_occ_e05,winter,RestaurantFastFood-3901,-25032.2,-25032.2
RestaurantFastFood,task_occ_e05,winter,RestaurantFastFood-3941,-31529.5,-31529.5
RestaurantFastFood,task_occ_e05,winter,RestaurantFastFood-3976,-29472.4,-29472.4
RestaurantFastFood,task_occ_e05,winter,RestaurantFastFood-3979,-24758.9,-24758.9
RestaurantFastFood,task_occ_e05,winter,RestaurantFastFood-3997,-54113.1,-54113.1
RestaurantFastFood,task_occ_e05,winter,RestaurantFastFood-3998,-50800.8,-50800.8
RestaurantFastFood,task_occ_e05,winter,RestaurantFastFood-3999,-31079.6,-31079.6
RestaurantFastFood,task_occ_e05,winter,RestaurantFastFood-4000,-58588.5,-58588.5
RestaurantFastFood,task_rand_e0,full_year,RestaurantFastFood-3003,-759.1,-759.1
RestaurantFastFood,task_rand_e0,full_year,RestaurantFastFood-3017,-1247.5,-1247.5
RestaurantFastFood,task_rand_e0,full_year,RestaurantFastFood-3025,-1915.1,-1915.1
RestaurantFastFood,task_rand_e0,full_year,RestaurantFastFood-3038,-607.2,-607.2
RestaurantFastFood,task_rand_e0,full_year,RestaurantFastFood-3045,-2188.0,-2188.0
RestaurantFastFood,task_rand_e0,full_year,RestaurantFastFood-3046,-637.8,-637.8
RestaurantFastFood,task_rand_e0,full_year,RestaurantFastFood-3049,-4730.7,-4730.7
RestaurantFastFood,task_rand_e0,full_year,RestaurantFastFood-3084,-1239.3,-1239.3
RestaurantFastFood,task_rand_e0,full_year,RestaurantFastFood-3095,-739.1,-739.1
RestaurantFastFood,task_rand_e0,full_year,RestaurantFastFood-3137,-928.8,-928.8
RestaurantFastFood,task_rand_e0,full_year,RestaurantFastFood-3141,-1726.7,-1726.7
RestaurantFastFood,task_rand_e0,full_year,RestaurantFastFood-3164,-4434.8,-4434.8
RestaurantFastFood,task_rand_e0,full_year,RestaurantFastFood-3173,-2336.2,-2336.2
RestaurantFastFood,task_rand_e0,full_year,RestaurantFastFood-3174,-704.5,-704.5
RestaurantFastFood,task_rand_e0,full_year,RestaurantFastFood-3178,-696.3,-696.3
RestaurantFastFood,task_rand_e0,full_year,RestaurantFastFood-3214,-679.5,-679.5
RestaurantFastFood,task_rand_e0,full_year,RestaurantFastFood-3228,-750.5,-750.5
RestaurantFastFood,task_rand_e0,full_year,RestaurantFastFood-3241,-814.9,-814.9
RestaurantFastFood,task_rand_e0,full_year,RestaurantFastFood-3255,-10507.8,-10507.8
RestaurantFastFood,task_rand_e0,full_year,RestaurantFastFood-3262,-1242.7,-1242.7
RestaurantFastFood,task_rand_e0,full_year,RestaurantFastFood-3275,-2022.2,-2022.2
RestaurantFastFood,task_rand_e0,full_year,RestaurantFastFood-3282,-689.9,-689.9
RestaurantFastFood,task_rand_e0,full_year,RestaurantFastFood-3297,-2036.8,-2036.8
RestaurantFastFood,task_rand_e0,full_year,RestaurantFastFood-3304,-4527.1,-4527.1
RestaurantFastFood,task_rand_e0,full_year,RestaurantFastFood-3307,-2229.2,-2229.2
RestaurantFastFood,task_rand_e0,full_year,RestaurantFastFood-3311,-4650.7,-4650.7
RestaurantFastFood,task_rand_e0,full_year,RestaurantFastFood-3312,-745.1,-745.1
RestaurantFastFood,task_rand_e0,full_year,RestaurantFastFood-3313,-1817.9,-1817.9
RestaurantFastFood,task_rand_e0,full_year,RestaurantFastFood-3314,-10159.0,-10159.0
RestaurantFastFood,task_rand_e0,full_year,RestaurantFastFood-3325,-704.9,-704.9
RestaurantFastFood,task_rand_e0,full_year,RestaurantFastFood-3335,-10239.6,-10239.6
RestaurantFastFood,task_rand_e0,full_year,RestaurantFastFood-3341,-1921.0,-1921.0
RestaurantFastFood,task_rand_e0,full_year,RestaurantFastFood-3342,-1816.1,-1816.1
RestaurantFastFood,task_rand_e0,full_year,RestaurantFastFood-3358,-866.7,-866.7
RestaurantFastFood,task_rand_e0,full_year,RestaurantFastFood-3369,-577.7,-577.7
RestaurantFastFood,task_rand_e0,full_year,RestaurantFastFood-3374,-10151.7,-10151.7
RestaurantFastFood,task_rand_e0,full_year,RestaurantFastFood-3375,-5386.5,-5386.5
RestaurantFastFood,task_rand_e0,full_year,RestaurantFastFood-3380,-670.0,-670.0
RestaurantFastFood,task_rand_e0,full_year,RestaurantFastFood-3391,-580.4,-580.4
RestaurantFastFood,task_rand_e0,full_year,RestaurantFastFood-3403,-3696.7,-3696.7
RestaurantFastFood,task_rand_e0,full_year,RestaurantFastFood-3428,-578.5,-578.5
RestaurantFastFood,task_rand_e0,full_year,RestaurantFastFood-3432,-660.0,-660.0
RestaurantFastFood,task_rand_e0,full_year,RestaurantFastFood-3459,-927.4,-927.4
RestaurantFastFood,task_rand_e0,full_year,RestaurantFastFood-3462,-1910.0,-1910.0
RestaurantFastFood,task_rand_e0,full_year,RestaurantFastFood-3464,-714.4,-714.4
RestaurantFastFood,task_rand_e0,full_year,RestaurantFastFood-3469,-759.0,-759.0
RestaurantFastFood,task_rand_e0,full_year,RestaurantFastFood-3474,-774.3,-774.3
RestaurantFastFood,task_rand_e0,full_year,RestaurantFastFood-3500,-872.4,-872.4
RestaurantFastFood,task_rand_e0,full_year,RestaurantFastFood-3503,-3593.3,-3593.3
RestaurantFastFood,task_rand_e0,full_year,RestaurantFastFood-3510,-691.5,-691.5
RestaurantFastFood,task_rand_e0,full_year,RestaurantFastFood-3523,-658.0,-658.0
RestaurantFastFood,task_rand_e0,full_year,RestaurantFastFood-3528,-1518.9,-1518.9
RestaurantFastFood,task_rand_e0,full_year,RestaurantFastFood-3531,-628.2,-628.2
RestaurantFastFood,task_rand_e0,full_year,RestaurantFastFood-3534,-5107.3,-5107.3
RestaurantFastFood,task_rand_e0,full_year,RestaurantFastFood-3544,-1057.9,-1057.9
RestaurantFastFood,task_rand_e0,full_year,RestaurantFastFood-3551,-655.6,-655.6
RestaurantFastFood,task_rand_e0,full_year,RestaurantFastFood-3556,-747.9,-747.9
RestaurantFastFood,task_rand_e0,full_year,RestaurantFastFood-3559,-702.6,-702.6
RestaurantFastFood,task_rand_e0,full_year,RestaurantFastFood-3566,-2200.5,-2200.5
RestaurantFastFood,task_rand_e0,full_year,RestaurantFastFood-3570,-1547.1,-1547.1
RestaurantFastFood,task_rand_e0,full_year,RestaurantFastFood-3571,-1996.8,-1996.8
RestaurantFastFood,task_rand_e0,full_year,RestaurantFastFood-3606,-914.6,-914.6
RestaurantFastFood,task_rand_e0,full_year,RestaurantFastFood-3610,-4089.1,-4089.1
RestaurantFastFood,task_rand_e0,full_year,RestaurantFastFood-3621,-698.2,-698.2
RestaurantFastFood,task_rand_e0,full_year,RestaurantFastFood-3627,-653.5,-653.5
RestaurantFastFood,task_rand_e0,full_year,RestaurantFastFood-3628,-1337.2,-1337.2
RestaurantFastFood,task_rand_e0,full_year,RestaurantFastFood-3653,-707.2,-707.2
RestaurantFastFood,task_rand_e0,full_year,RestaurantFastFood-3658,-1808.2,-1808.2
RestaurantFastFood,task_rand_e0,full_year,RestaurantFastFood-3660,-712.0,-712.0
RestaurantFastFood,task_rand_e0,full_year,RestaurantFastFood-3667,-611.1,-611.1
RestaurantFastFood,task_rand_e0,full_year,RestaurantFastFood-3670,-2064.1,-2064.1
RestaurantFastFood,task_rand_e0,full_year,RestaurantFastFood-3678,-688.1,-688.1
RestaurantFastFood,task_rand_e0,full_year,RestaurantFastFood-3697,-568.8,-568.8
RestaurantFastFood,task_rand_e0,full_year,RestaurantFastFood-3706,-596.4,-596.4
RestaurantFastFood,task_rand_e0,full_year,RestaurantFastFood-3716,-4241.6,-4241.6
RestaurantFastFood,task_rand_e0,full_year,RestaurantFastFood-3741,-744.0,-744.0
RestaurantFastFood,task_rand_e0,full_year,RestaurantFastFood-3761,-4300.3,-4300.3
RestaurantFastFood,task_rand_e0,full_year,RestaurantFastFood-3781,-665.9,-665.9
RestaurantFastFood,task_rand_e0,full_year,RestaurantFastFood-3785,-10142.2,-10142.2
RestaurantFastFood,task_rand_e0,full_year,RestaurantFastFood-3787,-762.7,-762.7
RestaurantFastFood,task_rand_e0,full_year,RestaurantFastFood-3794,-686.0,-686.0
RestaurantFastFood,task_rand_e0,full_year,RestaurantFastFood-3806,-775.8,-775.8
RestaurantFastFood,task_rand_e0,full_year,RestaurantFastFood-3809,-2000.3,-2000.3
RestaurantFastFood,task_rand_e0,full_year,RestaurantFastFood-3818,-1869.6,-1869.6
RestaurantFastFood,task_rand_e0,full_year,RestaurantFastFood-3823,-633.9,-633.9
RestaurantFastFood,task_rand_e0,full_year,RestaurantFastFood-3832,-5021.5,-5021.5
RestaurantFastFood,task_rand_e0,full_year,RestaurantFastFood-3853,-10553.0,-10553.0
RestaurantFastFood,task_rand_e0,full_year,RestaurantFastFood-3856,-726.4,-726.4
RestaurantFastFood,task_rand_e0,full_year,RestaurantFastFood-3869,-942.6,-942.6
RestaurantFastFood,task_rand_e0,full_year,RestaurantFastFood-3875,-637.9,-637.9
RestaurantFastFood,task_rand_e0,full_year,RestaurantFastFood-3878,-1960.8,-1960.8
RestaurantFastFood,task_rand_e0,full_year,RestaurantFastFood-3886,-1041.1,-1041.1
RestaurantFastFood,task_rand_e0,full_year,RestaurantFastFood-3901,-596.9,-596.9
RestaurantFastFood,task_rand_e0,full_year,RestaurantFastFood-3941,-656.5,-656.5
RestaurantFastFood,task_rand_e0,full_year,RestaurantFastFood-3976,-676.0,-676.0
RestaurantFastFood,task_rand_e0,full_year,RestaurantFastFood-3979,-591.6,-591.6
RestaurantFastFood,task_rand_e0,full_year,RestaurantFastFood-3997,-2094.1,-2094.1
RestaurantFastFood,task_rand_e0,full_year,RestaurantFastFood-3998,-1996.6,-1996.6
RestaurantFastFood,task_rand_e0,full_year,RestaurantFastFood-3999,-648.4,-648.4
RestaurantFastFood,task_rand_e0,full_year,RestaurantFastFood-4000,-1869.7,-1869.7
RestaurantFastFood,task_rand_e0,summer,RestaurantFastFood-3003,-841.4,-841.4
RestaurantFastFood,task_rand_e0,summer,RestaurantFastFood-3017,-2077.1,-2077.1
RestaurantFastFood,task_rand_e0,summer,RestaurantFastFood-3025,-2426.8,-2426.8
RestaurantFastFood,task_rand_e0,summer,RestaurantFastFood-3038,-642.1,-642.1
RestaurantFastFood,task_rand_e0,summer,RestaurantFastFood-3045,-2316.5,-2316.5
RestaurantFastFood,task_rand_e0,summer,RestaurantFastFood-3046,-1861.5,-1861.5
RestaurantFastFood,task_rand_e0,summer,RestaurantFastFood-3049,-2417.2,-2417.2
RestaurantFastFood,task_rand_e0,summer,RestaurantFastFood-3084,-2023.0,-2023.0
RestaurantFastFood,task_rand_e0,summer,RestaurantFastFood-3095,-971.7,-971.7
RestaurantFastFood,task_rand_e0,summer,RestaurantFastFood-3137,-1755.7,-1755.7
RestaurantFastFood,task_rand_e0,summer,RestaurantFastFood-3141,-2581.6,-2581.6
RestaurantFastFood,task_rand_e0,summer,RestaurantFastFood-3164,-2387.8,-2387.8
RestaurantFastFood,task_rand_e0,summer,RestaurantFastFood-3173,-2416.7,-2416.7
RestaurantFastFood,task_rand_e0,summer,RestaurantFastFood-3174,-1529.9,-1529.9
RestaurantFastFood,task_rand_e0,summer,RestaurantFastFood-3178,-1420.3,-1420.3
RestaurantFastFood,task_rand_e0,summer,RestaurantFastFood-3214,-1462.9,-1462.9
RestaurantFastFood,task_rand_e0,summer,RestaurantFastFood-3228,-698.5,-698.5
RestaurantFastFood,task_rand_e0,summer,RestaurantFastFood-3241,-2049.0,-2049.0
RestaurantFastFood,task_rand_e0,summer,RestaurantFastFood-3255,-2751.1,-2751.1
RestaurantFastFood,task_rand_e0,summer,RestaurantFastFood-3262,-2079.0,-2079.0
RestaurantFastFood,task_rand_e0,summer,RestaurantFastFood-3275,-2558.5,-2558.5
RestaurantFastFood,task_rand_e0,summer,RestaurantFastFood-3282,-1508.5,-1508.5
RestaurantFastFood,task_rand_e0,summer,RestaurantFastFood-3297,-2422.3,-2422.3
RestaurantFastFood,task_rand_e0,summer,RestaurantFastFood-3304,-3653.4,-3653.4
RestaurantFastFood,task_rand_e0,summer,RestaurantFastFood-3307,-1471.0,-1471.0
RestaurantFastFood,task_rand_e0,summer,RestaurantFastFood-3311,-2398.6,-2398.6
RestaurantFastFood,task_rand_e0,summer,RestaurantFastFood-3312,-2491.3,-2491.3
RestaurantFastFood,task_rand_e0,summer,RestaurantFastFood-3313,-2557.9,-2557.9
RestaurantFastFood,task_rand_e0,summer,RestaurantFastFood-3314,-2705.9,-2705.9
RestaurantFastFood,task_rand_e0,summer,RestaurantFastFood-3325,-1540.5,-1540.5
RestaurantFastFood,task_rand_e0,summer,RestaurantFastFood-3335,-2553.2,-2553.2
RestaurantFastFood,task_rand_e0,summer,RestaurantFastFood-3341,-1307.0,-1307.0
RestaurantFastFood,task_rand_e0,summer,RestaurantFastFood-3342,-2535.8,-2535.8
RestaurantFastFood,task_rand_e0,summer,RestaurantFastFood-3358,-1932.6,-1932.6
RestaurantFastFood,task_rand_e0,summer,RestaurantFastFood-3369,-1068.1,-1068.1
RestaurantFastFood,task_rand_e0,summer,RestaurantFastFood-3374,-2517.2,-2517.2
RestaurantFastFood,task_rand_e0,summer,RestaurantFastFood-3375,-2404.4,-2404.4
RestaurantFastFood,task_rand_e0,summer,RestaurantFastFood-3380,-1602.6,-1602.6
RestaurantFastFood,task_rand_e0,summer,RestaurantFastFood-3391,-1089.3,-1089.3
RestaurantFastFood,task_rand_e0,summer,RestaurantFastFood-3403,-2258.5,-2258.5
RestaurantFastFood,task_rand_e0,summer,RestaurantFastFood-3428,-1037.1,-1037.1
RestaurantFastFood,task_rand_e0,summer,RestaurantFastFood-3432,-1953.9,-1953.9
RestaurantFastFood,task_rand_e0,summer,RestaurantFastFood-3459,-2014.6,-2014.6
RestaurantFastFood,task_rand_e0,summer,RestaurantFastFood-3462,-2414.9,-2414.9
RestaurantFastFood,task_rand_e0,summer,RestaurantFastFood-3464,-2488.4,-2488.4
RestaurantFastFood,task_rand_e0,summer,RestaurantFastFood-3469,-1830.3,-1830.3
RestaurantFastFood,task_rand_e0,summer,RestaurantFastFood-3474,-990.0,-990.0
RestaurantFastFood,task_rand_e0,summer,RestaurantFastFood-3500,-1777.4,-1777.4
RestaurantFastFood,task_rand_e0,summer,RestaurantFastFood-3503,-2502.4,-2502.4
RestaurantFastFood,task_rand_e0,summer,RestaurantFastFood-3510,-1831.4,-1831.4
RestaurantFastFood,task_rand_e0,summer,RestaurantFastFood-3523,-529.8,-529.8
RestaurantFastFood,task_rand_e0,summer,RestaurantFastFood-3528,-2030.8,-2030.8
RestaurantFastFood,task_rand_e0,summer,RestaurantFastFood-3531,-1018.8,-1018.8
RestaurantFastFood,task_rand_e0,summer,RestaurantFastFood-3534,-2316.8,-2316.8
RestaurantFastFood,task_rand_e0,summer,RestaurantFastFood-3544,-2061.1,-2061.1
RestaurantFastFood,task_rand_e0,summer,RestaurantFastFood-3551,-1578.4,-1578.4
RestaurantFastFood,task_rand_e0,summer,RestaurantFastFood-3556,-2470.5,-2470.5
RestaurantFastFood,task_rand_e0,summer,RestaurantFastFood-3559,-1876.6,-1876.6
RestaurantFastFood,task_rand_e0,summer,RestaurantFastFood-3566,-1388.9,-1388.9
RestaurantFastFood,task_rand_e0,summer,RestaurantFastFood-3570,-2116.8,-2116.8
RestaurantFastFood,task_rand_e0,summer,RestaurantFastFood-3571,-1304.0,-1304.0
RestaurantFastFood,task_rand_e0,summer,RestaurantFastFood-3606,-1985.4,-1985.4
RestaurantFastFood,task_rand_e0,summer,RestaurantFastFood-3610,-2717.4,-2717.4
RestaurantFastFood,task_rand_e0,summer,RestaurantFastFood-3621,-2469.9,-2469.9
RestaurantFastFood,task_rand_e0,summer,RestaurantFastFood-3627,-533.2,-533.2
RestaurantFastFood,task_rand_e0,summer,RestaurantFastFood-3628,-2099.1,-2099.1
RestaurantFastFood,task_rand_e0,summer,RestaurantFastFood-3653,-1580.9,-1580.9
RestaurantFastFood,task_rand_e0,summer,RestaurantFastFood-3658,-1117.3,-1117.3
RestaurantFastFood,task_rand_e0,summer,RestaurantFastFood-3660,-1889.3,-1889.3
RestaurantFastFood,task_rand_e0,summer,RestaurantFastFood-3667,-1967.8,-1967.8
RestaurantFastFood,task_rand_e0,summer,RestaurantFastFood-3670,-1386.8,-1386.8
RestaurantFastFood,task_rand_e0,summer,RestaurantFastFood-3678,-1470.8,-1470.8
RestaurantFastFood,task_rand_e0,summer,RestaurantFastFood-3697,-1005.8,-1005.8
RestaurantFastFood,task_rand_e0,summer,RestaurantFastFood-3706,-666.2,-666.2
RestaurantFastFood,task_rand_e0,summer,RestaurantFastFood-3716,-2200.2,-2200.2
RestaurantFastFood,task_rand_e0,summer,RestaurantFastFood-3741,-2442.9,-2442.9
RestaurantFastFood,task_rand_e0,summer,RestaurantFastFood-3761,-2429.5,-2429.5
RestaurantFastFood,task_rand_e0,summer,RestaurantFastFood-3781,-528.0,-528.0
RestaurantFastFood,task_rand_e0,summer,RestaurantFastFood-3785,-2472.4,-2472.4
RestaurantFastFood,task_rand_e0,summer,RestaurantFastFood-3787,-1006.3,-1006.3
RestaurantFastFood,task_rand_e0,summer,RestaurantFastFood-3794,-2489.4,-2489.4
RestaurantFastFood,task_rand_e0,summer,RestaurantFastFood-3806,-1513.9,-1513.9
RestaurantFastFood,task_rand_e0,summer,RestaurantFastFood-3809,-2510.9,-2510.9
RestaurantFastFood,task_rand_e0,summer,RestaurantFastFood-3818,-2563.9,-2563.9
RestaurantFastFood,task_rand_e0,summer,RestaurantFastFood-3823,-1851.4,-1851.4
RestaurantFastFood,task_rand_e0,summer,RestaurantFastFood-3832,-2400.2,-2400.2
RestaurantFastFood,task_rand_e0,summer,RestaurantFastFood-3853,-2761.8,-2761.8
RestaurantFastFood,task_rand_e0,summer,RestaurantFastFood-3856,-916.9,-916.9
RestaurantFastFood,task_rand_e0,summer,RestaurantFastFood-3869,-1991.6,-1991.6
RestaurantFastFood,task_rand_e0,summer,RestaurantFastFood-3875,-1594.6,-1594.6
RestaurantFastFood,task_rand_e0,summer,RestaurantFastFood-3878,-2630.7,-2630.7
RestaurantFastFood,task_rand_e0,summer,RestaurantFastFood-3886,-2059.9,-2059.9
RestaurantFastFood,task_rand_e0,summer,RestaurantFastFood-3901,-1523.2,-1523.2
RestaurantFastFood,task_rand_e0,summer,RestaurantFastFood-3941,-559.9,-559.9
RestaurantFastFood,task_rand_e0,summer,RestaurantFastFood-3976,-1964.0,-1964.0
RestaurantFastFood,task_rand_e0,summer,RestaurantFastFood-3979,-1089.7,-1089.7
RestaurantFastFood,task_rand_e0,summer,RestaurantFastFood-3997,-2354.0,-2354.0
RestaurantFastFood,task_rand_e0,summer,RestaurantFastFood-3998,-2350.4,-2350.4
RestaurantFastFood,task_rand_e0,summer,RestaurantFastFood-3999,-538.4,-538.4
RestaurantFastFood,task_rand_e0,summer,RestaurantFastFood-4000,-2451.9,-2451.9
RestaurantFastFood,task_rand_e0,winter,RestaurantFastFood-3003,-179.1,-179.1
RestaurantFastFood,task_rand_e0,winter,RestaurantFastFood-3017,-203.3,-203.3
RestaurantFastFood,task_rand_e0,winter,RestaurantFastFood-3025,-337.2,-337.2
RestaurantFastFood,task_rand_e0,winter,RestaurantFastFood-3038,-143.3,-143.3
RestaurantFastFood,task_rand_e0,winter,RestaurantFastFood-3045,-317.3,-317.3
RestaurantFastFood,task_rand_e0,winter,RestaurantFastFood-3046,-146.2,-146.2
RestaurantFastFood,task_rand_e0,winter,RestaurantFastFood-3049,-654.0,-654.0
RestaurantFastFood,task_rand_e0,winter,RestaurantFastFood-3084,-194.4,-194.4
RestaurantFastFood,task_rand_e0,winter,RestaurantFastFood-3095,-157.2,-157.2
RestaurantFastFood,task_rand_e0,winter,RestaurantFastFood-3137,-177.0,-177.0
RestaurantFastFood,task_rand_e0,winter,RestaurantFastFood-3141,-250.0,-250.0
RestaurantFastFood,task_rand_e0,winter,RestaurantFastFood-3164,-708.9,-708.9
RestaurantFastFood,task_rand_e0,winter,RestaurantFastFood-3173,-352.5,-352.5
RestaurantFastFood,task_rand_e0,winter,RestaurantFastFood-3174,-132.4,-132.4
RestaurantFastFood,task_rand_e0,winter,RestaurantFastFood-3178,-140.0,-140.0
RestaurantFastFood,task_rand_e0,winter,RestaurantFastFood-3214,-130.8,-130.8
RestaurantFastFood,task_rand_e0,winter,RestaurantFastFood-3228,-185.3,-185.3
RestaurantFastFood,task_rand_e0,winter,RestaurantFastFood-3241,-167.0,-167.0
RestaurantFastFood,task_rand_e0,winter,RestaurantFastFood-3255,-2032.8,-2032.8
RestaurantFastFood,task_rand_e0,winter,RestaurantFastFood-3262,-196.2,-196.2
RestaurantFastFood,task_rand_e0,winter,RestaurantFastFood-3275,-257.2,-257.2
RestaurantFastFood,task_rand_e0,winter,RestaurantFastFood-3282,-131.4,-131.4
RestaurantFastFood,task_rand_e0,winter,RestaurantFastFood-3297,-281.9,-281.9
RestaurantFastFood,task_rand_e0,winter,RestaurantFastFood-3304,-932.0,-932.0
RestaurantFastFood,task_rand_e0,winter,RestaurantFastFood-3307,-613.3,-613.3
RestaurantFastFood,task_rand_e0,winter,RestaurantFastFood-3311,-684.7,-684.7
RestaurantFastFood,task_rand_e0,winter,RestaurantFastFood-3312,-180.1,-180.1
RestaurantFastFood,task_rand_e0,winter,RestaurantFastFood-3313,-238.8,-238.8
RestaurantFastFood,task_rand_e0,winter,RestaurantFastFood-3314,-1944.1,-1944.1
RestaurantFastFood,task_rand_e0,winter,RestaurantFastFood-3325,-127.8,-127.8
RestaurantFastFood,task_rand_e0,winter,RestaurantFastFood-3335,-2094.4,-2094.4
RestaurantFastFood,task_rand_e0,winter,RestaurantFastFood-3341,-550.3,-550.3
RestaurantFastFood,task_rand_e0,winter,RestaurantFastFood-3342,-225.1,-225.1
RestaurantFastFood,task_rand_e0,winter,RestaurantFastFood-3358,-128.3,-128.3
RestaurantFastFood,task_rand_e0,winter,RestaurantFastFood-3369,-135.1,-135.1
RestaurantFastFood,task_rand_e0,winter,RestaurantFastFood-3374,-2011.3,-2011.3
RestaurantFastFood,task_rand_e0,winter,RestaurantFastFood-3375,-694.5,-694.5
RestaurantFastFood,task_rand_e0,winter,RestaurantFastFood-3380,-174.7,-174.7
RestaurantFastFood,task_rand_e0,winter,RestaurantFastFood-3391,-138.7,-138.7
RestaurantFastFood,task_rand_e0,winter,RestaurantFastFood-3403,-849.6,-849.6
RestaurantFastFood,task_rand_e0,winter,RestaurantFastFood-3428,-141.3,-141.3
RestaurantFastFood,task_rand_e0,winter,RestaurantFastFood-3432,-137.2,-137.2
RestaurantFastFood,task_rand_e0,winter,RestaurantFastFood-3459,-192.2,-192.2
RestaurantFastFood,task_rand_e0,winter,RestaurantFastFood-3462,-289.9,-289.9
RestaurantFastFood,task_rand_e0,winter,RestaurantFastFood-3464,-168.8,-168.8
RestaurantFastFood,task_rand_e0,winter,RestaurantFastFood-3469,-159.1,-159.1
RestaurantFastFood,task_rand_e0,winter,RestaurantFastFood-3474,-168.5,-168.5
RestaurantFastFood,task_rand_e0,winter,RestaurantFastFood-3500,-182.0,-182.0
RestaurantFastFood,task_rand_e0,winter,RestaurantFastFood-3503,-829.0,-829.0
RestaurantFastFood,task_rand_e0,winter,RestaurantFastFood-3510,-138.1,-138.1
RestaurantFastFood,task_rand_e0,winter,RestaurantFastFood-3523,-160.2,-160.2
RestaurantFastFood,task_rand_e0,winter,RestaurantFastFood-3528,-191.9,-191.9
RestaurantFastFood,task_rand_e0,winter,RestaurantFastFood-3531,-158.3,-158.3
RestaurantFastFood,task_rand_e0,winter,RestaurantFastFood-3534,-692.9,-692.9
RestaurantFastFood,task_rand_e0,winter,RestaurantFastFood-3544,-229.9,-229.9
RestaurantFastFood,task_rand_e0,winter,RestaurantFastFood-3551,-173.6,-173.6
RestaurantFastFood,task_rand_e0,winter,RestaurantFastFood-3556,-185.6,-185.6
RestaurantFastFood,task_rand_e0,winter,RestaurantFastFood-3559,-138.5,-138.5
RestaurantFastFood,task_rand_e0,winter,RestaurantFastFood-3566,-621.4,-621.4
RestaurantFastFood,task_rand_e0,winter,RestaurantFastFood-3570,-205.6,-205.6
RestaurantFastFood,task_rand_e0,winter,RestaurantFastFood-3571,-591.6,-591.6
RestaurantFastFood,task_rand_e0,winter,RestaurantFastFood-3606,-182.0,-182.0
RestaurantFastFood,task_rand_e0,winter,RestaurantFastFood-3610,-936.5,-936.5
RestaurantFastFood,task_rand_e0,winter,RestaurantFastFood-3621,-162.5,-162.5
RestaurantFastFood,task_rand_e0,winter,RestaurantFastFood-3627,-156.9,-156.9
RestaurantFastFood,task_rand_e0,winter,RestaurantFastFood-3628,-194.5,-194.5
RestaurantFastFood,task_rand_e0,winter,RestaurantFastFood-3653,-181.9,-181.9
RestaurantFastFood,task_rand_e0,winter,RestaurantFastFood-3658,-538.2,-538.2
RestaurantFastFood,task_rand_e0,winter,RestaurantFastFood-3660,-135.7,-135.7
RestaurantFastFood,task_rand_e0,winter,RestaurantFastFood-3667,-141.8,-141.8
RestaurantFastFood,task_rand_e0,winter,RestaurantFastFood-3670,-570.0,-570.0
RestaurantFastFood,task_rand_e0,winter,RestaurantFastFood-3678,-135.1,-135.1
RestaurantFastFood,task_rand_e0,winter,RestaurantFastFood-3697,-141.2,-141.2
RestaurantFastFood,task_rand_e0,winter,RestaurantFastFood-3706,-143.5,-143.5
RestaurantFastFood,task_rand_e0,winter,RestaurantFastFood-3716,-1006.5,-1006.5
RestaurantFastFood,task_rand_e0,winter,RestaurantFastFood-3741,-173.4,-173.4
RestaurantFastFood,task_rand_e0,winter,RestaurantFastFood-3761,-1021.1,-1021.1
RestaurantFastFood,task_rand_e0,winter,RestaurantFastFood-3781,-161.4,-161.4
RestaurantFastFood,task_rand_e0,winter,RestaurantFastFood-3785,-2039.6,-2039.6
RestaurantFastFood,task_rand_e0,winter,RestaurantFastFood-3787,-165.4,-165.4
RestaurantFastFood,task_rand_e0,winter,RestaurantFastFood-3794,-157.8,-157.8
RestaurantFastFood,task_rand_e0,winter,RestaurantFastFood-3806,-231.8,-231.8
RestaurantFastFood,task_rand_e0,winter,RestaurantFastFood-3809,-259.2,-259.2
RestaurantFastFood,task_rand_e0,winter,RestaurantFastFood-3818,-247.8,-247.8
RestaurantFastFood,task_rand_e0,winter,RestaurantFastFood-3823,-142.7,-142.7
RestaurantFastFood,task_rand_e0,winter,RestaurantFastFood-3832,-653.6,-653.6
RestaurantFastFood,task_rand_e0,winter,RestaurantFastFood-3853,-2078.5,-2078.5
RestaurantFastFood,task_rand_e0,winter,RestaurantFastFood-3856,-157.2,-157.2
RestaurantFastFood,task_rand_e0,winter,RestaurantFastFood-3869,-208.6,-208.6
RestaurantFastFood,task_rand_e0,winter,RestaurantFastFood-3875,-164.7,-164.7
RestaurantFastFood,task_rand_e0,winter,RestaurantFastFood-3878,-285.4,-285.4
RestaurantFastFood,task_rand_e0,winter,RestaurantFastFood-3886,-222.3,-222.3
RestaurantFastFood,task_rand_e0,winter,RestaurantFastFood-3901,-154.3,-154.3
RestaurantFastFood,task_rand_e0,winter,RestaurantFastFood-3941,-158.6,-158.6
RestaurantFastFood,task_rand_e0,winter,RestaurantFastFood-3976,-133.1,-133.1
RestaurantFastFood,task_rand_e0,winter,RestaurantFastFood-3979,-146.4,-146.4
RestaurantFastFood,task_rand_e0,winter,RestaurantFastFood-3997,-311.6,-311.6
RestaurantFastFood,task_rand_e0,winter,RestaurantFastFood-3998,-303.2,-303.2
RestaurantFastFood,task_rand_e0,winter,RestaurantFastFood-3999,-155.9,-155.9
RestaurantFastFood,task_rand_e0,winter,RestaurantFastFood-4000,-318.9,-318.9
RestaurantFastFood,task_rand_e05,full_year,RestaurantFastFood-3003,-156509.6,-156509.6
RestaurantFastFood,task_rand_e05,full_year,RestaurantFastFood-3017,-220525.5,-220525.5
RestaurantFastFood,task_rand_e05,full_year,RestaurantFastFood-3025,-315854.9,-315854.9
RestaurantFastFood,task_rand_e05,full_year,RestaurantFastFood-3038,-141741.6,-141741.6
RestaurantFastFood,task_rand_e05,full_year,RestaurantFastFood-3045,-305371.0,-305371.0
RestaurantFastFood,task_rand_e05,full_year,RestaurantFastFood-3046,-171015.6,-171015.6
RestaurantFastFood,task_rand_e05,full_year,RestaurantFastFood-3049,-677602.3,-677602.3
RestaurantFastFood,task_rand_e05,full_year,RestaurantFastFood-3084,-179300.2,-179300.2
RestaurantFastFood,task_rand_e05,full_year,RestaurantFastFood-3095,-127669.4,-127669.4
RestaurantFastFood,task_rand_e05,full_year,RestaurantFastFood-3137,-289676.8,-289676.8
RestaurantFastFood,task_rand_e05,full_year,RestaurantFastFood-3141,-283441.0,-283441.0
RestaurantFastFood,task_rand_e05,full_year,RestaurantFastFood-3164,-678104.4,-678104.4
RestaurantFastFood,task_rand_e05,full_year,RestaurantFastFood-3173,-337579.1,-337579.1
RestaurantFastFood,task_rand_e05,full_year,RestaurantFastFood-3174,-126277.3,-126277.3
RestaurantFastFood,task_rand_e05,full_year,RestaurantFastFood-3178,-169135.3,-169135.3
RestaurantFastFood,task_rand_e05,full_year,RestaurantFastFood-3214,-117468.5,-117468.5
RestaurantFastFood,task_rand_e05,full_year,RestaurantFastFood-3228,-194002.9,-194002.9
RestaurantFastFood,task_rand_e05,full_year,RestaurantFastFood-3241,-135997.1,-135997.1
RestaurantFastFood,task_rand_e05,full_year,RestaurantFastFood-3255,-1420200.9,-1420200.9
RestaurantFastFood,task_rand_e05,full_year,RestaurantFastFood-3262,-188171.0,-188171.0
RestaurantFastFood,task_rand_e05,full_year,RestaurantFastFood-3275,-297035.1,-297035.1
RestaurantFastFood,task_rand_e05,full_year,RestaurantFastFood-3282,-114511.9,-114511.9
RestaurantFastFood,task_rand_e05,full_year,RestaurantFastFood-3297,-300574.9,-300574.9
RestaurantFastFood,task_rand_e05,full_year,RestaurantFastFood-3304,-614077.6,-614077.6
RestaurantFastFood,task_rand_e05,full_year,RestaurantFastFood-3307,-292627.8,-292627.8
RestaurantFastFood,task_rand_e05,full_year,RestaurantFastFood-3311,-673663.1,-673663.1
RestaurantFastFood,task_rand_e05,full_year,RestaurantFastFood-3312,-146851.1,-146851.1
RestaurantFastFood,task_rand_e05,full_year,RestaurantFastFood-3313,-278635.2,-278635.2
RestaurantFastFood,task_rand_e05,full_year,RestaurantFastFood-3314,-1414782.8,-1414782.8
RestaurantFastFood,task_rand_e05,full_year,RestaurantFastFood-3325,-124313.9,-124313.9
RestaurantFastFood,task_rand_e05,full_year,RestaurantFastFood-3335,-1360287.0,-1360287.0
RestaurantFastFood,task_rand_e05,full_year,RestaurantFastFood-3341,-264080.5,-264080.5
RestaurantFastFood,task_rand_e05,full_year,RestaurantFastFood-3342,-271716.0,-271716.0
RestaurantFastFood,task_rand_e05,full_year,RestaurantFastFood-3358,-150534.9,-150534.9
RestaurantFastFood,task_rand_e05,full_year,RestaurantFastFood-3369,-115341.1,-115341.1
RestaurantFastFood,task_rand_e05,full_year,RestaurantFastFood-3374,-1352571.0,-1352571.0
RestaurantFastFood,task_rand_e05,full_year,RestaurantFastFood-3375,-716446.7,-716446.7
RestaurantFastFood,task_rand_e05,full_year,RestaurantFastFood-3380,-131469.9,-131469.9
RestaurantFastFood,task_rand_e05,full_year,RestaurantFastFood-3391,-116464.0,-116464.0
RestaurantFastFood,task_rand_e05,full_year,RestaurantFastFood-3403,-556778.1,-556778.1
RestaurantFastFood,task_rand_e05,full_year,RestaurantFastFood-3428,-100401.0,-100401.0
RestaurantFastFood,task_rand_e05,full_year,RestaurantFastFood-3432,-138325.1,-138325.1
RestaurantFastFood,task_rand_e05,full_year,RestaurantFastFood-3459,-162775.7,-162775.7
RestaurantFastFood,task_rand_e05,full_year,RestaurantFastFood-3462,-286976.6,-286976.6
RestaurantFastFood,task_rand_e05,full_year,RestaurantFastFood-3464,-146496.2,-146496.2
RestaurantFastFood,task_rand_e05,full_year,RestaurantFastFood-3469,-194668.0,-194668.0
RestaurantFastFood,task_rand_e05,full_year,RestaurantFastFood-3474,-126428.0,-126428.0
RestaurantFastFood,task_rand_e05,full_year,RestaurantFastFood-3500,-261198.7,-261198.7
RestaurantFastFood,task_rand_e05,full_year,RestaurantFastFood-3503,-556910.7,-556910.7
RestaurantFastFood,task_rand_e05,full_year,RestaurantFastFood-3510,-160012.9,-160012.9
RestaurantFastFood,task_rand_e05,full_year,RestaurantFastFood-3523,-125483.8,-125483.8
RestaurantFastFood,task_rand_e05,full_year,RestaurantFastFood-3528,-215569.5,-215569.5
RestaurantFastFood,task_rand_e05,full_year,RestaurantFastFood-3531,-117155.7,-117155.7
RestaurantFastFood,task_rand_e05,full_year,RestaurantFastFood-3534,-689408.3,-689408.3
RestaurantFastFood,task_rand_e05,full_year,RestaurantFastFood-3544,-184483.2,-184483.2
RestaurantFastFood,task_rand_e05,full_year,RestaurantFastFood-3551,-126567.7,-126567.7
RestaurantFastFood,task_rand_e05,full_year,RestaurantFastFood-3556,-178202.4,-178202.4
RestaurantFastFood,task_rand_e05,full_year,RestaurantFastFood-3559,-160264.7,-160264.7
RestaurantFastFood,task_rand_e05,full_year,RestaurantFastFood-3566,-299076.0,-299076.0
RestaurantFastFood,task_rand_e05,full_year,RestaurantFastFood-3570,-231481.9,-231481.9
RestaurantFastFood,task_rand_e05,full_year,RestaurantFastFood-3571,-282914.0,-282914.0
RestaurantFastFood,task_rand_e05,full_year,RestaurantFastFood-3606,-147850.0,-147850.0
RestaurantFastFood,task_rand_e05,full_year,RestaurantFastFood-3610,-564628.0,-564628.0
RestaurantFastFood,task_rand_e05,full_year,RestaurantFastFood-3621,-154618.6,-154618.6
RestaurantFastFood,task_rand_e05,full_year,RestaurantFastFood-3627,-147219.7,-147219.7
RestaurantFastFood,task_rand_e05,full_year,RestaurantFastFood-3628,-205035.0,-205035.0
RestaurantFastFood,task_rand_e05,full_year,RestaurantFastFood-3653,-149347.1,-149347.1
RestaurantFastFood,task_rand_e05,full_year,RestaurantFastFood-3658,-299077.9,-299077.9
RestaurantFastFood,task_rand_e05,full_year,RestaurantFastFood-3660,-131370.5,-131370.5
RestaurantFastFood,task_rand_e05,full_year,RestaurantFastFood-3667,-136145.7,-136145.7
RestaurantFastFood,task_rand_e05,full_year,RestaurantFastFood-3670,-273995.2,-273995.2
RestaurantFastFood,task_rand_e05,full_year,RestaurantFastFood-3678,-116390.7,-116390.7
RestaurantFastFood,task_rand_e05,full_year,RestaurantFastFood-3697,-93699.4,-93699.4
RestaurantFastFood,task_rand_e05,full_year,RestaurantFastFood-3706,-119322.7,-119322.7
RestaurantFastFood,task_rand_e05,full_year,RestaurantFastFood-3716,-576782.1,-576782.1
RestaurantFastFood,task_rand_e05,full_year,RestaurantFastFood-3741,-176434.2,-176434.2
RestaurantFastFood,task_rand_e05,full_year,RestaurantFastFood-3761,-578952.0,-578952.0
RestaurantFastFood,task_rand_e05,full_year,RestaurantFastFood-3781,-148203.8,-148203.8
RestaurantFastFood,task_rand_e05,full_year,RestaurantFastFood-3785,-1352201.7,-1352201.7
RestaurantFastFood,task_rand_e05,full_year,RestaurantFastFood-3787,-125463.8,-125463.8
RestaurantFastFood,task_rand_e05,full_year,RestaurantFastFood-3794,-133643.3,-133643.3
RestaurantFastFood,task_rand_e05,full_year,RestaurantFastFood-3806,-171700.6,-171700.6
RestaurantFastFood,task_rand_e05,full_year,RestaurantFastFood-3809,-281987.7,-281987.7
RestaurantFastFood,task_rand_e05,full_year,RestaurantFastFood-3818,-282165.2,-282165.2
RestaurantFastFood,task_rand_e05,full_year,RestaurantFastFood-3823,-179991.8,-179991.8
RestaurantFastFood,task_rand_e05,full_year,RestaurantFastFood-3832,-697069.7,-697069.7
RestaurantFastFood,task_rand_e05,full_year,RestaurantFastFood-3853,-1423275.4,-1423275.4
RestaurantFastFood,task_rand_e05,full_year,RestaurantFastFood-3856,-136025.1,-136025.1
RestaurantFastFood,task_rand_e05,full_year,RestaurantFastFood-3869,-206631.0,-206631.0
RestaurantFastFood,task_rand_e05,full_year,RestaurantFastFood-3875,-120024.4,-120024.4
RestaurantFastFood,task_rand_e05,full_year,RestaurantFastFood-3878,-326572.8,-326572.8
RestaurantFastFood,task_rand_e05,full_year,RestaurantFastFood-3886,-194843.6,-194843.6
RestaurantFastFood,task_rand_e05,full_year,RestaurantFastFood-3901,-105206.4,-105206.4
RestaurantFastFood,task_rand_e05,full_year,RestaurantFastFood-3941,-138558.3,-138558.3
RestaurantFastFood,task_rand_e05,full_year,RestaurantFastFood-3976,-135133.9,-135133.9
RestaurantFastFood,task_rand_e05,full_year,RestaurantFastFood-3979,-103869.2,-103869.2
RestaurantFastFood,task_rand_e05,full_year,RestaurantFastFood-3997,-302302.1,-302302.1
RestaurantFastFood,task_rand_e05,full_year,RestaurantFastFood-3998,-292130.7,-292130.7
RestaurantFastFood,task_rand_e05,full_year,RestaurantFastFood-3999,-136531.0,-136531.0
RestaurantFastFood,task_rand_e05,full_year,RestaurantFastFood-4000,-300275.6,-300275.6
RestaurantFastFood,task_rand_e05,summer,RestaurantFastFood-3003,-105546.2,-105546.2
RestaurantFastFood,task_rand_e05,summer,RestaurantFastFood-3017,-242672.2,-242672.2
RestaurantFastFood,task_rand_e05,summer,RestaurantFastFood-3025,-300607.4,-300607.4
RestaurantFastFood,task_rand_e05,summer,RestaurantFastFood-3038,-87172.2,-87172.2
RestaurantFastFood,task_rand_e05,summer,RestaurantFastFood-3045,-279827.8,-279827.8
RestaurantFastFood,task_rand_e05,summer,RestaurantFastFood-3046,-229580.5,-229580.5
RestaurantFastFood,task_rand_e05,summer,RestaurantFastFood-3049,-338743.0,-338743.0
RestaurantFastFood,task_rand_e05,summer,RestaurantFastFood-3084,-228934.5,-228934.5
RestaurantFastFood,task_rand_e05,summer,RestaurantFastFood-3095,-114438.7,-114438.7
RestaurantFastFood,task_rand_e05,summer,RestaurantFastFood-3137,-227140.4,-227140.4
RestaurantFastFood,task_rand_e05,summer,RestaurantFastFood-3141,-310178.5,-310178.5
RestaurantFastFood,task_rand_e05,summer,RestaurantFastFood-3164,-341608.7,-341608.7
RestaurantFastFood,task_rand_e05,summer,RestaurantFastFood-3173,-294892.4,-294892.4
RestaurantFastFood,task_rand_e05,summer,RestaurantFastFood-3174,-186231.5,-186231.5
RestaurantFastFood,task_rand_e05,summer,RestaurantFastFood-3178,-183536.0,-183536.0
RestaurantFastFood,task_rand_e05,summer,RestaurantFastFood-3214,-177278.3,-177278.3
RestaurantFastFood,task_rand_e05,summer,RestaurantFastFood-3228,-99012.0,-99012.0
RestaurantFastFood,task_rand_e05,summer,RestaurantFastFood-3241,-245376.3,-245376.3
RestaurantFastFood,task_rand_e05,summer,RestaurantFastFood-3255,-401531.6,-401531.6
RestaurantFastFood,task_rand_e05,summer,RestaurantFastFood-3262,-236958.1,-236958.1
RestaurantFastFood,task_rand_e05,summer,RestaurantFastFood-3275,-305608.4,-305608.4
RestaurantFastFood,task_rand_e05,summer,RestaurantFastFood-3282,-181611.9,-181611.9
RestaurantFastFood,task_rand_e05,summer,RestaurantFastFood-3297,-293784.1,-293784.1
RestaurantFastFood,task_rand_e05,summer,RestaurantFastFood-3304,-494404.9,-494404.9
RestaurantFastFood,task_rand_e05,summer,RestaurantFastFood-3307,-175993.1,-175993.1
RestaurantFastFood,task_rand_e05,summer,RestaurantFastFood-3311,-337884.0,-337884.0
RestaurantFastFood,task_rand_e05,summer,RestaurantFastFood-3312,-280499.1,-280499.1
RestaurantFastFood,task_rand_e05,summer,RestaurantFastFood-3313,-306183.7,-306183.7
RestaurantFastFood,task_rand_e05,summer,RestaurantFastFood-3314,-406659.2,-406659.2
RestaurantFastFood,task_rand_e05,summer,RestaurantFastFood-3325,-187265.3,-187265.3
RestaurantFastFood,task_rand_e05,summer,RestaurantFastFood-3335,-366555.0,-366555.0
RestaurantFastFood,task_rand_e05,summer,RestaurantFastFood-3341,-158301.8,-158301.8
RestaurantFastFood,task_rand_e05,summer,RestaurantFastFood-3342,-302561.9,-302561.9
RestaurantFastFood,task_rand_e05,summer,RestaurantFastFood-3358,-231303.4,-231303.4
RestaurantFastFood,task_rand_e05,summer,RestaurantFastFood-3369,-134114.2,-134114.2
RestaurantFastFood,task_rand_e05,summer,RestaurantFastFood-3374,-362329.2,-362329.2
RestaurantFastFood,task_rand_e05,summer,RestaurantFastFood-3375,-328069.4,-328069.4
RestaurantFastFood,task_rand_e05,summer,RestaurantFastFood-3380,-189936.0,-189936.0
RestaurantFastFood,task_rand_e05,summer,RestaurantFastFood-3391,-136420.5,-136420.5
RestaurantFastFood,task_rand_e05,summer,RestaurantFastFood-3403,-322000.5,-322000.5
RestaurantFastFood,task_rand_e05,summer,RestaurantFastFood-3428,-127248.6,-127248.6
RestaurantFastFood,task_rand_e05,summer,RestaurantFastFood-3432,-235409.9,-235409.9
RestaurantFastFood,task_rand_e05,summer,RestaurantFastFood-3459,-245084.0,-245084.0
RestaurantFastFood,task_rand_e05,summer,RestaurantFastFood-3462,-292557.7,-292557.7
RestaurantFastFood,task_rand_e05,summer,RestaurantFastFood-3464,-281168.9,-281168.9
RestaurantFastFood,task_rand_e05,summer,RestaurantFastFood-3469,-226381.3,-226381.3
RestaurantFastFood,task_rand_e05,summer,RestaurantFastFood-3474,-115125.0,-115125.0
RestaurantFastFood,task_rand_e05,summer,RestaurantFastFood-3500,-226910.8,-226910.8
RestaurantFastFood,task_rand_e05,summer,RestaurantFastFood-3503,-355158.4,-355158.4
RestaurantFastFood,task_rand_e05,summer,RestaurantFastFood-3510,-223009.4,-223009.4
RestaurantFastFood,task_rand_e05,summer,RestaurantFastFood-3523,-68737.0,-68737.0
RestaurantFastFood,task_rand_e05,summer,RestaurantFastFood-3528,-231306.7,-231306.7
RestaurantFastFood,task_rand_e05,summer,RestaurantFastFood-3531,-127491.7,-127491.7
RestaurantFastFood,task_rand_e05,summer,RestaurantFastFood-3534,-318354.5,-318354.5
RestaurantFastFood,task_rand_e05,summer,RestaurantFastFood-3544,-252517.1,-252517.1
RestaurantFastFood,task_rand_e05,summer,RestaurantFastFood-3551,-186296.1,-186296.1
RestaurantFastFood,task_rand_e05,summer,RestaurantFastFood-3556,-282106.5,-282106.5
RestaurantFastFood,task_rand_e05,summer,RestaurantFastFood-3559,-228737.2,-228737.2
RestaurantFastFood,task_rand_e05,summer,RestaurantFastFood-3566,-168896.6,-168896.6
RestaurantFastFood,task_rand_e05,summer,RestaurantFastFood-3570,-243080.2,-243080.2
RestaurantFastFood,task_rand_e05,summer,RestaurantFastFood-3571,-160692.3,-160692.3
RestaurantFastFood,task_rand_e05,summer,RestaurantFastFood-3606,-239409.7,-239409.7
RestaurantFastFood,task_rand_e05,summer,RestaurantFastFood-3610,-372518.5,-372518.5
RestaurantFastFood,task_rand_e05,summer,RestaurantFastFood-3621,-280281.4,-280281.4
RestaurantFastFood,task_rand_e05,summer,RestaurantFastFood-3627,-74780.1,-74780.1
RestaurantFastFood,task_rand_e05,summer,RestaurantFastFood-3628,-240281.9,-240281.9
RestaurantFastFood,task_rand_e05,summer,RestaurantFastFood-3653,-190964.8,-190964.8
RestaurantFastFood,task_rand_e05,summer,RestaurantFastFood-3658,-146770.8,-146770.8
RestaurantFastFood,task_rand_e05,summer,RestaurantFastFood-3660,-225493.7,-225493.7
RestaurantFastFood,task_rand_e05,summer,RestaurantFastFood-3667,-237335.2,-237335.2
RestaurantFastFood,task_rand_e05,summer,RestaurantFastFood-3670,-166123.4,-166123.4
RestaurantFastFood,task_rand_e05,summer,RestaurantFastFood-3678,-177392.9,-177392.9
RestaurantFastFood,task_rand_e05,summer,RestaurantFastFood-3697,-122520.7,-122520.7
RestaurantFastFood,task_rand_e05,summer,RestaurantFastFood-3706,-84213.1,-84213.1
RestaurantFastFood,task_rand_e05,summer,RestaurantFastFood-3716,-303195.7,-303195.7
RestaurantFastFood,task_rand_e05,summer,RestaurantFastFood-3741,-279006.9,-279006.9
RestaurantFastFood,task_rand_e05,summer,RestaurantFastFood-3761,-331629.0,-331629.0
RestaurantFastFood,task_rand_e05,summer,RestaurantFastFood-3781,-73840.6,-73840.6
RestaurantFastFood,task_rand_e05,summer,RestaurantFastFood-3785,-356299.6,-356299.6
RestaurantFastFood,task_rand_e05,summer,RestaurantFastFood-3787,-117110.1,-117110.1
RestaurantFastFood,task_rand_e05,summer,RestaurantFastFood-3794,-279789.6,-279789.6
RestaurantFastFood,task_rand_e05,summer,RestaurantFastFood-3806,-187217.1,-187217.1
RestaurantFastFood,task_rand_e05,summer,RestaurantFastFood-3809,-299609.5,-299609.5
RestaurantFastFood,task_rand_e05,summer,RestaurantFastFood-3818,-306598.4,-306598.4
RestaurantFastFood,task_rand_e05,summer,RestaurantFastFood-3823,-229636.0,-229636.0
RestaurantFastFood,task_rand_e05,summer,RestaurantFastFood-3832,-333136.6,-333136.6
RestaurantFastFood,task_rand_e05,summer,RestaurantFastFood-3853,-402107.5,-402107.5
RestaurantFastFood,task_rand_e05,summer,RestaurantFastFood-3856,-111061.9,-111061.9
RestaurantFastFood,task_rand_e05,summer,RestaurantFastFood-3869,-249605.4,-249605.4
RestaurantFastFood,task_rand_e05,summer,RestaurantFastFood-3875,-187318.8,-187318.8
RestaurantFastFood,task_rand_e05,summer,RestaurantFastFood-3878,-319018.8,-319018.8
RestaurantFastFood,task_rand_e05,summer,RestaurantFastFood-3886,-254406.7,-254406.7
RestaurantFastFood,task_rand_e05,summer,RestaurantFastFood-3901,-176701.9,-176701.9
RestaurantFastFood,task_rand_e05,summer,RestaurantFastFood-3941,-75614.5,-75614.5
RestaurantFastFood,task_rand_e05,summer,RestaurantFastFood-3976,-235657.8,-235657.8
RestaurantFastFood,task_rand_e05,summer,RestaurantFastFood-3979,-133270.8,-133270.8
RestaurantFastFood,task_rand_e05,summer,RestaurantFastFood-3997,-285479.7,-285479.7
RestaurantFastFood,task_rand_e05,summer,RestaurantFastFood-3998,-284891.9,-284891.9
RestaurantFastFood,task_rand_e05,summer,RestaurantFastFood-3999,-72932.1,-72932.1
RestaurantFastFood,task_rand_e05,summer,RestaurantFastFood-4000,-300027.8,-300027.8
RestaurantFastFood,task_rand_e05,winter,RestaurantFastFood-3003,-37292.6,-37292.6
RestaurantFastFood,task_rand_e05,winter,RestaurantFastFood-3017,-41574.3,-41574.3
RestaurantFastFood,task_rand_e05,winter,RestaurantFastFood-3025,-60557.0,-60557.0
RestaurantFastFood,task_rand_e05,winter,RestaurantFastFood-3038,-32450.6,-32450.6
RestaurantFastFood,task_rand_e05,winter,RestaurantFastFood-3045,-48275.2,-48275.2
RestaurantFastFood,task_rand_e05,winter,RestaurantFastFood-3046,-39881.4,-39881.4
RestaurantFastFood,task_rand_e05,winter,RestaurantFastFood-3049,-105103.7,-105103.7
RestaurantFastFood,task_rand_e05,winter,RestaurantFastFood-3084,-30320.8,-30320.8
RestaurantFastFood,task_rand_e05,winter,RestaurantFastFood-3095,-28127.4,-28127.4
RestaurantFastFood,task_rand_e05,winter,RestaurantFastFood-3137,-58853.7,-58853.7
RestaurantFastFood,task_rand_e05,winter,RestaurantFastFood-3141,-53920.0,-53920.0
RestaurantFastFood,task_rand_e05,winter,RestaurantFastFood-3164,-122587.3,-122587.3
RestaurantFastFood,task_rand_e05,winter,RestaurantFastFood-3173,-55447.5,-55447.5
RestaurantFastFood,task_rand_e05,winter,RestaurantFastFood-3174,-26354.0,-26354.0
RestaurantFastFood,task_rand_e05,winter,RestaurantFastFood-3178,-36694.5,-36694.5
RestaurantFastFood,task_rand_e05,winter,RestaurantFastFood-3214,-24900.6,-24900.6
RestaurantFastFood,task_rand_e05,winter,RestaurantFastFood-3228,-47380.4,-47380.4
RestaurantFastFood,task_rand_e05,winter,RestaurantFastFood-3241,-28788.7,-28788.7
RestaurantFastFood,task_rand_e05,winter,RestaurantFastFood-3255,-284819.5,-284819.5
RestaurantFastFood,task_rand_e05,winter,RestaurantFastFood-3262,-32879.3,-32879.3
RestaurantFastFood,task_rand_e05,winter,RestaurantFastFood-3275,-47426.7,-47426.7
RestaurantFastFood,task_rand_e05,winter,RestaurantFastFood-3282,-24109.5,-24109.5
RestaurantFastFood,task_rand_e05,winter,RestaurantFastFood-3297,-47002.1,-47002.1
RestaurantFastFood,task_rand_e05,winter,RestaurantFastFood-3304,-125533.9,-125533.9
RestaurantFastFood,task_rand_e05,winter,RestaurantFastFood-3307,-79604.6,-79604.6
RestaurantFastFood,task_rand_e05,winter,RestaurantFastFood-3311,-110449.4,-110449.4
RestaurantFastFood,task_rand_e05,winter,RestaurantFastFood-3312,-33994.3,-33994.3
RestaurantFastFood,task_rand_e05,winter,RestaurantFastFood-3313,-47420.0,-47420.0
RestaurantFastFood,task_rand_e05,winter,RestaurantFastFood-3314,-282616.0,-282616.0
RestaurantFastFood,task_rand_e05,winter,RestaurantFastFood-3325,-25793.2,-25793.2
RestaurantFastFood,task_rand_e05,winter,RestaurantFastFood-3335,-287102.2,-287102.2
RestaurantFastFood,task_rand_e05,winter,RestaurantFastFood-3341,-73912.6,-73912.6
RestaurantFastFood,task_rand_e05,winter,RestaurantFastFood-3342,-43543.2,-43543.2
RestaurantFastFood,task_rand_e05,winter,RestaurantFastFood-3358,-27803.7,-27803.7
RestaurantFastFood,task_rand_e05,winter,RestaurantFastFood-3369,-26774.8,-26774.8
RestaurantFastFood,task_rand_e05,winter,RestaurantFastFood-3374,-277311.9,-277311.9
RestaurantFastFood,task_rand_e05,winter,RestaurantFastFood-3375,-96909.7,-96909.7
RestaurantFastFood,task_rand_e05,winter,RestaurantFastFood-3380,-31277.0,-31277.0
RestaurantFastFood,task_rand_e05,winter,RestaurantFastFood-3391,-27575.0,-27575.0
RestaurantFastFood,task_rand_e05,winter,RestaurantFastFood-3403,-125922.6,-125922.6
RestaurantFastFood,task_rand_e05,winter,RestaurantFastFood-3428,-24221.6,-24221.6
RestaurantFastFood,task_rand_e05,winter,RestaurantFastFood-3432,-30847.3,-30847.3
RestaurantFastFood,task_rand_e05,winter,RestaurantFastFood-3459,-35044.8,-35044.8
RestaurantFastFood,task_rand_e05,winter,RestaurantFastFood-3462,-48252.9,-48252.9
RestaurantFastFood,task_rand_e05,winter,RestaurantFastFood-3464,-33342.9,-33342.9
RestaurantFastFood,task_rand_e05,winter,RestaurantFastFood-3469,-41748.4,-41748.4
RestaurantFastFood,task_rand_e05,winter,RestaurantFastFood-3474,-28094.1,-28094.1
RestaurantFastFood,task_rand_e05,winter,RestaurantFastFood-3500,-54975.3,-54975.3
RestaurantFastFood,task_rand_e05,winter,RestaurantFastFood-3503,-126212.8,-126212.8
RestaurantFastFood,task_rand_e05,winter,RestaurantFastFood-3510,-34579.4,-34579.4
RestaurantFastFood,task_rand_e05,winter,RestaurantFastFood-3523,-29413.3,-29413.3
RestaurantFastFood,task_rand_e05,winter,RestaurantFastFood-3528,-31122.6,-31122.6
RestaurantFastFood,task_rand_e05,winter,RestaurantFastFood-3531,-28236.4,-28236.4
RestaurantFastFood,task_rand_e05,winter,RestaurantFastFood-3534,-99180.9,-99180.9
RestaurantFastFood,task_rand_e05,winter,RestaurantFastFood-3544,-40947.1,-40947.1
RestaurantFastFood,task_rand_e05,winter,RestaurantFastFood-3551,-30429.9,-30429.9
RestaurantFastFood,task_rand_e05,winter,RestaurantFastFood-3556,-41478.9,-41478.9
RestaurantFastFood,task_rand_e05,winter,RestaurantFastFood-3559,-34030.6,-34030.6
RestaurantFastFood,task_rand_e05,winter,RestaurantFastFood-3566,-82944.6,-82944.6
RestaurantFastFood,task_rand_e05,winter,RestaurantFastFood-3570,-35779.4,-35779.4
RestaurantFastFood,task_rand_e05,winter,RestaurantFastFood-3571,-81112.0,-81112.0
RestaurantFastFood,task_rand_e05,winter,RestaurantFastFood-3606,-30700.7,-30700.7
RestaurantFastFood,task_rand_e05,winter,RestaurantFastFood-3610,-127171.5,-127171.5
RestaurantFastFood,task_rand_e05,winter,RestaurantFastFood-3621,-34750.6,-34750.6
RestaurantFastFood,task_rand_e05,winter,RestaurantFastFood-3627,-34153.4,-34153.4
RestaurantFastFood,task_rand_e05,winter,RestaurantFastFood-3628,-33978.1,-33978.1
RestaurantFastFood,task_rand_e05,winter,RestaurantFastFood-3653,-35459.4,-35459.4
RestaurantFastFood,task_rand_e05,winter,RestaurantFastFood-3658,-83727.3,-83727.3
RestaurantFastFood,task_rand_e05,winter,RestaurantFastFood-3660,-27715.0,-27715.0
RestaurantFastFood,task_rand_e05,winter,RestaurantFastFood-3667,-31926.9,-31926.9
RestaurantFastFood,task_rand_e05,winter,RestaurantFastFood-3670,-74579.3,-74579.3
RestaurantFastFood,task_rand_e05,winter,RestaurantFastFood-3678,-24622.0,-24622.0
RestaurantFastFood,task_rand_e05,winter,RestaurantFastFood-3697,-22639.6,-22639.6
RestaurantFastFood,task_rand_e05,winter,RestaurantFastFood-3706,-27636.0,-27636.0
RestaurantFastFood,task_rand_e05,winter,RestaurantFastFood-3716,-134420.8,-134420.8
RestaurantFastFood,task_rand_e05,winter,RestaurantFastFood-3741,-39655.6,-39655.6
RestaurantFastFood,task_rand_e05,winter,RestaurantFastFood-3761,-135115.4,-135115.4
RestaurantFastFood,task_rand_e05,winter,RestaurantFastFood-3781,-34490.3,-34490.3
RestaurantFastFood,task_rand_e05,winter,RestaurantFastFood-3785,-281141.6,-281141.6
RestaurantFastFood,task_rand_e05,winter,RestaurantFastFood-3787,-27896.8,-27896.8
RestaurantFastFood,task_rand_e05,winter,RestaurantFastFood-3794,-29792.7,-29792.7
RestaurantFastFood,task_rand_e05,winter,RestaurantFastFood-3806,-43534.2,-43534.2
RestaurantFastFood,task_rand_e05,winter,RestaurantFastFood-3809,-40860.9,-40860.9
RestaurantFastFood,task_rand_e05,winter,RestaurantFastFood-3818,-47574.4,-47574.4
RestaurantFastFood,task_rand_e05,winter,RestaurantFastFood-3823,-41560.9,-41560.9
RestaurantFastFood,task_rand_e05,winter,RestaurantFastFood-3832,-99737.5,-99737.5
RestaurantFastFood,task_rand_e05,winter,RestaurantFastFood-3853,-290154.0,-290154.0
RestaurantFastFood,task_rand_e05,winter,RestaurantFastFood-3856,-30568.1,-30568.1
RestaurantFastFood,task_rand_e05,winter,RestaurantFastFood-3869,-47183.0,-47183.0
RestaurantFastFood,task_rand_e05,winter,RestaurantFastFood-3875,-28538.9,-28538.9
RestaurantFastFood,task_rand_e05,winter,RestaurantFastFood-3878,-62419.4,-62419.4
RestaurantFastFood,task_rand_e05,winter,RestaurantFastFood-3886,-43204.4,-43204.4
RestaurantFastFood,task_rand_e05,winter,RestaurantFastFood-3901,-25013.6,-25013.6
RestaurantFastFood,task_rand_e05,winter,RestaurantFastFood-3941,-32269.6,-32269.6
RestaurantFastFood,task_rand_e05,winter,RestaurantFastFood-3976,-28723.7,-28723.7
RestaurantFastFood,task_rand_e05,winter,RestaurantFastFood-3979,-24749.0,-24749.0
RestaurantFastFood,task_rand_e05,winter,RestaurantFastFood-3997,-49105.9,-49105.9
RestaurantFastFood,task_rand_e05,winter,RestaurantFastFood-3998,-48601.2,-48601.2
RestaurantFastFood,task_rand_e05,winter,RestaurantFastFood-3999,-31662.8,-31662.8
RestaurantFastFood,task_rand_e05,winter,RestaurantFastFood-4000,-55977.8,-55977.8
RetailStandalone,task_const_e0,full_year,RetailStandalone-2035,-2764.4,-2764.4
RetailStandalone,task_const_e0,full_year,RetailStandalone-2046,-3029.0,-3029.0
RetailStandalone,task_const_e0,full_year,RetailStandalone-2052,-2549.3,-2549.3
RetailStandalone,task_const_e0,full_year,RetailStandalone-2056,-2765.9,-2765.9
RetailStandalone,task_const_e0,full_year,RetailStandalone-2067,-3488.7,-3488.7
RetailStandalone,task_const_e0,full_year,RetailStandalone-2075,-3879.6,-3879.6
RetailStandalone,task_const_e0,full_year,RetailStandalone-2090,-1589.5,-1589.5
RetailStandalone,task_const_e0,full_year,RetailStandalone-2091,-1840.6,-1840.6
RetailStandalone,task_const_e0,full_year,RetailStandalone-2105,-2325.2,-2325.2
RetailStandalone,task_const_e0,full_year,RetailStandalone-2113,-1781.1,-1781.1
RetailStandalone,task_const_e0,full_year,RetailStandalone-2128,-2232.9,-2232.9
RetailStandalone,task_const_e0,full_year,RetailStandalone-2131,-3000.8,-3000.8
RetailStandalone,task_const_e0,full_year,RetailStandalone-2143,-1383.0,-1383.0
RetailStandalone,task_const_e0,full_year,RetailStandalone-2151,-1325.4,-1325.4
RetailStandalone,task_const_e0,full_year,RetailStandalone-2157,-1922.5,-1922.5
RetailStandalone,task_const_e0,full_year,RetailStandalone-2168,-4146.3,-4146.3
RetailStandalone,task_const_e0,full_year,RetailStandalone-2207,-3206.4,-3206.4
RetailStandalone,task_const_e0,full_year,RetailStandalone-2219,-1059.9,-1059.9
RetailStandalone,task_const_e0,full_year,RetailStandalone-2224,-2976.1,-2976.1
RetailStandalone,task_const_e0,full_year,RetailStandalone-2240,-1341.8,-1341.8
RetailStandalone,task_const_e0,full_year,RetailStandalone-2241,-2548.4,-2548.4
RetailStandalone,task_const_e0,full_year,RetailStandalone-2255,-3273.4,-3273.4
RetailStandalone,task_const_e0,full_year,RetailStandalone-2264,-5024.8,-5024.8
RetailStandalone,task_const_e0,full_year,RetailStandalone-2283,-3374.8,-3374.8
RetailStandalone,task_const_e0,full_year,RetailStandalone-2289,-4566.8,-4566.8
RetailStandalone,task_const_e0,full_year,RetailStandalone-2299,-2126.8,-2126.8
RetailStandalone,task_const_e0,full_year,RetailStandalone-2312,-2506.6,-2506.6
RetailStandalone,task_const_e0,full_year,RetailStandalone-2317,-1242.9,-1242.9
RetailStandalone,task_const_e0,full_year,RetailStandalone-2322,-2439.4,-2439.4
RetailStandalone,task_const_e0,full_year,RetailStandalone-2328,-2351.3,-2351.3
RetailStandalone,task_const_e0,full_year,RetailStandalone-2335,-2062.0,-2062.0
RetailStandalone,task_const_e0,full_year,RetailStandalone-2346,-2860.4,-2860.4
RetailStandalone,task_const_e0,full_year,RetailStandalone-2378,-2678.8,-2678.8
RetailStandalone,task_const_e0,full_year,RetailStandalone-2391,-4284.3,-4284.3
RetailStandalone,task_const_e0,full_year,RetailStandalone-2399,-4374.5,-4374.5
RetailStandalone,task_const_e0,full_year,RetailStandalone-2402,-2118.2,-2118.2
RetailStandalone,task_const_e0,full_year,RetailStandalone-2403,-2904.2,-2904.2
RetailStandalone,task_const_e0,full_year,RetailStandalone-2409,-3142.5,-3142.5
RetailStandalone,task_const_e0,full_year,RetailStandalone-2413,-3959.6,-3959.6
RetailStandalone,task_const_e0,full_year,RetailStandalone-2420,-3371.9,-3371.9
RetailStandalone,task_const_e0,full_year,RetailStandalone-2436,-1360.2,-1360.2
RetailStandalone,task_const_e0,full_year,RetailStandalone-2447,-1384.3,-1384.3
RetailStandalone,task_const_e0,full_year,RetailStandalone-2470,-1966.8,-1966.8
RetailStandalone,task_const_e0,full_year,RetailStandalone-2499,-1947.4,-1947.4
RetailStandalone,task_const_e0,full_year,RetailStandalone-2513,-2383.9,-2383.9
RetailStandalone,task_const_e0,full_year,RetailStandalone-2521,-4249.8,-4249.8
RetailStandalone,task_const_e0,full_year,RetailStandalone-2524,-1501.6,-1501.6
RetailStandalone,task_const_e0,full_year,RetailStandalone-2532,-4056.7,-4056.7
RetailStandalone,task_const_e0,full_year,RetailStandalone-2545,-2747.0,-2747.0
RetailStandalone,task_const_e0,full_year,RetailStandalone-2556,-1012.7,-1012.7
RetailStandalone,task_const_e0,full_year,RetailStandalone-2563,-3205.8,-3205.8
RetailStandalone,task_const_e0,full_year,RetailStandalone-2586,-1271.6,-1271.6
RetailStandalone,task_const_e0,full_year,RetailStandalone-2607,-3875.2,-3875.2
RetailStandalone,task_const_e0,full_year,RetailStandalone-2608,-3002.1,-3002.1
RetailStandalone,task_const_e0,full_year,RetailStandalone-2626,-1041.6,-1041.6
RetailStandalone,task_const_e0,full_year,RetailStandalone-2627,-2082.7,-2082.7
RetailStandalone,task_const_e0,full_year,RetailStandalone-2628,-2340.7,-2340.7
RetailStandalone,task_const_e0,full_year,RetailStandalone-2677,-4111.0,-4111.0
RetailStandalone,task_const_e0,full_year,RetailStandalone-2678,-2647.8,-2647.8
RetailStandalone,task_const_e0,full_year,RetailStandalone-2681,-2156.0,-2156.0
RetailStandalone,task_const_e0,full_year,RetailStandalone-2683,-1405.7,-1405.7
RetailStandalone,task_const_e0,full_year,RetailStandalone-2697,-2540.0,-2540.0
RetailStandalone,task_const_e0,full_year,RetailStandalone-2715,-4136.0,-4136.0
RetailStandalone,task_const_e0,full_year,RetailStandalone-2717,-2735.7,-2735.7
RetailStandalone,task_const_e0,full_year,RetailStandalone-2718,-3666.5,-3666.5
RetailStandalone,task_const_e0,full_year,RetailStandalone-2738,-4491.6,-4491.6
RetailStandalone,task_const_e0,full_year,RetailStandalone-2743,-4762.7,-4762.7
RetailStandalone,task_const_e0,full_year,RetailStandalone-2751,-4501.0,-4501.0
RetailStandalone,task_const_e0,full_year,RetailStandalone-2774,-2865.6,-2865.6
RetailStandalone,task_const_e0,full_year,RetailStandalone-2783,-4568.4,-4568.4
RetailStandalone,task_const_e0,full_year,RetailStandalone-2784,-2621.9,-2621.9
RetailStandalone,task_const_e0,full_year,RetailStandalone-2788,-3006.1,-3006.1
RetailStandalone,task_const_e0,full_year,RetailStandalone-2791,-4943.8,-4943.8
RetailStandalone,task_const_e0,full_year,RetailStandalone-2795,-1394.5,-1394.5
RetailStandalone,task_const_e0,full_year,RetailStandalone-2813,-2672.6,-2672.6
RetailStandalone,task_const_e0,full_year,RetailStandalone-2814,-1701.6,-1701.6
RetailStandalone,task_const_e0,full_year,RetailStandalone-2830,-3087.9,-3087.9
RetailStandalone,task_const_e0,full_year,RetailStandalone-2837,-2842.4,-2842.4
RetailStandalone,task_const_e0,full_year,RetailStandalone-2845,-1224.7,-1224.7
RetailStandalone,task_const_e0,full_year,RetailStandalone-2850,-2477.5,-2477.5
RetailStandalone,task_const_e0,full_year,RetailStandalone-2853,-3072.6,-3072.6
RetailStandalone,task_const_e0,full_year,RetailStandalone-2865,-3129.4,-3129.4
RetailStandalone,task_const_e0,full_year,RetailStandalone-2871,-2347.6,-2347.6
RetailStandalone,task_const_e0,full_year,RetailStandalone-2872,-2299.5,-2299.5
RetailStandalone,task_const_e0,full_year,RetailStandalone-2877,-4578.4,-4578.4
RetailStandalone,task_const_e0,full_year,RetailStandalone-2883,-1995.0,-1995.0
RetailStandalone,task_const_e0,full_year,RetailStandalone-2886,-3057.8,-3057.8
RetailStandalone,task_const_e0,full_year,RetailStandalone-2902,-983.3,-983.3
RetailStandalone,task_const_e0,full_year,RetailStandalone-2905,-3359.0,-3359.0
RetailStandalone,task_const_e0,full_year,RetailStandalone-2906,-3586.5,-3586.5
RetailStandalone,task_const_e0,full_year,RetailStandalone-2911,-876.5,-876.5
RetailStandalone,task_const_e0,full_year,RetailStandalone-2921,-1093.2,-1093.2
RetailStandalone,task_const_e0,full_year,RetailStandalone-2929,-1895.5,-1895.5
RetailStandalone,task_const_e0,full_year,RetailStandalone-2952,-3251.1,-3251.1
RetailStandalone,task_const_e0,full_year,RetailStandalone-2959,-2280.2,-2280.2
RetailStandalone,task_const_e0,full_year,RetailStandalone-2991,-3028.3,-3028.3
RetailStandalone,task_const_e0,full_year,RetailStandalone-2997,-3014.0,-3014.0
RetailStandalone,task_const_e0,full_year,RetailStandalone-2998,-2474.4,-2474.4
RetailStandalone,task_const_e0,full_year,RetailStandalone-2999,-4980.1,-4980.1
RetailStandalone,task_const_e0,full_year,RetailStandalone-3000,-2408.8,-2408.8
RetailStandalone,task_const_e0,summer,RetailStandalone-2035,-1501.5,-1501.5
RetailStandalone,task_const_e0,summer,RetailStandalone-2046,-895.7,-895.7
RetailStandalone,task_const_e0,summer,RetailStandalone-2052,-4077.3,-4077.3
RetailStandalone,task_const_e0,summer,RetailStandalone-2056,-1143.8,-1143.8
RetailStandalone,task_const_e0,summer,RetailStandalone-2067,-2492.5,-2492.5
RetailStandalone,task_const_e0,summer,RetailStandalone-2075,-574.8,-574.8
RetailStandalone,task_const_e0,summer,RetailStandalone-2090,-3160.4,-3160.4
RetailStandalone,task_const_e0,summer,RetailStandalone-2091,-4290.7,-4290.7
RetailStandalone,task_const_e0,summer,RetailStandalone-2105,-1467.1,-1467.1
RetailStandalone,task_const_e0,summer,RetailStandalone-2113,-295.0,-295.0
RetailStandalone,task_const_e0,summer,RetailStandalone-2128,-1776.2,-1776.2
RetailStandalone,task_const_e0,summer,RetailStandalone-2131,-3214.0,-3214.0
RetailStandalone,task_const_e0,summer,RetailStandalone-2143,-16477.2,-16477.2
RetailStandalone,task_const_e0,summer,RetailStandalone-2151,-1316.8,-1316.8
RetailStandalone,task_const_e0,summer,RetailStandalone-2157,-1235.6,-1235.6
RetailStandalone,task_const_e0,summer,RetailStandalone-2168,-1189.0,-1189.0
RetailStandalone,task_const_e0,summer,RetailStandalone-2207,-2014.9,-2014.9
RetailStandalone,task_const_e0,summer,RetailStandalone-2219,-1740.6,-1740.6
RetailStandalone,task_const_e0,summer,RetailStandalone-2224,-1537.3,-1537.3
RetailStandalone,task_const_e0,summer,RetailStandalone-2240,-11366.9,-11366.9
RetailStandalone,task_const_e0,summer,RetailStandalone-2241,-305.4,-305.4
RetailStandalone,task_const_e0,summer,RetailStandalone-2255,-3890.0,-3890.0
RetailStandalone,task_const_e0,summer,RetailStandalone-2264,-1338.1,-1338.1
RetailStandalone,task_const_e0,summer,RetailStandalone-2283,-2966.7,-2966.7
RetailStandalone,task_const_e0,summer,RetailStandalone-2289,-4379.2,-4379.2
RetailStandalone,task_const_e0,summer,RetailStandalone-2299,-181.2,-181.2
RetailStandalone,task_const_e0,summer,RetailStandalone-2312,-1871.8,-1871.8
RetailStandalone,task_const_e0,summer,RetailStandalone-2317,-7047.6,-7047.6
RetailStandalone,task_const_e0,summer,RetailStandalone-2322,-1194.9,-1194.9
RetailStandalone,task_const_e0,summer,RetailStandalone-2328,-335.6,-335.6
RetailStandalone,task_const_e0,summer,RetailStandalone-2335,-2806.5,-2806.5
RetailStandalone,task_const_e0,summer,RetailStandalone-2346,-1437.8,-1437.8
RetailStandalone,task_const_e0,summer,RetailStandalone-2378,-1717.3,-1717.3
RetailStandalone,task_const_e0,summer,RetailStandalone-2391,-634.4,-634.4
RetailStandalone,task_const_e0,summer,RetailStandalone-2399,-673.8,-673.8
RetailStandalone,task_const_e0,summer,RetailStandalone-2402,-974.1,-974.1
RetailStandalone,task_const_e0,summer,RetailStandalone-2403,-249.1,-249.1
RetailStandalone,task_const_e0,summer,RetailStandalone-2409,-3012.1,-3012.1
RetailStandalone,task_const_e0,summer,RetailStandalone-2413,-2831.1,-2831.1
RetailStandalone,task_const_e0,summer,RetailStandalone-2420,-3121.1,-3121.1
RetailStandalone,task_const_e0,summer,RetailStandalone-2436,-9156.3,-9156.3
RetailStandalone,task_const_e0,summer,RetailStandalone-2447,-2613.3,-2613.3
RetailStandalone,task_const_e0,summer,RetailStandalone-2470,-537.7,-537.7
RetailStandalone,task_const_e0,summer,RetailStandalone-2499,-1032.0,-1032.0
RetailStandalone,task_const_e0,summer,RetailStandalone-2513,-1803.8,-1803.8
RetailStandalone,task_const_e0,summer,RetailStandalone-2521,-2831.0,-2831.0
RetailStandalone,task_const_e0,summer,RetailStandalone-2524,-4865.4,-4865.4
RetailStandalone,task_const_e0,summer,RetailStandalone-2532,-4799.9,-4799.9
RetailStandalone,task_const_e0,summer,RetailStandalone-2545,-1437.1,-1437.1
RetailStandalone,task_const_e0,summer,RetailStandalone-2556,-1312.9,-1312.9
RetailStandalone,task_const_e0,summer,RetailStandalone-2563,-907.5,-907.5
RetailStandalone,task_const_e0,summer,RetailStandalone-2586,-14354.1,-14354.1
RetailStandalone,task_const_e0,summer,RetailStandalone-2607,-2743.0,-2743.0
RetailStandalone,task_const_e0,summer,RetailStandalone-2608,-921.1,-921.1
RetailStandalone,task_const_e0,summer,RetailStandalone-2626,-1703.2,-1703.2
RetailStandalone,task_const_e0,summer,RetailStandalone-2627,-862.3,-862.3
RetailStandalone,task_const_e0,summer,RetailStandalone-2628,-1206.3,-1206.3
RetailStandalone,task_const_e0,summer,RetailStandalone-2677,-587.5,-587.5
RetailStandalone,task_const_e0,summer,RetailStandalone-2678,-2101.4,-2101.4
RetailStandalone,task_const_e0,summer,RetailStandalone-2681,-929.1,-929.1
RetailStandalone,task_const_e0,summer,RetailStandalone-2683,-6635.5,-6635.5
RetailStandalone,task_const_e0,summer,RetailStandalone-2697,-245.1,-245.1
RetailStandalone,task_const_e0,summer,RetailStandalone-2715,-3139.6,-3139.6
RetailStandalone,task_const_e0,summer,RetailStandalone-2717,-1011.2,-1011.2
RetailStandalone,task_const_e0,summer,RetailStandalone-2718,-3498.8,-3498.8
RetailStandalone,task_const_e0,summer,RetailStandalone-2738,-1333.1,-1333.1
RetailStandalone,task_const_e0,summer,RetailStandalone-2743,-1254.0,-1254.0
RetailStandalone,task_const_e0,summer,RetailStandalone-2751,-688.1,-688.1
RetailStandalone,task_const_e0,summer,RetailStandalone-2774,-2611.8,-2611.8
RetailStandalone,task_const_e0,summer,RetailStandalone-2783,-1460.6,-1460.6
RetailStandalone,task_const_e0,summer,RetailStandalone-2784,-2365.6,-2365.6
RetailStandalone,task_const_e0,summer,RetailStandalone-2788,-2637.0,-2637.0
RetailStandalone,task_const_e0,summer,RetailStandalone-2791,-1479.8,-1479.8
RetailStandalone,task_const_e0,summer,RetailStandalone-2795,-5642.1,-5642.1
RetailStandalone,task_const_e0,summer,RetailStandalone-2813,-1545.6,-1545.6
RetailStandalone,task_const_e0,summer,RetailStandalone-2814,-842.4,-842.4
RetailStandalone,task_const_e0,summer,RetailStandalone-2830,-2732.6,-2732.6
RetailStandalone,task_const_e0,summer,RetailStandalone-2837,-1315.0,-1315.0
RetailStandalone,task_const_e0,summer,RetailStandalone-2845,-1704.8,-1704.8
RetailStandalone,task_const_e0,summer,RetailStandalone-2850,-3370.1,-3370.1
RetailStandalone,task_const_e0,summer,RetailStandalone-2853,-2467.1,-2467.1
RetailStandalone,task_const_e0,summer,RetailStandalone-2865,-4329.1,-4329.1
RetailStandalone,task_const_e0,summer,RetailStandalone-2871,-1427.9,-1427.9
RetailStandalone,task_const_e0,summer,RetailStandalone-2872,-1060.9,-1060.9
RetailStandalone,task_const_e0,summer,RetailStandalone-2877,-747.9,-747.9
RetailStandalone,task_const_e0,summer,RetailStandalone-2883,-1770.3,-1770.3
RetailStandalone,task_const_e0,summer,RetailStandalone-2886,-2865.0,-2865.0
RetailStandalone,task_const_e0,summer,RetailStandalone-2902,-1194.4,-1194.4
RetailStandalone,task_const_e0,summer,RetailStandalone-2905,-1067.2,-1067.2
RetailStandalone,task_const_e0,summer,RetailStandalone-2906,-2133.5,-2133.5
RetailStandalone,task_const_e0,summer,RetailStandalone-2911,-826.0,-826.0
RetailStandalone,task_const_e0,summer,RetailStandalone-2921,-1553.9,-1553.9
RetailStandalone,task_const_e0,summer,RetailStandalone-2929,-2958.0,-2958.0
RetailStandalone,task_const_e0,summer,RetailStandalone-2952,-1300.4,-1300.4
RetailStandalone,task_const_e0,summer,RetailStandalone-2959,-858.5,-858.5
RetailStandalone,task_const_e0,summer,RetailStandalone-2991,-2116.7,-2116.7
RetailStandalone,task_const_e0,summer,RetailStandalone-2997,-1975.9,-1975.9
RetailStandalone,task_const_e0,summer,RetailStandalone-2998,-1244.6,-1244.6
RetailStandalone,task_const_e0,summer,RetailStandalone-2999,-1313.8,-1313.8
RetailStandalone,task_const_e0,summer,RetailStandalone-3000,-641.0,-641.0
RetailStandalone,task_const_e0,winter,RetailStandalone-2035,-719.7,-719.7
RetailStandalone,task_const_e0,winter,RetailStandalone-2046,-332.2,-332.2
RetailStandalone,task_const_e0,winter,RetailStandalone-2052,-360.4,-360.4
RetailStandalone,task_const_e0,winter,RetailStandalone-2056,-693.0,-693.0
RetailStandalone,task_const_e0,winter,RetailStandalone-2067,-1343.9,-1343.9
RetailStandalone,task_const_e0,winter,RetailStandalone-2075,-910.0,-910.0
RetailStandalone,task_const_e0,winter,RetailStandalone-2090,-285.0,-285.0
RetailStandalone,task_const_e0,winter,RetailStandalone-2091,-298.0,-298.0
RetailStandalone,task_const_e0,winter,RetailStandalone-2105,-752.2,-752.2
RetailStandalone,task_const_e0,winter,RetailStandalone-2113,-456.9,-456.9
RetailStandalone,task_const_e0,winter,RetailStandalone-2128,-745.8,-745.8
RetailStandalone,task_const_e0,winter,RetailStandalone-2131,-552.5,-552.5
RetailStandalone,task_const_e0,winter,RetailStandalone-2143,-221.5,-221.5
RetailStandalone,task_const_e0,winter,RetailStandalone-2151,-259.0,-259.0
RetailStandalone,task_const_e0,winter,RetailStandalone-2157,-228.4,-228.4
RetailStandalone,task_const_e0,winter,RetailStandalone-2168,-1017.0,-1017.0
RetailStandalone,task_const_e0,winter,RetailStandalone-2207,-743.3,-743.3
RetailStandalone,task_const_e0,winter,RetailStandalone-2219,-324.7,-324.7
RetailStandalone,task_const_e0,winter,RetailStandalone-2224,-695.7,-695.7
RetailStandalone,task_const_e0,winter,RetailStandalone-2240,-214.5,-214.5
RetailStandalone,task_const_e0,winter,RetailStandalone-2241,-707.2,-707.2
RetailStandalone,task_const_e0,winter,RetailStandalone-2255,-399.9,-399.9
RetailStandalone,task_const_e0,winter,RetailStandalone-2264,-1021.7,-1021.7
RetailStandalone,task_const_e0,winter,RetailStandalone-2283,-1239.7,-1239.7
RetailStandalone,task_const_e0,winter,RetailStandalone-2289,-911.8,-911.8
RetailStandalone,task_const_e0,winter,RetailStandalone-2299,-529.8,-529.8
RetailStandalone,task_const_e0,winter,RetailStandalone-2312,-534.9,-534.9
RetailStandalone,task_const_e0,winter,RetailStandalone-2317,-208.7,-208.7
RetailStandalone,task_const_e0,winter,RetailStandalone-2322,-583.9,-583.9
RetailStandalone,task_const_e0,winter,RetailStandalone-2328,-664.3,-664.3
RetailStandalone,task_const_e0,winter,RetailStandalone-2335,-432.9,-432.9
RetailStandalone,task_const_e0,winter,RetailStandalone-2346,-847.8,-847.8
RetailStandalone,task_const_e0,winter,RetailStandalone-2378,-959.8,-959.8
RetailStandalone,task_const_e0,winter,RetailStandalone-2391,-1176.7,-1176.7
RetailStandalone,task_const_e0,winter,RetailStandalone-2399,-1278.1,-1278.1
RetailStandalone,task_const_e0,winter,RetailStandalone-2402,-217.3,-217.3
RetailStandalone,task_const_e0,winter,RetailStandalone-2403,-776.2,-776.2
RetailStandalone,task_const_e0,winter,RetailStandalone-2409,-470.8,-470.8
RetailStandalone,task_const_e0,winter,RetailStandalone-2413,-1123.3,-1123.3
RetailStandalone,task_const_e0,winter,RetailStandalone-2420,-777.4,-777.4
RetailStandalone,task_const_e0,winter,RetailStandalone-2436,-208.9,-208.9
RetailStandalone,task_const_e0,winter,RetailStandalone-2447,-256.7,-256.7
RetailStandalone,task_const_e0,winter,RetailStandalone-2470,-290.7,-290.7
RetailStandalone,task_const_e0,winter,RetailStandalone-2499,-219.2,-219.2
RetailStandalone,task_const_e0,winter,RetailStandalone-2513,-821.0,-821.0
RetailStandalone,task_const_e0,winter,RetailStandalone-2521,-1751.2,-1751.2
RetailStandalone,task_const_e0,winter,RetailStandalone-2524,-299.9,-299.9
RetailStandalone,task_const_e0,winter,RetailStandalone-2532,-601.6,-601.6
RetailStandalone,task_const_e0,winter,RetailStandalone-2545,-968.3,-968.3
RetailStandalone,task_const_e0,winter,RetailStandalone-2556,-289.6,-289.6
RetailStandalone,task_const_e0,winter,RetailStandalone-2563,-334.9,-334.9
RetailStandalone,task_const_e0,winter,RetailStandalone-2586,-213.7,-213.7
RetailStandalone,task_const_e0,winter,RetailStandalone-2607,-1589.9,-1589.9
RetailStandalone,task_const_e0,winter,RetailStandalone-2608,-315.7,-315.7
RetailStandalone,task_const_e0,winter,RetailStandalone-2626,-319.3,-319.3
RetailStandalone,task_const_e0,winter,RetailStandalone-2627,-311.9,-311.9
RetailStandalone,task_const_e0,winter,RetailStandalone-2628,-525.2,-525.2
RetailStandalone,task_const_e0,winter,RetailStandalone-2677,-977.5,-977.5
RetailStandalone,task_const_e0,winter,RetailStandalone-2678,-362.1,-362.1
RetailStandalone,task_const_e0,winter,RetailStandalone-2681,-213.9,-213.9
RetailStandalone,task_const_e0,winter,RetailStandalone-2683,-279.3,-279.3
RetailStandalone,task_const_e0,winter,RetailStandalone-2697,-643.6,-643.6
RetailStandalone,task_const_e0,winter,RetailStandalone-2715,-1715.3,-1715.3
RetailStandalone,task_const_e0,winter,RetailStandalone-2717,-618.2,-618.2
RetailStandalone,task_const_e0,winter,RetailStandalone-2718,-532.0,-532.0
RetailStandalone,task_const_e0,winter,RetailStandalone-2738,-961.4,-961.4
RetailStandalone,task_const_e0,winter,RetailStandalone-2743,-1226.6,-1226.6
RetailStandalone,task_const_e0,winter,RetailStandalone-2751,-1108.0,-1108.0
RetailStandalone,task_const_e0,winter,RetailStandalone-2774,-763.2,-763.2
RetailStandalone,task_const_e0,winter,RetailStandalone-2783,-876.9,-876.9
RetailStandalone,task_const_e0,winter,RetailStandalone-2784,-991.5,-991.5
RetailStandalone,task_const_e0,winter,RetailStandalone-2788,-1197.7,-1197.7
RetailStandalone,task_const_e0,winter,RetailStandalone-2791,-1067.2,-1067.2
RetailStandalone,task_const_e0,winter,RetailStandalone-2795,-205.7,-205.7
RetailStandalone,task_const_e0,winter,RetailStandalone-2813,-865.2,-865.2
RetailStandalone,task_const_e0,winter,RetailStandalone-2814,-216.4,-216.4
RetailStandalone,task_const_e0,winter,RetailStandalone-2830,-1016.5,-1016.5
RetailStandalone,task_const_e0,winter,RetailStandalone-2837,-302.3,-302.3
RetailStandalone,task_const_e0,winter,RetailStandalone-2845,-230.3,-230.3
RetailStandalone,task_const_e0,winter,RetailStandalone-2850,-903.1,-903.1
RetailStandalone,task_const_e0,winter,RetailStandalone-2853,-1214.1,-1214.1
RetailStandalone,task_const_e0,winter,RetailStandalone-2865,-491.5,-491.5
RetailStandalone,task_const_e0,winter,RetailStandalone-2871,-733.6,-733.6
RetailStandalone,task_const_e0,winter,RetailStandalone-2872,-329.0,-329.0
RetailStandalone,task_const_e0,winter,RetailStandalone-2877,-1201.0,-1201.0
RetailStandalone,task_const_e0,winter,RetailStandalone-2883,-390.1,-390.1
RetailStandalone,task_const_e0,winter,RetailStandalone-2886,-1196.6,-1196.6
RetailStandalone,task_const_e0,winter,RetailStandalone-2902,-287.4,-287.4
RetailStandalone,task_const_e0,winter,RetailStandalone-2905,-873.1,-873.1
RetailStandalone,task_const_e0,winter,RetailStandalone-2906,-890.2,-890.2
RetailStandalone,task_const_e0,winter,RetailStandalone-2911,-222.5,-222.5
RetailStandalone,task_const_e0,winter,RetailStandalone-2921,-347.8,-347.8
RetailStandalone,task_const_e0,winter,RetailStandalone-2929,-353.9,-353.9
RetailStandalone,task_const_e0,winter,RetailStandalone-2952,-435.7,-435.7
RetailStandalone,task_const_e0,winter,RetailStandalone-2959,-303.6,-303.6
RetailStandalone,task_const_e0,winter,RetailStandalone-2991,-1246.8,-1246.8
RetailStandalone,task_const_e0,winter,RetailStandalone-2997,-1128.1,-1128.1
RetailStandalone,task_const_e0,winter,RetailStandalone-2998,-585.3,-585.3
RetailStandalone,task_const_e0,winter,RetailStandalone-2999,-1184.8,-1184.8
RetailStandalone,task_const_e0,winter,RetailStandalone-3000,-309.7,-309.7
RetailStandalone,task_const_e05,full_year,RetailStandalone-2035,-375251.3,-375251.3
RetailStandalone,task_const_e05,full_year,RetailStandalone-2046,-282860.8,-282860.8
RetailStandalone,task_const_e05,full_year,RetailStandalone-2052,-282684.1,-282684.1
RetailStandalone,task_const_e05,full_year,RetailStandalone-2056,-310707.5,-310707.5
RetailStandalone,task_const_e05,full_year,RetailStandalone-2067,-425433.8,-425433.8
RetailStandalone,task_const_e05,full_year,RetailStandalone-2075,-412955.8,-412955.8
RetailStandalone,task_const_e05,full_year,RetailStandalone-2090,-230232.3,-230232.3
RetailStandalone,task_const_e05,full_year,RetailStandalone-2091,-258658.5,-258658.5
RetailStandalone,task_const_e05,full_year,RetailStandalone-2105,-288159.6,-288159.6
RetailStandalone,task_const_e05,full_year,RetailStandalone-2113,-190945.8,-190945.8
RetailStandalone,task_const_e05,full_year,RetailStandalone-2128,-262751.9,-262751.9
RetailStandalone,task_const_e05,full_year,RetailStandalone-2131,-326053.6,-326053.6
RetailStandalone,task_const_e05,full_year,RetailStandalone-2143,-145293.9,-145293.9
RetailStandalone,task_const_e05,full_year,RetailStandalone-2151,-170338.7,-170338.7
RetailStandalone,task_const_e05,full_year,RetailStandalone-2157,-205673.8,-205673.8
RetailStandalone,task_const_e05,full_year,RetailStandalone-2168,-439576.7,-439576.7
RetailStandalone,task_const_e05,full_year,RetailStandalone-2207,-378687.1,-378687.1
RetailStandalone,task_const_e05,full_year,RetailStandalone-2219,-127878.6,-127878.6
RetailStandalone,task_const_e05,full_year,RetailStandalone-2224,-370734.3,-370734.3
RetailStandalone,task_const_e05,full_year,RetailStandalone-2240,-152352.5,-152352.5
RetailStandalone,task_const_e05,full_year,RetailStandalone-2241,-252297.2,-252297.2
RetailStandalone,task_const_e05,full_year,RetailStandalone-2255,-436798.7,-436798.7
RetailStandalone,task_const_e05,full_year,RetailStandalone-2264,-526943.1,-526943.1
RetailStandalone,task_const_e05,full_year,RetailStandalone-2283,-376319.0,-376319.0
RetailStandalone,task_const_e05,full_year,RetailStandalone-2289,-464252.4,-464252.4
RetailStandalone,task_const_e05,full_year,RetailStandalone-2299,-237286.4,-237286.4
RetailStandalone,task_const_e05,full_year,RetailStandalone-2312,-287477.6,-287477.6
RetailStandalone,task_const_e05,full_year,RetailStandalone-2317,-139932.6,-139932.6
RetailStandalone,task_const_e05,full_year,RetailStandalone-2322,-287110.9,-287110.9
RetailStandalone,task_const_e05,full_year,RetailStandalone-2328,-235781.2,-235781.2
RetailStandalone,task_const_e05,full_year,RetailStandalone-2335,-237175.0,-237175.0
RetailStandalone,task_const_e05,full_year,RetailStandalone-2346,-311607.2,-311607.2
RetailStandalone,task_const_e05,full_year,RetailStandalone-2378,-312829.2,-312829.2
RetailStandalone,task_const_e05,full_year,RetailStandalone-2391,-506320.6,-506320.6
RetailStandalone,task_const_e05,full_year,RetailStandalone-2399,-544907.0,-544907.0
RetailStandalone,task_const_e05,full_year,RetailStandalone-2402,-233486.6,-233486.6
RetailStandalone,task_const_e05,full_year,RetailStandalone-2403,-322873.7,-322873.7
RetailStandalone,task_const_e05,full_year,RetailStandalone-2409,-378475.5,-378475.5
RetailStandalone,task_const_e05,full_year,RetailStandalone-2413,-393840.0,-393840.0
RetailStandalone,task_const_e05,full_year,RetailStandalone-2420,-356839.3,-356839.3
RetailStandalone,task_const_e05,full_year,RetailStandalone-2436,-145346.6,-145346.6
RetailStandalone,task_const_e05,full_year,RetailStandalone-2447,-211733.0,-211733.0
RetailStandalone,task_const_e05,full_year,RetailStandalone-2470,-250882.3,-250882.3
RetailStandalone,task_const_e05,full_year,RetailStandalone-2499,-212663.9,-212663.9
RetailStandalone,task_const_e05,full_year,RetailStandalone-2513,-260936.4,-260936.4
RetailStandalone,task_const_e05,full_year,RetailStandalone-2521,-445686.2,-445686.2
RetailStandalone,task_const_e05,full_year,RetailStandalone-2524,-178787.4,-178787.4
RetailStandalone,task_const_e05,full_year,RetailStandalone-2532,-532482.0,-532482.0
RetailStandalone,task_const_e05,full_year,RetailStandalone-2545,-411238.2,-411238.2
RetailStandalone,task_const_e05,full_year,RetailStandalone-2556,-143497.8,-143497.8
RetailStandalone,task_const_e05,full_year,RetailStandalone-2563,-303339.6,-303339.6
RetailStandalone,task_const_e05,full_year,RetailStandalone-2586,-133697.7,-133697.7
RetailStandalone,task_const_e05,full_year,RetailStandalone-2607,-412049.8,-412049.8
RetailStandalone,task_const_e05,full_year,RetailStandalone-2608,-277346.6,-277346.6
RetailStandalone,task_const_e05,full_year,RetailStandalone-2626,-122932.3,-122932.3
RetailStandalone,task_const_e05,full_year,RetailStandalone-2627,-271144.3,-271144.3
RetailStandalone,task_const_e05,full_year,RetailStandalone-2628,-287669.7,-287669.7
RetailStandalone,task_const_e05,full_year,RetailStandalone-2677,-439693.8,-439693.8
RetailStandalone,task_const_e05,full_year,RetailStandalone-2678,-243417.4,-243417.4
RetailStandalone,task_const_e05,full_year,RetailStandalone-2681,-238530.3,-238530.3
RetailStandalone,task_const_e05,full_year,RetailStandalone-2683,-165675.9,-165675.9
RetailStandalone,task_const_e05,full_year,RetailStandalone-2697,-256624.7,-256624.7
RetailStandalone,task_const_e05,full_year,RetailStandalone-2715,-440057.1,-440057.1
RetailStandalone,task_const_e05,full_year,RetailStandalone-2717,-321171.2,-321171.2
RetailStandalone,task_const_e05,full_year,RetailStandalone-2718,-449275.7,-449275.7
RetailStandalone,task_const_e05,full_year,RetailStandalone-2738,-471303.4,-471303.4
RetailStandalone,task_const_e05,full_year,RetailStandalone-2743,-546829.3,-546829.3
RetailStandalone,task_const_e05,full_year,RetailStandalone-2751,-518131.9,-518131.9
RetailStandalone,task_const_e05,full_year,RetailStandalone-2774,-293883.9,-293883.9
RetailStandalone,task_const_e05,full_year,RetailStandalone-2783,-470477.8,-470477.8
RetailStandalone,task_const_e05,full_year,RetailStandalone-2784,-352216.9,-352216.9
RetailStandalone,task_const_e05,full_year,RetailStandalone-2788,-325817.2,-325817.2
RetailStandalone,task_const_e05,full_year,RetailStandalone-2791,-519050.8,-519050.8
RetailStandalone,task_const_e05,full_year,RetailStandalone-2795,-155988.4,-155988.4
RetailStandalone,task_const_e05,full_year,RetailStandalone-2813,-293583.7,-293583.7
RetailStandalone,task_const_e05,full_year,RetailStandalone-2814,-193576.4,-193576.4
RetailStandalone,task_const_e05,full_year,RetailStandalone-2830,-339871.5,-339871.5
RetailStandalone,task_const_e05,full_year,RetailStandalone-2837,-411003.6,-411003.6
RetailStandalone,task_const_e05,full_year,RetailStandalone-2845,-197051.3,-197051.3
RetailStandalone,task_const_e05,full_year,RetailStandalone-2850,-284812.0,-284812.0
RetailStandalone,task_const_e05,full_year,RetailStandalone-2853,-385669.2,-385669.2
RetailStandalone,task_const_e05,full_year,RetailStandalone-2865,-336649.0,-336649.0
RetailStandalone,task_const_e05,full_year,RetailStandalone-2871,-263093.6,-263093.6
RetailStandalone,task_const_e05,full_year,RetailStandalone-2872,-216726.0,-216726.0
RetailStandalone,task_const_e05,full_year,RetailStandalone-2877,-529706.4,-529706.4
RetailStandalone,task_const_e05,full_year,RetailStandalone-2883,-291062.3,-291062.3
RetailStandalone,task_const_e05,full_year,RetailStandalone-2886,-348908.1,-348908.1
RetailStandalone,task_const_e05,full_year,RetailStandalone-2902,-131973.0,-131973.0
RetailStandalone,task_const_e05,full_year,RetailStandalone-2905,-553478.2,-553478.2
RetailStandalone,task_const_e05,full_year,RetailStandalone-2906,-434182.1,-434182.1
RetailStandalone,task_const_e05,full_year,RetailStandalone-2911,-120777.4,-120777.4
RetailStandalone,task_const_e05,full_year,RetailStandalone-2921,-134864.2,-134864.2
RetailStandalone,task_const_e05,full_year,RetailStandalone-2929,-262915.7,-262915.7
RetailStandalone,task_const_e05,full_year,RetailStandalone-2952,-304938.6,-304938.6
RetailStandalone,task_const_e05,full_year,RetailStandalone-2959,-291663.4,-291663.4
RetailStandalone,task_const_e05,full_year,RetailStandalone-2991,-351658.6,-351658.6
RetailStandalone,task_const_e05,full_year,RetailStandalone-2997,-353476.9,-353476.9
RetailStandalone,task_const_e05,full_year,RetailStandalone-2998,-285636.7,-285636.7
RetailStandalone,task_const_e05,full_year,RetailStandalone-2999,-536924.3,-536924.3
RetailStandalone,task_const_e05,full_year,RetailStandalone-3000,-306842.1,-306842.1
RetailStandalone,task_const_e05,summer,RetailStandalone-2035,-142683.0,-142683.0
RetailStandalone,task_const_e05,summer,RetailStandalone-2046,-62809.8,-62809.8
RetailStandalone,task_const_e05,summer,RetailStandalone-2052,-440158.6,-440158.6
RetailStandalone,task_const_e05,summer,RetailStandalone-2056,-95151.7,-95151.7
RetailStandalone,task_const_e05,summer,RetailStandalone-2067,-154385.6,-154385.6
RetailStandalone,task_const_e05,summer,RetailStandalone-2075,-38307.0,-38307.0
RetailStandalone,task_const_e05,summer,RetailStandalone-2090,-447707.4,-447707.4
RetailStandalone,task_const_e05,summer,RetailStandalone-2091,-602108.3,-602108.3
RetailStandalone,task_const_e05,summer,RetailStandalone-2105,-137326.6,-137326.6
RetailStandalone,task_const_e05,summer,RetailStandalone-2113,-31941.5,-31941.5
RetailStandalone,task_const_e05,summer,RetailStandalone-2128,-195459.8,-195459.8
RetailStandalone,task_const_e05,summer,RetailStandalone-2131,-195273.4,-195273.4
RetailStandalone,task_const_e05,summer,RetailStandalone-2143,-970903.2,-970903.2
RetailStandalone,task_const_e05,summer,RetailStandalone-2151,-90344.9,-90344.9
RetailStandalone,task_const_e05,summer,RetailStandalone-2157,-80743.0,-80743.0
RetailStandalone,task_const_e05,summer,RetailStandalone-2168,-75438.6,-75438.6
RetailStandalone,task_const_e05,summer,RetailStandalone-2207,-168699.5,-168699.5
RetailStandalone,task_const_e05,summer,RetailStandalone-2219,-103161.6,-103161.6
RetailStandalone,task_const_e05,summer,RetailStandalone-2224,-139619.2,-139619.2
RetailStandalone,task_const_e05,summer,RetailStandalone-2240,-678436.6,-678436.6
RetailStandalone,task_const_e05,summer,RetailStandalone-2241,-29501.4,-29501.4
RetailStandalone,task_const_e05,summer,RetailStandalone-2255,-437529.8,-437529.8
RetailStandalone,task_const_e05,summer,RetailStandalone-2264,-84315.3,-84315.3
RetailStandalone,task_const_e05,summer,RetailStandalone-2283,-184822.8,-184822.8
RetailStandalone,task_const_e05,summer,RetailStandalone-2289,-465236.0,-465236.0
RetailStandalone,task_const_e05,summer,RetailStandalone-2299,-27187.2,-27187.2
RetailStandalone,task_const_e05,summer,RetailStandalone-2312,-116290.9,-116290.9
RetailStandalone,task_const_e05,summer,RetailStandalone-2317,-422893.6,-422893.6
RetailStandalone,task_const_e05,summer,RetailStandalone-2322,-77693.0,-77693.0
RetailStandalone,task_const_e05,summer,RetailStandalone-2328,-33465.7,-33465.7
RetailStandalone,task_const_e05,summer,RetailStandalone-2335,-171410.7,-171410.7
RetailStandalone,task_const_e05,summer,RetailStandalone-2346,-129731.5,-129731.5
RetailStandalone,task_const_e05,summer,RetailStandalone-2378,-190281.7,-190281.7
RetailStandalone,task_const_e05,summer,RetailStandalone-2391,-53745.7,-53745.7
RetailStandalone,task_const_e05,summer,RetailStandalone-2399,-60249.1,-60249.1
RetailStandalone,task_const_e05,summer,RetailStandalone-2402,-72548.8,-72548.8
RetailStandalone,task_const_e05,summer,RetailStandalone-2403,-35965.1,-35965.1
RetailStandalone,task_const_e05,summer,RetailStandalone-2409,-334890.6,-334890.6
RetailStandalone,task_const_e05,summer,RetailStandalone-2413,-237257.2,-237257.2
RetailStandalone,task_const_e05,summer,RetailStandalone-2420,-333838.4,-333838.4
RetailStandalone,task_const_e05,summer,RetailStandalone-2436,-546273.2,-546273.2
RetailStandalone,task_const_e05,summer,RetailStandalone-2447,-375666.1,-375666.1
RetailStandalone,task_const_e05,summer,RetailStandalone-2470,-64124.4,-64124.4
RetailStandalone,task_const_e05,summer,RetailStandalone-2499,-68483.3,-68483.3
RetailStandalone,task_const_e05,summer,RetailStandalone-2513,-156418.7,-156418.7
RetailStandalone,task_const_e05,summer,RetailStandalone-2521,-246372.7,-246372.7
RetailStandalone,task_const_e05,summer,RetailStandalone-2524,-338380.2,-338380.2
RetailStandalone,task_const_e05,summer,RetailStandalone-2532,-537666.5,-537666.5
RetailStandalone,task_const_e05,summer,RetailStandalone-2545,-175390.5,-175390.5
RetailStandalone,task_const_e05,summer,RetailStandalone-2556,-90896.1,-90896.1
RetailStandalone,task_const_e05,summer,RetailStandalone-2563,-63921.6,-63921.6
RetailStandalone,task_const_e05,summer,RetailStandalone-2586,-846402.1,-846402.1
RetailStandalone,task_const_e05,summer,RetailStandalone-2607,-237784.4,-237784.4
RetailStandalone,task_const_e05,summer,RetailStandalone-2608,-62884.3,-62884.3
RetailStandalone,task_const_e05,summer,RetailStandalone-2626,-101687.3,-101687.3
RetailStandalone,task_const_e05,summer,RetailStandalone-2627,-87990.4,-87990.4
RetailStandalone,task_const_e05,summer,RetailStandalone-2628,-107746.6,-107746.6
RetailStandalone,task_const_e05,summer,RetailStandalone-2677,-39649.6,-39649.6
RetailStandalone,task_const_e05,summer,RetailStandalone-2678,-126132.2,-126132.2
RetailStandalone,task_const_e05,summer,RetailStandalone-2681,-68503.5,-68503.5
RetailStandalone,task_const_e05,summer,RetailStandalone-2683,-460350.2,-460350.2
RetailStandalone,task_const_e05,summer,RetailStandalone-2697,-27153.8,-27153.8
RetailStandalone,task_const_e05,summer,RetailStandalone-2715,-273959.9,-273959.9
RetailStandalone,task_const_e05,summer,RetailStandalone-2717,-67083.2,-67083.2
RetailStandalone,task_const_e05,summer,RetailStandalone-2718,-393084.0,-393084.0
RetailStandalone,task_const_e05,summer,RetailStandalone-2738,-83200.9,-83200.9
RetailStandalone,task_const_e05,summer,RetailStandalone-2743,-88579.4,-88579.4
RetailStandalone,task_const_e05,summer,RetailStandalone-2751,-54978.9,-54978.9
RetailStandalone,task_const_e05,summer,RetailStandalone-2774,-218561.6,-218561.6
RetailStandalone,task_const_e05,summer,RetailStandalone-2783,-89474.6,-89474.6
RetailStandalone,task_const_e05,summer,RetailStandalone-2784,-159352.7,-159352.7
RetailStandalone,task_const_e05,summer,RetailStandalone-2788,-227336.4,-227336.4
RetailStandalone,task_const_e05,summer,RetailStandalone-2791,-92370.8,-92370.8
RetailStandalone,task_const_e05,summer,RetailStandalone-2795,-344214.8,-344214.8
RetailStandalone,task_const_e05,summer,RetailStandalone-2813,-137060.9,-137060.9
RetailStandalone,task_const_e05,summer,RetailStandalone-2814,-61636.1,-61636.1
RetailStandalone,task_const_e05,summer,RetailStandalone-2830,-294149.6,-294149.6
RetailStandalone,task_const_e05,summer,RetailStandalone-2837,-142025.7,-142025.7
RetailStandalone,task_const_e05,summer,RetailStandalone-2845,-254504.6,-254504.6
RetailStandalone,task_const_e05,summer,RetailStandalone-2850,-208407.5,-208407.5
RetailStandalone,task_const_e05,summer,RetailStandalone-2853,-160716.8,-160716.8
RetailStandalone,task_const_e05,summer,RetailStandalone-2865,-465649.0,-465649.0
RetailStandalone,task_const_e05,summer,RetailStandalone-2871,-127966.7,-127966.7
RetailStandalone,task_const_e05,summer,RetailStandalone-2872,-69705.6,-69705.6
RetailStandalone,task_const_e05,summer,RetailStandalone-2877,-59212.0,-59212.0
RetailStandalone,task_const_e05,summer,RetailStandalone-2883,-264846.2,-264846.2
RetailStandalone,task_const_e05,summer,RetailStandalone-2886,-251611.4,-251611.4
RetailStandalone,task_const_e05,summer,RetailStandalone-2902,-81444.6,-81444.6
RetailStandalone,task_const_e05,summer,RetailStandalone-2905,-102412.1,-102412.1
RetailStandalone,task_const_e05,summer,RetailStandalone-2906,-182997.6,-182997.6
RetailStandalone,task_const_e05,summer,RetailStandalone-2911,-52694.1,-52694.1
RetailStandalone,task_const_e05,summer,RetailStandalone-2921,-93088.6,-93088.6
RetailStandalone,task_const_e05,summer,RetailStandalone-2929,-417688.6,-417688.6
RetailStandalone,task_const_e05,summer,RetailStandalone-2952,-87433.2,-87433.2
RetailStandalone,task_const_e05,summer,RetailStandalone-2959,-90877.7,-90877.7
RetailStandalone,task_const_e05,summer,RetailStandalone-2991,-137216.4,-137216.4
RetailStandalone,task_const_e05,summer,RetailStandalone-2997,-129090.9,-129090.9
RetailStandalone,task_const_e05,summer,RetailStandalone-2998,-105627.9,-105627.9
RetailStandalone,task_const_e05,summer,RetailStandalone-2999,-84905.1,-84905.1
RetailStandalone,task_const_e05,summer,RetailStandalone-3000,-78110.0,-78110.0
RetailStandalone,task_const_e05,winter,RetailStandalone-2035,-76973.1,-76973.1
RetailStandalone,task_const_e05,winter,RetailStandalone-2046,-37007.3,-37007.3
RetailStandalone,task_const_e05,winter,RetailStandalone-2052,-42798.1,-42798.1
RetailStandalone,task_const_e05,winter,RetailStandalone-2056,-71892.4,-71892.4
RetailStandalone,task_const_e05,winter,RetailStandalone-2067,-141207.8,-141207.8
RetailStandalone,task_const_e05,winter,RetailStandalone-2075,-94664.6,-94664.6
RetailStandalone,task_const_e05,winter,RetailStandalone-2090,-45402.8,-45402.8
RetailStandalone,task_const_e05,winter,RetailStandalone-2091,-46772.0,-46772.0
RetailStandalone,task_const_e05,winter,RetailStandalone-2105,-84250.4,-84250.4
RetailStandalone,task_const_e05,winter,RetailStandalone-2113,-51205.1,-51205.1
RetailStandalone,task_const_e05,winter,RetailStandalone-2128,-80042.7,-80042.7
RetailStandalone,task_const_e05,winter,RetailStandalone-2131,-62602.1,-62602.1
RetailStandalone,task_const_e05,winter,RetailStandalone-2143,-26186.4,-26186.4
RetailStandalone,task_const_e05,winter,RetailStandalone-2151,-31584.5,-31584.5
RetailStandalone,task_const_e05,winter,RetailStandalone-2157,-29062.8,-29062.8
RetailStandalone,task_const_e05,winter,RetailStandalone-2168,-104505.9,-104505.9
RetailStandalone,task_const_e05,winter,RetailStandalone-2207,-78658.8,-78658.8
RetailStandalone,task_const_e05,winter,RetailStandalone-2219,-31189.4,-31189.4
RetailStandalone,task_const_e05,winter,RetailStandalone-2224,-76303.8,-76303.8
RetailStandalone,task_const_e05,winter,RetailStandalone-2240,-28103.7,-28103.7
RetailStandalone,task_const_e05,winter,RetailStandalone-2241,-71246.3,-71246.3
RetailStandalone,task_const_e05,winter,RetailStandalone-2255,-62009.6,-62009.6
RetailStandalone,task_const_e05,winter,RetailStandalone-2264,-105640.0,-105640.0
RetailStandalone,task_const_e05,winter,RetailStandalone-2283,-127259.9,-127259.9
RetailStandalone,task_const_e05,winter,RetailStandalone-2289,-90502.6,-90502.6
RetailStandalone,task_const_e05,winter,RetailStandalone-2299,-62016.2,-62016.2
RetailStandalone,task_const_e05,winter,RetailStandalone-2312,-63131.0,-63131.0
RetailStandalone,task_const_e05,winter,RetailStandalone-2317,-26628.2,-26628.2
RetailStandalone,task_const_e05,winter,RetailStandalone-2322,-67780.1,-67780.1
RetailStandalone,task_const_e05,winter,RetailStandalone-2328,-67602.5,-67602.5
RetailStandalone,task_const_e05,winter,RetailStandalone-2335,-51905.8,-51905.8
RetailStandalone,task_const_e05,winter,RetailStandalone-2346,-87922.5,-87922.5
RetailStandalone,task_const_e05,winter,RetailStandalone-2378,-102354.4,-102354.4
RetailStandalone,task_const_e05,winter,RetailStandalone-2391,-127946.6,-127946.6
RetailStandalone,task_const_e05,winter,RetailStandalone-2399,-141749.3,-141749.3
RetailStandalone,task_const_e05,winter,RetailStandalone-2402,-30756.8,-30756.8
RetailStandalone,task_const_e05,winter,RetailStandalone-2403,-88110.5,-88110.5
RetailStandalone,task_const_e05,winter,RetailStandalone-2409,-62715.7,-62715.7
RetailStandalone,task_const_e05,winter,RetailStandalone-2413,-111058.0,-111058.0
RetailStandalone,task_const_e05,winter,RetailStandalone-2420,-79992.6,-79992.6
RetailStandalone,task_const_e05,winter,RetailStandalone-2436,-26056.8,-26056.8
RetailStandalone,task_const_e05,winter,RetailStandalone-2447,-43315.2,-43315.2
RetailStandalone,task_const_e05,winter,RetailStandalone-2470,-38536.2,-38536.2
RetailStandalone,task_const_e05,winter,RetailStandalone-2499,-29902.8,-29902.8
RetailStandalone,task_const_e05,winter,RetailStandalone-2513,-85370.4,-85370.4
RetailStandalone,task_const_e05,winter,RetailStandalone-2521,-174927.6,-174927.6
RetailStandalone,task_const_e05,winter,RetailStandalone-2524,-36079.0,-36079.0
RetailStandalone,task_const_e05,winter,RetailStandalone-2532,-83235.6,-83235.6
RetailStandalone,task_const_e05,winter,RetailStandalone-2545,-116206.5,-116206.5
RetailStandalone,task_const_e05,winter,RetailStandalone-2556,-33744.6,-33744.6
RetailStandalone,task_const_e05,winter,RetailStandalone-2563,-37734.6,-37734.6
RetailStandalone,task_const_e05,winter,RetailStandalone-2586,-25524.7,-25524.7
RetailStandalone,task_const_e05,winter,RetailStandalone-2607,-159659.0,-159659.0
RetailStandalone,task_const_e05,winter,RetailStandalone-2608,-35291.3,-35291.3
RetailStandalone,task_const_e05,winter,RetailStandalone-2626,-30012.7,-30012.7
RetailStandalone,task_const_e05,winter,RetailStandalone-2627,-42267.3,-42267.3
RetailStandalone,task_const_e05,winter,RetailStandalone-2628,-58227.1,-58227.1
RetailStandalone,task_const_e05,winter,RetailStandalone-2677,-101685.0,-101685.0
RetailStandalone,task_const_e05,winter,RetailStandalone-2678,-36489.8,-36489.8
RetailStandalone,task_const_e05,winter,RetailStandalone-2681,-31008.5,-31008.5
RetailStandalone,task_const_e05,winter,RetailStandalone-2683,-33039.3,-33039.3
RetailStandalone,task_const_e05,winter,RetailStandalone-2697,-66989.8,-66989.8
RetailStandalone,task_const_e05,winter,RetailStandalone-2715,-172472.0,-172472.0
RetailStandalone,task_const_e05,winter,RetailStandalone-2717,-73849.8,-73849.8
RetailStandalone,task_const_e05,winter,RetailStandalone-2718,-68842.3,-68842.3
RetailStandalone,task_const_e05,winter,RetailStandalone-2738,-98509.5,-98509.5
RetailStandalone,task_const_e05,winter,RetailStandalone-2743,-126531.6,-126531.6
RetailStandalone,task_const_e05,winter,RetailStandalone-2751,-119086.3,-119086.3
RetailStandalone,task_const_e05,winter,RetailStandalone-2774,-78329.8,-78329.8
RetailStandalone,task_const_e05,winter,RetailStandalone-2783,-89083.8,-89083.8
RetailStandalone,task_const_e05,winter,RetailStandalone-2784,-107459.5,-107459.5
RetailStandalone,task_const_e05,winter,RetailStandalone-2788,-122340.1,-122340.1
RetailStandalone,task_const_e05,winter,RetailStandalone-2791,-110008.6,-110008.6
RetailStandalone,task_const_e05,winter,RetailStandalone-2795,-26891.5,-26891.5
RetailStandalone,task_const_e05,winter,RetailStandalone-2813,-89787.3,-89787.3
RetailStandalone,task_const_e05,winter,RetailStandalone-2814,-29612.2,-29612.2
RetailStandalone,task_const_e05,winter,RetailStandalone-2830,-103177.9,-103177.9
RetailStandalone,task_const_e05,winter,RetailStandalone-2837,-43417.6,-43417.6
RetailStandalone,task_const_e05,winter,RetailStandalone-2845,-41194.5,-41194.5
RetailStandalone,task_const_e05,winter,RetailStandalone-2850,-95264.7,-95264.7
RetailStandalone,task_const_e05,winter,RetailStandalone-2853,-127791.5,-127791.5
RetailStandalone,task_const_e05,winter,RetailStandalone-2865,-53890.9,-53890.9
RetailStandalone,task_const_e05,winter,RetailStandalone-2871,-75654.7,-75654.7
RetailStandalone,task_const_e05,winter,RetailStandalone-2872,-34341.7,-34341.7
RetailStandalone,task_const_e05,winter,RetailStandalone-2877,-128971.6,-128971.6
RetailStandalone,task_const_e05,winter,RetailStandalone-2883,-61394.3,-61394.3
RetailStandalone,task_const_e05,winter,RetailStandalone-2886,-127240.0,-127240.0
RetailStandalone,task_const_e05,winter,RetailStandalone-2902,-31342.4,-31342.4
RetailStandalone,task_const_e05,winter,RetailStandalone-2905,-106052.1,-106052.1
RetailStandalone,task_const_e05,winter,RetailStandalone-2906,-91641.9,-91641.9
RetailStandalone,task_const_e05,winter,RetailStandalone-2911,-27332.1,-27332.1
RetailStandalone,task_const_e05,winter,RetailStandalone-2921,-33607.8,-33607.8
RetailStandalone,task_const_e05,winter,RetailStandalone-2929,-52918.1,-52918.1
RetailStandalone,task_const_e05,winter,RetailStandalone-2952,-44533.4,-44533.4
RetailStandalone,task_const_e05,winter,RetailStandalone-2959,-41428.9,-41428.9
RetailStandalone,task_const_e05,winter,RetailStandalone-2991,-129657.8,-129657.8
RetailStandalone,task_const_e05,winter,RetailStandalone-2997,-119177.8,-119177.8
RetailStandalone,task_const_e05,winter,RetailStandalone-2998,-62772.8,-62772.8
RetailStandalone,task_const_e05,winter,RetailStandalone-2999,-121883.0,-121883.0
RetailStandalone,task_const_e05,winter,RetailStandalone-3000,-42876.0,-42876.0
RetailStandalone,task_occ_e0,full_year,RetailStandalone-2035,-3596.9,-3596.9
RetailStandalone,task_occ_e0,full_year,RetailStandalone-2046,-3504.9,-3504.9
RetailStandalone,task_occ_e0,full_year,RetailStandalone-2052,-2870.3,-2870.3
RetailStandalone,task_occ_e0,full_year,RetailStandalone-2056,-3519.3,-3519.3
RetailStandalone,task_occ_e0,full_year,RetailStandalone-2067,-3980.4,-3980.4
RetailStandalone,task_occ_e0,full_year,RetailStandalone-2075,-4382.8,-4382.8
RetailStandalone,task_occ_e0,full_year,RetailStandalone-2090,-2074.7,-2074.7
RetailStandalone,task_occ_e0,full_year,RetailStandalone-2091,-2439.9,-2439.9
RetailStandalone,task_occ_e0,full_year,RetailStandalone-2105,-2557.8,-2557.8
RetailStandalone,task_occ_e0,full_year,RetailStandalone-2113,-2213.8,-2213.8
RetailStandalone,task_occ_e0,full_year,RetailStandalone-2128,-2552.0,-2552.0
RetailStandalone,task_occ_e0,full_year,RetailStandalone-2131,-4240.9,-4240.9
RetailStandalone,task_occ_e0,full_year,RetailStandalone-2143,-1906.0,-1906.0
RetailStandalone,task_occ_e0,full_year,RetailStandalone-2151,-1979.2,-1979.2
RetailStandalone,task_occ_e0,full_year,RetailStandalone-2157,-2351.2,-2351.2
RetailStandalone,task_occ_e0,full_year,RetailStandalone-2168,-5376.7,-5376.7
RetailStandalone,task_occ_e0,full_year,RetailStandalone-2207,-3933.1,-3933.1
RetailStandalone,task_occ_e0,full_year,RetailStandalone-2219,-1524.1,-1524.1
RetailStandalone,task_occ_e0,full_year,RetailStandalone-2224,-3566.4,-3566.4
RetailStandalone,task_occ_e0,full_year,RetailStandalone-2240,-2369.9,-2369.9
RetailStandalone,task_occ_e0,full_year,RetailStandalone-2241,-2879.6,-2879.6
RetailStandalone,task_occ_e0,full_year,RetailStandalone-2255,-3366.5,-3366.5
RetailStandalone,task_occ_e0,full_year,RetailStandalone-2264,-6266.1,-6266.1
RetailStandalone,task_occ_e0,full_year,RetailStandalone-2283,-3859.1,-3859.1
RetailStandalone,task_occ_e0,full_year,RetailStandalone-2289,-4736.0,-4736.0
RetailStandalone,task_occ_e0,full_year,RetailStandalone-2299,-2614.0,-2614.0
RetailStandalone,task_occ_e0,full_year,RetailStandalone-2312,-3199.2,-3199.2
RetailStandalone,task_occ_e0,full_year,RetailStandalone-2317,-1898.3,-1898.3
RetailStandalone,task_occ_e0,full_year,RetailStandalone-2322,-3037.6,-3037.6
RetailStandalone,task_occ_e0,full_year,RetailStandalone-2328,-2658.9,-2658.9
RetailStandalone,task_occ_e0,full_year,RetailStandalone-2335,-2879.6,-2879.6
RetailStandalone,task_occ_e0,full_year,RetailStandalone-2346,-3006.6,-3006.6
RetailStandalone,task_occ_e0,full_year,RetailStandalone-2378,-2890.3,-2890.3
RetailStandalone,task_occ_e0,full_year,RetailStandalone-2391,-4872.8,-4872.8
RetailStandalone,task_occ_e0,full_year,RetailStandalone-2399,-5144.9,-5144.9
RetailStandalone,task_occ_e0,full_year,RetailStandalone-2402,-2556.0,-2556.0
RetailStandalone,task_occ_e0,full_year,RetailStandalone-2403,-3364.0,-3364.0
RetailStandalone,task_occ_e0,full_year,RetailStandalone-2409,-3562.5,-3562.5
RetailStandalone,task_occ_e0,full_year,RetailStandalone-2413,-5496.0,-5496.0
RetailStandalone,task_occ_e0,full_year,RetailStandalone-2420,-3128.6,-3128.6
RetailStandalone,task_occ_e0,full_year,RetailStandalone-2436,-2146.5,-2146.5
RetailStandalone,task_occ_e0,full_year,RetailStandalone-2447,-1843.0,-1843.0
RetailStandalone,task_occ_e0,full_year,RetailStandalone-2470,-2372.4,-2372.4
RetailStandalone,task_occ_e0,full_year,RetailStandalone-2499,-2367.4,-2367.4
RetailStandalone,task_occ_e0,full_year,RetailStandalone-2513,-2694.9,-2694.9
RetailStandalone,task_occ_e0,full_year,RetailStandalone-2521,-4671.8,-4671.8
RetailStandalone,task_occ_e0,full_year,RetailStandalone-2524,-1966.7,-1966.7
RetailStandalone,task_occ_e0,full_year,RetailStandalone-2532,-4282.3,-4282.3
RetailStandalone,task_occ_e0,full_year,RetailStandalone-2545,-2947.0,-2947.0
RetailStandalone,task_occ_e0,full_year,RetailStandalone-2556,-1520.2,-1520.2
RetailStandalone,task_occ_e0,full_year,RetailStandalone-2563,-3778.2,-3778.2
RetailStandalone,task_occ_e0,full_year,RetailStandalone-2586,-2481.3,-2481.3
RetailStandalone,task_occ_e0,full_year,RetailStandalone-2607,-4345.7,-4345.7
RetailStandalone,task_occ_e0,full_year,RetailStandalone-2608,-3503.0,-3503.0
RetailStandalone,task_occ_e0,full_year,RetailStandalone-2626,-1454.2,-1454.2
RetailStandalone,task_occ_e0,full_year,RetailStandalone-2627,-2810.0,-2810.0
RetailStandalone,task_occ_e0,full_year,RetailStandalone-2628,-2847.0,-2847.0
RetailStandalone,task_occ_e0,full_year,RetailStandalone-2677,-4620.0,-4620.0
RetailStandalone,task_occ_e0,full_year,RetailStandalone-2678,-3218.4,-3218.4
RetailStandalone,task_occ_e0,full_year,RetailStandalone-2681,-2632.8,-2632.8
RetailStandalone,task_occ_e0,full_year,RetailStandalone-2683,-1787.3,-1787.3
RetailStandalone,task_occ_e0,full_year,RetailStandalone-2697,-2977.8,-2977.8
RetailStandalone,task_occ_e0,full_year,RetailStandalone-2715,-4453.9,-4453.9
RetailStandalone,task_occ_e0,full_year,RetailStandalone-2717,-3121.2,-3121.2
RetailStandalone,task_occ_e0,full_year,RetailStandalone-2718,-3737.2,-3737.2
RetailStandalone,task_occ_e0,full_year,RetailStandalone-2738,-5823.7,-5823.7
RetailStandalone,task_occ_e0,full_year,RetailStandalone-2743,-6031.8,-6031.8
RetailStandalone,task_occ_e0,full_year,RetailStandalone-2751,-5031.3,-5031.3
RetailStandalone,task_occ_e0,full_year,RetailStandalone-2774,-4168.2,-4168.2
RetailStandalone,task_occ_e0,full_year,RetailStandalone-2783,-6317.2,-6317.2
RetailStandalone,task_occ_e0,full_year,RetailStandalone-2784,-3200.7,-3200.7
RetailStandalone,task_occ_e0,full_year,RetailStandalone-2788,-3315.0,-3315.0
RetailStandalone,task_occ_e0,full_year,RetailStandalone-2791,-6247.4,-6247.4
RetailStandalone,task_occ_e0,full_year,RetailStandalone-2795,-2013.2,-2013.2
RetailStandalone,task_occ_e0,full_year,RetailStandalone-2813,-2885.9,-2885.9
RetailStandalone,task_occ_e0,full_year,RetailStandalone-2814,-2110.5,-2110.5
RetailStandalone,task_occ_e0,full_year,RetailStandalone-2830,-3111.2,-3111.2
RetailStandalone,task_occ_e0,full_year,RetailStandalone-2837,-3164.8,-3164.8
RetailStandalone,task_occ_e0,full_year,RetailStandalone-2845,-1652.1,-1652.1
RetailStandalone,task_occ_e0,full_year,RetailStandalone-2850,-3053.4,-3053.4
RetailStandalone,task_occ_e0,full_year,RetailStandalone-2853,-3933.5,-3933.5
RetailStandalone,task_occ_e0,full_year,RetailStandalone-2865,-3307.5,-3307.5
RetailStandalone,task_occ_e0,full_year,RetailStandalone-2871,-2459.9,-2459.9
RetailStandalone,task_occ_e0,full_year,RetailStandalone-2872,-2775.8,-2775.8
RetailStandalone,task_occ_e0,full_year,RetailStandalone-2877,-5085.6,-5085.6
RetailStandalone,task_occ_e0,full_year,RetailStandalone-2883,-2692.3,-2692.3
RetailStandalone,task_occ_e0,full_year,RetailStandalone-2886,-3602.2,-3602.2
RetailStandalone,task_occ_e0,full_year,RetailStandalone-2902,-1317.0,-1317.0
RetailStandalone,task_occ_e0,full_year,RetailStandalone-2905,-3895.8,-3895.8
RetailStandalone,task_occ_e0,full_year,RetailStandalone-2906,-4474.7,-4474.7
RetailStandalone,task_occ_e0,full_year,RetailStandalone-2911,-1486.4,-1486.4
RetailStandalone,task_occ_e0,full_year,RetailStandalone-2921,-1405.0,-1405.0
RetailStandalone,task_occ_e0,full_year,RetailStandalone-2929,-2481.6,-2481.6
RetailStandalone,task_occ_e0,full_year,RetailStandalone-2952,-4244.7,-4244.7
RetailStandalone,task_occ_e0,full_year,RetailStandalone-2959,-2852.4,-2852.4
RetailStandalone,task_occ_e0,full_year,RetailStandalone-2991,-3928.4,-3928.4
RetailStandalone,task_occ_e0,full_year,RetailStandalone-2997,-3479.0,-3479.0
RetailStandalone,task_occ_e0,full_year,RetailStandalone-2998,-3025.4,-3025.4
RetailStandalone,task_occ_e0,full_year,RetailStandalone-2999,-6459.4,-6459.4
RetailStandalone,task_occ_e0,full_year,RetailStandalone-3000,-3014.2,-3014.2
RetailStandalone,task_occ_e0,summer,RetailStandalone-2035,-1663.5,-1663.5
RetailStandalone,task_occ_e0,summer,RetailStandalone-2046,-1930.8,-1930.8
RetailStandalone,task_occ_e0,summer,RetailStandalone-2052,-15393.8,-15393.8
RetailStandalone,task_occ_e0,summer,RetailStandalone-2056,-1954.1,-1954.1
RetailStandalone,task_occ_e0,summer,RetailStandalone-2067,-2765.8,-2765.8
RetailStandalone,task_occ_e0,summer,RetailStandalone-2075,-1462.7,-1462.7
RetailStandalone,task_occ_e0,summer,RetailStandalone-2090,-2556.2,-2556.2
RetailStandalone,task_occ_e0,summer,RetailStandalone-2091,-4009.5,-4009.5
RetailStandalone,task_occ_e0,summer,RetailStandalone-2105,-1972.2,-1972.2
RetailStandalone,task_occ_e0,summer,RetailStandalone-2113,-2304.2,-2304.2
RetailStandalone,task_occ_e0,summer,RetailStandalone-2128,-4193.7,-4193.7
RetailStandalone,task_occ_e0,summer,RetailStandalone-2131,-5458.7,-5458.7
RetailStandalone,task_occ_e0,summer,RetailStandalone-2143,-11249.3,-11249.3
RetailStandalone,task_occ_e0,summer,RetailStandalone-2151,-1942.3,-1942.3
RetailStandalone,task_occ_e0,summer,RetailStandalone-2157,-1627.2,-1627.2
RetailStandalone,task_occ_e0,summer,RetailStandalone-2168,-1899.7,-1899.7
RetailStandalone,task_occ_e0,summer,RetailStandalone-2207,-3849.4,-3849.4
RetailStandalone,task_occ_e0,summer,RetailStandalone-2219,-2000.0,-2000.0
RetailStandalone,task_occ_e0,summer,RetailStandalone-2224,-1720.5,-1720.5
RetailStandalone,task_occ_e0,summer,RetailStandalone-2240,-9463.3,-9463.3
RetailStandalone,task_occ_e0,summer,RetailStandalone-2241,-2437.7,-2437.7
RetailStandalone,task_occ_e0,summer,RetailStandalone-2255,-5824.6,-5824.6
RetailStandalone,task_occ_e0,summer,RetailStandalone-2264,-2422.0,-2422.0
RetailStandalone,task_occ_e0,summer,RetailStandalone-2283,-7455.1,-7455.1
RetailStandalone,task_occ_e0,summer,RetailStandalone-2289,-9735.7,-9735.7
RetailStandalone,task_occ_e0,summer,RetailStandalone-2299,-889.3,-889.3
RetailStandalone,task_occ_e0,summer,RetailStandalone-2312,-3444.2,-3444.2
RetailStandalone,task_occ_e0,summer,RetailStandalone-2317,-7034.2,-7034.2
RetailStandalone,task_occ_e0,summer,RetailStandalone-2322,-1912.1,-1912.1
RetailStandalone,task_occ_e0,summer,RetailStandalone-2328,-2727.1,-2727.1
RetailStandalone,task_occ_e0,summer,RetailStandalone-2335,-4395.9,-4395.9
RetailStandalone,task_occ_e0,summer,RetailStandalone-2346,-2270.3,-2270.3
RetailStandalone,task_occ_e0,summer,RetailStandalone-2378,-3576.3,-3576.3
RetailStandalone,task_occ_e0,summer,RetailStandalone-2391,-1300.3,-1300.3
RetailStandalone,task_occ_e0,summer,RetailStandalone-2399,-1409.1,-1409.1
RetailStandalone,task_occ_e0,summer,RetailStandalone-2402,-1610.8,-1610.8
RetailStandalone,task_occ_e0,summer,RetailStandalone-2403,-766.9,-766.9
RetailStandalone,task_occ_e0,summer,RetailStandalone-2409,-5710.9,-5710.9
RetailStandalone,task_occ_e0,summer,RetailStandalone-2413,-10379.6,-10379.6
RetailStandalone,task_occ_e0,summer,RetailStandalone-2420,-7692.1,-7692.1
RetailStandalone,task_occ_e0,summer,RetailStandalone-2436,-8036.8,-8036.8
RetailStandalone,task_occ_e0,summer,RetailStandalone-2447,-2499.7,-2499.7
RetailStandalone,task_occ_e0,summer,RetailStandalone-2470,-2044.6,-2044.6
RetailStandalone,task_occ_e0,summer,RetailStandalone-2499,-1530.5,-1530.5
RetailStandalone,task_occ_e0,summer,RetailStandalone-2513,-3043.8,-3043.8
RetailStandalone,task_occ_e0,summer,RetailStandalone-2521,-5911.2,-5911.2
RetailStandalone,task_occ_e0,summer,RetailStandalone-2524,-5209.1,-5209.1
RetailStandalone,task_occ_e0,summer,RetailStandalone-2532,-6457.1,-6457.1
RetailStandalone,task_occ_e0,summer,RetailStandalone-2545,-2853.8,-2853.8
RetailStandalone,task_occ_e0,summer,RetailStandalone-2556,-1742.1,-1742.1
RetailStandalone,task_occ_e0,summer,RetailStandalone-2563,-1873.7,-1873.7
RetailStandalone,task_occ_e0,summer,RetailStandalone-2586,-11416.8,-11416.8
RetailStandalone,task_occ_e0,summer,RetailStandalone-2607,-5052.1,-5052.1
RetailStandalone,task_occ_e0,summer,RetailStandalone-2608,-1947.7,-1947.7
RetailStandalone,task_occ_e0,summer,RetailStandalone-2626,-2093.1,-2093.1
RetailStandalone,task_occ_e0,summer,RetailStandalone-2627,-2345.9,-2345.9
RetailStandalone,task_occ_e0,summer,RetailStandalone-2628,-1806.6,-1806.6
RetailStandalone,task_occ_e0,summer,RetailStandalone-2677,-1472.2,-1472.2
RetailStandalone,task_occ_e0,summer,RetailStandalone-2678,-3523.8,-3523.8
RetailStandalone,task_occ_e0,summer,RetailStandalone-2681,-1663.5,-1663.5
RetailStandalone,task_occ_e0,summer,RetailStandalone-2683,-5257.4,-5257.4
RetailStandalone,task_occ_e0,summer,RetailStandalone-2697,-1924.3,-1924.3
RetailStandalone,task_occ_e0,summer,RetailStandalone-2715,-5063.3,-5063.3
RetailStandalone,task_occ_e0,summer,RetailStandalone-2717,-1587.3,-1587.3
RetailStandalone,task_occ_e0,summer,RetailStandalone-2718,-5769.5,-5769.5
RetailStandalone,task_occ_e0,summer,RetailStandalone-2738,-2253.6,-2253.6
RetailStandalone,task_occ_e0,summer,RetailStandalone-2743,-1997.1,-1997.1
RetailStandalone,task_occ_e0,summer,RetailStandalone-2751,-1523.8,-1523.8
RetailStandalone,task_occ_e0,summer,RetailStandalone-2774,-4783.9,-4783.9
RetailStandalone,task_occ_e0,summer,RetailStandalone-2783,-2957.3,-2957.3
RetailStandalone,task_occ_e0,summer,RetailStandalone-2784,-3358.7,-3358.7
RetailStandalone,task_occ_e0,summer,RetailStandalone-2788,-7116.7,-7116.7
RetailStandalone,task_occ_e0,summer,RetailStandalone-2791,-2316.9,-2316.9
RetailStandalone,task_occ_e0,summer,RetailStandalone-2795,-7134.3,-7134.3
RetailStandalone,task_occ_e0,summer,RetailStandalone-2813,-2363.9,-2363.9
RetailStandalone,task_occ_e0,summer,RetailStandalone-2814,-1599.9,-1599.9
RetailStandalone,task_occ_e0,summer,RetailStandalone-2830,-6382.7,-6382.7
RetailStandalone,task_occ_e0,summer,RetailStandalone-2837,-2198.6,-2198.6
RetailStandalone,task_occ_e0,summer,RetailStandalone-2845,-1864.1,-1864.1
RetailStandalone,task_occ_e0,summer,RetailStandalone-2850,-8669.9,-8669.9
RetailStandalone,task_occ_e0,summer,RetailStandalone-2853,-3605.8,-3605.8
RetailStandalone,task_occ_e0,summer,RetailStandalone-2865,-14365.9,-14365.9
RetailStandalone,task_occ_e0,summer,RetailStandalone-2871,-2331.3,-2331.3
RetailStandalone,task_occ_e0,summer,RetailStandalone-2872,-2277.5,-2277.5
RetailStandalone,task_occ_e0,summer,RetailStandalone-2877,-1262.8,-1262.8
RetailStandalone,task_occ_e0,summer,RetailStandalone-2883,-2043.3,-2043.3
RetailStandalone,task_occ_e0,summer,RetailStandalone-2886,-5353.6,-5353.6
RetailStandalone,task_occ_e0,summer,RetailStandalone-2902,-1602.5,-1602.5
RetailStandalone,task_occ_e0,summer,RetailStandalone-2905,-1313.2,-1313.2
RetailStandalone,task_occ_e0,summer,RetailStandalone-2906,-3069.2,-3069.2
RetailStandalone,task_occ_e0,summer,RetailStandalone-2911,-1603.7,-1603.7
RetailStandalone,task_occ_e0,summer,RetailStandalone-2921,-2126.2,-2126.2
RetailStandalone,task_occ_e0,summer,RetailStandalone-2929,-2660.4,-2660.4
RetailStandalone,task_occ_e0,summer,RetailStandalone-2952,-1923.4,-1923.4
RetailStandalone,task_occ_e0,summer,RetailStandalone-2959,-2122.6,-2122.6
RetailStandalone,task_occ_e0,summer,RetailStandalone-2991,-5346.1,-5346.1
RetailStandalone,task_occ_e0,summer,RetailStandalone-2997,-4028.6,-4028.6
RetailStandalone,task_occ_e0,summer,RetailStandalone-2998,-2034.2,-2034.2
RetailStandalone,task_occ_e0,summer,RetailStandalone-2999,-2294.0,-2294.0
RetailStandalone,task_occ_e0,summer,RetailStandalone-3000,-1901.9,-1901.9
RetailStandalone,task_occ_e0,winter,RetailStandalone-2035,-1486.2,-1486.2
RetailStandalone,task_occ_e0,winter,RetailStandalone-2046,-537.5,-537.5
RetailStandalone,task_occ_e0,winter,RetailStandalone-2052,-568.4,-568.4
RetailStandalone,task_occ_e0,winter,RetailStandalone-2056,-1153.7,-1153.7
RetailStandalone,task_occ_e0,winter,RetailStandalone-2067,-1822.3,-1822.3
RetailStandalone,task_occ_e0,winter,RetailStandalone-2075,-1181.4,-1181.4
RetailStandalone,task_occ_e0,winter,RetailStandalone-2090,-459.0,-459.0
RetailStandalone,task_occ_e0,winter,RetailStandalone-2091,-473.1,-473.1
RetailStandalone,task_occ_e0,winter,RetailStandalone-2105,-927.8,-927.8
RetailStandalone,task_occ_e0,winter,RetailStandalone-2113,-786.3,-786.3
RetailStandalone,task_occ_e0,winter,RetailStandalone-2128,-1040.7,-1040.7
RetailStandalone,task_occ_e0,winter,RetailStandalone-2131,-784.5,-784.5
RetailStandalone,task_occ_e0,winter,RetailStandalone-2143,-318.2,-318.2
RetailStandalone,task_occ_e0,winter,RetailStandalone-2151,-376.4,-376.4
RetailStandalone,task_occ_e0,winter,RetailStandalone-2157,-345.2,-345.2
RetailStandalone,task_occ_e0,winter,RetailStandalone-2168,-1560.0,-1560.0
RetailStandalone,task_occ_e0,winter,RetailStandalone-2207,-1223.1,-1223.1
RetailStandalone,task_occ_e0,winter,RetailStandalone-2219,-436.0,-436.0
RetailStandalone,task_occ_e0,winter,RetailStandalone-2224,-1107.2,-1107.2
RetailStandalone,task_occ_e0,winter,RetailStandalone-2240,-306.8,-306.8
RetailStandalone,task_occ_e0,winter,RetailStandalone-2241,-1043.4,-1043.4
RetailStandalone,task_occ_e0,winter,RetailStandalone-2255,-635.1,-635.1
RetailStandalone,task_occ_e0,winter,RetailStandalone-2264,-1407.1,-1407.1
RetailStandalone,task_occ_e0,winter,RetailStandalone-2283,-1665.3,-1665.3
RetailStandalone,task_occ_e0,winter,RetailStandalone-2289,-1222.6,-1222.6
RetailStandalone,task_occ_e0,winter,RetailStandalone-2299,-883.1,-883.1
RetailStandalone,task_occ_e0,winter,RetailStandalone-2312,-722.8,-722.8
RetailStandalone,task_occ_e0,winter,RetailStandalone-2317,-310.9,-310.9
RetailStandalone,task_occ_e0,winter,RetailStandalone-2322,-947.7,-947.7
RetailStandalone,task_occ_e0,winter,RetailStandalone-2328,-965.9,-965.9
RetailStandalone,task_occ_e0,winter,RetailStandalone-2335,-637.2,-637.2
RetailStandalone,task_occ_e0,winter,RetailStandalone-2346,-1030.6,-1030.6
RetailStandalone,task_occ_e0,winter,RetailStandalone-2378,-1173.8,-1173.8
RetailStandalone,task_occ_e0,winter,RetailStandalone-2391,-1503.7,-1503.7
RetailStandalone,task_occ_e0,winter,RetailStandalone-2399,-1693.4,-1693.4
RetailStandalone,task_occ_e0,winter,RetailStandalone-2402,-340.4,-340.4
RetailStandalone,task_occ_e0,winter,RetailStandalone-2403,-1100.6,-1100.6
RetailStandalone,task_occ_e0,winter,RetailStandalone-2409,-775.9,-775.9
RetailStandalone,task_occ_e0,winter,RetailStandalone-2413,-1662.8,-1662.8
RetailStandalone,task_occ_e0,winter,RetailStandalone-2420,-1034.2,-1034.2
RetailStandalone,task_occ_e0,winter,RetailStandalone-2436,-304.7,-304.7
RetailStandalone,task_occ_e0,winter,RetailStandalone-2447,-424.2,-424.2
RetailStandalone,task_occ_e0,winter,RetailStandalone-2470,-378.6,-378.6
RetailStandalone,task_occ_e0,winter,RetailStandalone-2499,-349.2,-349.2
RetailStandalone,task_occ_e0,winter,RetailStandalone-2513,-965.3,-965.3
RetailStandalone,task_occ_e0,winter,RetailStandalone-2521,-2112.3,-2112.3
RetailStandalone,task_occ_e0,winter,RetailStandalone-2524,-374.6,-374.6
RetailStandalone,task_occ_e0,winter,RetailStandalone-2532,-952.5,-952.5
RetailStandalone,task_occ_e0,winter,RetailStandalone-2545,-1185.1,-1185.1
RetailStandalone,task_occ_e0,winter,RetailStandalone-2556,-402.5,-402.5
RetailStandalone,task_occ_e0,winter,RetailStandalone-2563,-545.2,-545.2
RetailStandalone,task_occ_e0,winter,RetailStandalone-2586,-318.1,-318.1
RetailStandalone,task_occ_e0,winter,RetailStandalone-2607,-1917.7,-1917.7
RetailStandalone,task_occ_e0,winter,RetailStandalone-2608,-482.8,-482.8
RetailStandalone,task_occ_e0,winter,RetailStandalone-2626,-441.4,-441.4
RetailStandalone,task_occ_e0,winter,RetailStandalone-2627,-408.8,-408.8
RetailStandalone,task_occ_e0,winter,RetailStandalone-2628,-860.4,-860.4
RetailStandalone,task_occ_e0,winter,RetailStandalone-2677,-1260.4,-1260.4
RetailStandalone,task_occ_e0,winter,RetailStandalone-2678,-504.5,-504.5
RetailStandalone,task_occ_e0,winter,RetailStandalone-2681,-345.4,-345.4
RetailStandalone,task_occ_e0,winter,RetailStandalone-2683,-357.6,-357.6
RetailStandalone,task_occ_e0,winter,RetailStandalone-2697,-1115.9,-1115.9
RetailStandalone,task_occ_e0,winter,RetailStandalone-2715,-1984.0,-1984.0
RetailStandalone,task_occ_e0,winter,RetailStandalone-2717,-794.0,-794.0
RetailStandalone,task_occ_e0,winter,RetailStandalone-2718,-660.6,-660.6
RetailStandalone,task_occ_e0,winter,RetailStandalone-2738,-1443.4,-1443.4
RetailStandalone,task_occ_e0,winter,RetailStandalone-2743,-1850.4,-1850.4
RetailStandalone,task_occ_e0,winter,RetailStandalone-2751,-1357.1,-1357.1
RetailStandalone,task_occ_e0,winter,RetailStandalone-2774,-984.2,-984.2
RetailStandalone,task_occ_e0,winter,RetailStandalone-2783,-1204.2,-1204.2
RetailStandalone,task_occ_e0,winter,RetailStandalone-2784,-1499.9,-1499.9
RetailStandalone,task_occ_e0,winter,RetailStandalone-2788,-1495.4,-1495.4
RetailStandalone,task_occ_e0,winter,RetailStandalone-2791,-1554.3,-1554.3
RetailStandalone,task_occ_e0,winter,RetailStandalone-2795,-301.3,-301.3
RetailStandalone,task_occ_e0,winter,RetailStandalone-2813,-1031.7,-1031.7
RetailStandalone,task_occ_e0,winter,RetailStandalone-2814,-330.7,-330.7
RetailStandalone,task_occ_e0,winter,RetailStandalone-2830,-1245.3,-1245.3
RetailStandalone,task_occ_e0,winter,RetailStandalone-2837,-436.8,-436.8
RetailStandalone,task_occ_e0,winter,RetailStandalone-2845,-392.2,-392.2
RetailStandalone,task_occ_e0,winter,RetailStandalone-2850,-1285.0,-1285.0
RetailStandalone,task_occ_e0,winter,RetailStandalone-2853,-2007.6,-2007.6
RetailStandalone,task_occ_e0,winter,RetailStandalone-2865,-642.7,-642.7
RetailStandalone,task_occ_e0,winter,RetailStandalone-2871,-867.5,-867.5
RetailStandalone,task_occ_e0,winter,RetailStandalone-2872,-490.6,-490.6
RetailStandalone,task_occ_e0,winter,RetailStandalone-2877,-1521.3,-1521.3
RetailStandalone,task_occ_e0,winter,RetailStandalone-2883,-615.8,-615.8
RetailStandalone,task_occ_e0,winter,RetailStandalone-2886,-1601.5,-1601.5
RetailStandalone,task_occ_e0,winter,RetailStandalone-2902,-403.4,-403.4
RetailStandalone,task_occ_e0,winter,RetailStandalone-2905,-1313.8,-1313.8
RetailStandalone,task_occ_e0,winter,RetailStandalone-2906,-1636.3,-1636.3
RetailStandalone,task_occ_e0,winter,RetailStandalone-2911,-324.9,-324.9
RetailStandalone,task_occ_e0,winter,RetailStandalone-2921,-460.0,-460.0
RetailStandalone,task_occ_e0,winter,RetailStandalone-2929,-568.8,-568.8
RetailStandalone,task_occ_e0,winter,RetailStandalone-2952,-908.0,-908.0
RetailStandalone,task_occ_e0,winter,RetailStandalone-2959,-403.1,-403.1
RetailStandalone,task_occ_e0,winter,RetailStandalone-2991,-2071.8,-2071.8
RetailStandalone,task_occ_e0,winter,RetailStandalone-2997,-1532.8,-1532.8
RetailStandalone,task_occ_e0,winter,RetailStandalone-2998,-930.6,-930.6
RetailStandalone,task_occ_e0,winter,RetailStandalone-2999,-1761.7,-1761.7
RetailStandalone,task_occ_e0,winter,RetailStandalone-3000,-407.8,-407.8
RetailStandalone,task_occ_e05,full_year,RetailStandalone-2035,-460229.2,-460229.2
RetailStandalone,task_occ_e05,full_year,RetailStandalone-2046,-329484.4,-329484.4
RetailStandalone,task_occ_e05,full_year,RetailStandalone-2052,-313138.0,-313138.0
RetailStandalone,task_occ_e05,full_year,RetailStandalone-2056,-386870.3,-386870.3
RetailStandalone,task_occ_e05,full_year,RetailStandalone-2067,-473544.7,-473544.7
RetailStandalone,task_occ_e05,full_year,RetailStandalone-2075,-466000.3,-466000.3
RetailStandalone,task_occ_e05,full_year,RetailStandalone-2090,-288060.1,-288060.1
RetailStandalone,task_occ_e05,full_year,RetailStandalone-2091,-328053.7,-328053.7
RetailStandalone,task_occ_e05,full_year,RetailStandalone-2105,-312251.2,-312251.2
RetailStandalone,task_occ_e05,full_year,RetailStandalone-2113,-231119.8,-231119.8
RetailStandalone,task_occ_e05,full_year,RetailStandalone-2128,-298129.4,-298129.4
RetailStandalone,task_occ_e05,full_year,RetailStandalone-2131,-460059.4,-460059.4
RetailStandalone,task_occ_e05,full_year,RetailStandalone-2143,-188997.3,-188997.3
RetailStandalone,task_occ_e05,full_year,RetailStandalone-2151,-227998.2,-227998.2
RetailStandalone,task_occ_e05,full_year,RetailStandalone-2157,-244667.4,-244667.4
RetailStandalone,task_occ_e05,full_year,RetailStandalone-2168,-582074.4,-582074.4
RetailStandalone,task_occ_e05,full_year,RetailStandalone-2207,-453857.9,-453857.9
RetailStandalone,task_occ_e05,full_year,RetailStandalone-2219,-164929.8,-164929.8
RetailStandalone,task_occ_e05,full_year,RetailStandalone-2224,-434678.7,-434678.7
RetailStandalone,task_occ_e05,full_year,RetailStandalone-2240,-240801.3,-240801.3
RetailStandalone,task_occ_e05,full_year,RetailStandalone-2241,-283546.6,-283546.6
RetailStandalone,task_occ_e05,full_year,RetailStandalone-2255,-459268.4,-459268.4
RetailStandalone,task_occ_e05,full_year,RetailStandalone-2264,-658754.4,-658754.4
RetailStandalone,task_occ_e05,full_year,RetailStandalone-2283,-425162.0,-425162.0
RetailStandalone,task_occ_e05,full_year,RetailStandalone-2289,-479421.9,-479421.9
RetailStandalone,task_occ_e05,full_year,RetailStandalone-2299,-281246.6,-281246.6
RetailStandalone,task_occ_e05,full_year,RetailStandalone-2312,-362503.1,-362503.1
RetailStandalone,task_occ_e05,full_year,RetailStandalone-2317,-198042.9,-198042.9
RetailStandalone,task_occ_e05,full_year,RetailStandalone-2322,-353302.9,-353302.9
RetailStandalone,task_occ_e05,full_year,RetailStandalone-2328,-267771.0,-267771.0
RetailStandalone,task_occ_e05,full_year,RetailStandalone-2335,-323273.7,-323273.7
RetailStandalone,task_occ_e05,full_year,RetailStandalone-2346,-330612.1,-330612.1
RetailStandalone,task_occ_e05,full_year,RetailStandalone-2378,-345379.4,-345379.4
RetailStandalone,task_occ_e05,full_year,RetailStandalone-2391,-565072.0,-565072.0
RetailStandalone,task_occ_e05,full_year,RetailStandalone-2399,-621923.6,-621923.6
RetailStandalone,task_occ_e05,full_year,RetailStandalone-2402,-275174.9,-275174.9
RetailStandalone,task_occ_e05,full_year,RetailStandalone-2403,-366245.4,-366245.4
RetailStandalone,task_occ_e05,full_year,RetailStandalone-2409,-419259.4,-419259.4
RetailStandalone,task_occ_e05,full_year,RetailStandalone-2413,-532996.4,-532996.4
RetailStandalone,task_occ_e05,full_year,RetailStandalone-2420,-332774.2,-332774.2
RetailStandalone,task_occ_e05,full_year,RetailStandalone-2436,-215043.1,-215043.1
RetailStandalone,task_occ_e05,full_year,RetailStandalone-2447,-264207.5,-264207.5
RetailStandalone,task_occ_e05,full_year,RetailStandalone-2470,-299442.0,-299442.0
RetailStandalone,task_occ_e05,full_year,RetailStandalone-2499,-250955.8,-250955.8
RetailStandalone,task_occ_e05,full_year,RetailStandalone-2513,-289712.7,-289712.7
RetailStandalone,task_occ_e05,full_year,RetailStandalone-2521,-484423.3,-484423.3
RetailStandalone,task_occ_e05,full_year,RetailStandalone-2524,-225963.7,-225963.7
RetailStandalone,task_occ_e05,full_year,RetailStandalone-2532,-569936.9,-569936.9
RetailStandalone,task_occ_e05,full_year,RetailStandalone-2545,-442896.8,-442896.8
RetailStandalone,task_occ_e05,full_year,RetailStandalone-2556,-188312.5,-188312.5
RetailStandalone,task_occ_e05,full_year,RetailStandalone-2563,-358533.0,-358533.0
RetailStandalone,task_occ_e05,full_year,RetailStandalone-2586,-233070.2,-233070.2
RetailStandalone,task_occ_e05,full_year,RetailStandalone-2607,-452516.6,-452516.6
RetailStandalone,task_occ_e05,full_year,RetailStandalone-2608,-323286.3,-323286.3
RetailStandalone,task_occ_e05,full_year,RetailStandalone-2626,-158037.8,-158037.8
RetailStandalone,task_occ_e05,full_year,RetailStandalone-2627,-348154.4,-348154.4
RetailStandalone,task_occ_e05,full_year,RetailStandalone-2628,-342699.1,-342699.1
RetailStandalone,task_occ_e05,full_year,RetailStandalone-2677,-493713.4,-493713.4
RetailStandalone,task_occ_e05,full_year,RetailStandalone-2678,-291494.8,-291494.8
RetailStandalone,task_occ_e05,full_year,RetailStandalone-2681,-281920.7,-281920.7
RetailStandalone,task_occ_e05,full_year,RetailStandalone-2683,-203320.2,-203320.2
RetailStandalone,task_occ_e05,full_year,RetailStandalone-2697,-297857.1,-297857.1
RetailStandalone,task_occ_e05,full_year,RetailStandalone-2715,-469924.9,-469924.9
RetailStandalone,task_occ_e05,full_year,RetailStandalone-2717,-369271.3,-369271.3
RetailStandalone,task_occ_e05,full_year,RetailStandalone-2718,-464635.2,-464635.2
RetailStandalone,task_occ_e05,full_year,RetailStandalone-2738,-608698.0,-608698.0
RetailStandalone,task_occ_e05,full_year,RetailStandalone-2743,-676639.9,-676639.9
RetailStandalone,task_occ_e05,full_year,RetailStandalone-2751,-575954.2,-575954.2
RetailStandalone,task_occ_e05,full_year,RetailStandalone-2774,-412300.2,-412300.2
RetailStandalone,task_occ_e05,full_year,RetailStandalone-2783,-649455.5,-649455.5
RetailStandalone,task_occ_e05,full_year,RetailStandalone-2784,-413532.8,-413532.8
RetailStandalone,task_occ_e05,full_year,RetailStandalone-2788,-354558.3,-354558.3
RetailStandalone,task_occ_e05,full_year,RetailStandalone-2791,-653954.5,-653954.5
RetailStandalone,task_occ_e05,full_year,RetailStandalone-2795,-211944.8,-211944.8
RetailStandalone,task_occ_e05,full_year,RetailStandalone-2813,-314849.6,-314849.6
RetailStandalone,task_occ_e05,full_year,RetailStandalone-2814,-231692.6,-231692.6
RetailStandalone,task_occ_e05,full_year,RetailStandalone-2830,-340222.8,-340222.8
RetailStandalone,task_occ_e05,full_year,RetailStandalone-2837,-459396.0,-459396.0
RetailStandalone,task_occ_e05,full_year,RetailStandalone-2845,-246081.0,-246081.0
RetailStandalone,task_occ_e05,full_year,RetailStandalone-2850,-343815.7,-343815.7
RetailStandalone,task_occ_e05,full_year,RetailStandalone-2853,-472489.5,-472489.5
RetailStandalone,task_occ_e05,full_year,RetailStandalone-2865,-353674.7,-353674.7
RetailStandalone,task_occ_e05,full_year,RetailStandalone-2871,-274052.5,-274052.5
RetailStandalone,task_occ_e05,full_year,RetailStandalone-2872,-257721.4,-257721.4
RetailStandalone,task_occ_e05,full_year,RetailStandalone-2877,-584369.7,-584369.7
RetailStandalone,task_occ_e05,full_year,RetailStandalone-2883,-372163.8,-372163.8
RetailStandalone,task_occ_e05,full_year,RetailStandalone-2886,-397730.8,-397730.8
RetailStandalone,task_occ_e05,full_year,RetailStandalone-2902,-160031.3,-160031.3
RetailStandalone,task_occ_e05,full_year,RetailStandalone-2905,-611825.2,-611825.2
RetailStandalone,task_occ_e05,full_year,RetailStandalone-2906,-523089.9,-523089.9
RetailStandalone,task_occ_e05,full_year,RetailStandalone-2911,-171226.4,-171226.4
RetailStandalone,task_occ_e05,full_year,RetailStandalone-2921,-161442.4,-161442.4
RetailStandalone,task_occ_e05,full_year,RetailStandalone-2929,-333354.1,-333354.1
RetailStandalone,task_occ_e05,full_year,RetailStandalone-2952,-392409.8,-392409.8
RetailStandalone,task_occ_e05,full_year,RetailStandalone-2959,-359180.8,-359180.8
RetailStandalone,task_occ_e05,full_year,RetailStandalone-2991,-444241.4,-444241.4
RetailStandalone,task_occ_e05,full_year,RetailStandalone-2997,-403392.4,-403392.4
RetailStandalone,task_occ_e05,full_year,RetailStandalone-2998,-342560.2,-342560.2
RetailStandalone,task_occ_e05,full_year,RetailStandalone-2999,-702924.9,-702924.9
RetailStandalone,task_occ_e05,full_year,RetailStandalone-3000,-379997.5,-379997.5
RetailStandalone,task_occ_e05,summer,RetailStandalone-2035,-155779.6,-155779.6
RetailStandalone,task_occ_e05,summer,RetailStandalone-2046,-125758.9,-125758.9
RetailStandalone,task_occ_e05,summer,RetailStandalone-2052,-1632472.4,-1632472.4
RetailStandalone,task_occ_e05,summer,RetailStandalone-2056,-157777.1,-157777.1
RetailStandalone,task_occ_e05,summer,RetailStandalone-2067,-186174.2,-186174.2
RetailStandalone,task_occ_e05,summer,RetailStandalone-2075,-92886.9,-92886.9
RetailStandalone,task_occ_e05,summer,RetailStandalone-2090,-367221.5,-367221.5
RetailStandalone,task_occ_e05,summer,RetailStandalone-2091,-563774.0,-563774.0
RetailStandalone,task_occ_e05,summer,RetailStandalone-2105,-180553.5,-180553.5
RetailStandalone,task_occ_e05,summer,RetailStandalone-2113,-194813.3,-194813.3
RetailStandalone,task_occ_e05,summer,RetailStandalone-2128,-454952.9,-454952.9
RetailStandalone,task_occ_e05,summer,RetailStandalone-2131,-332239.6,-332239.6
RetailStandalone,task_occ_e05,summer,RetailStandalone-2143,-666706.2,-666706.2
RetailStandalone,task_occ_e05,summer,RetailStandalone-2151,-123001.3,-123001.3
RetailStandalone,task_occ_e05,summer,RetailStandalone-2157,-116146.8,-116146.8
RetailStandalone,task_occ_e05,summer,RetailStandalone-2168,-121622.4,-121622.4
RetailStandalone,task_occ_e05,summer,RetailStandalone-2207,-297332.8,-297332.8
RetailStandalone,task_occ_e05,summer,RetailStandalone-2219,-121618.5,-121618.5
RetailStandalone,task_occ_e05,summer,RetailStandalone-2224,-153058.3,-153058.3
RetailStandalone,task_occ_e05,summer,RetailStandalone-2240,-568048.2,-568048.2
RetailStandalone,task_occ_e05,summer,RetailStandalone-2241,-202754.4,-202754.4
RetailStandalone,task_occ_e05,summer,RetailStandalone-2255,-638061.6,-638061.6
RetailStandalone,task_occ_e05,summer,RetailStandalone-2264,-149938.3,-149938.3
RetailStandalone,task_occ_e05,summer,RetailStandalone-2283,-455403.3,-455403.3
RetailStandalone,task_occ_e05,summer,RetailStandalone-2289,-1031186.9,-1031186.9
RetailStandalone,task_occ_e05,summer,RetailStandalone-2299,-83631.6,-83631.6
RetailStandalone,task_occ_e05,summer,RetailStandalone-2312,-213955.2,-213955.2
RetailStandalone,task_occ_e05,summer,RetailStandalone-2317,-423723.7,-423723.7
RetailStandalone,task_occ_e05,summer,RetailStandalone-2322,-124445.4,-124445.4
RetailStandalone,task_occ_e05,summer,RetailStandalone-2328,-227608.3,-227608.3
RetailStandalone,task_occ_e05,summer,RetailStandalone-2335,-269394.8,-269394.8
RetailStandalone,task_occ_e05,summer,RetailStandalone-2346,-198133.2,-198133.2
RetailStandalone,task_occ_e05,summer,RetailStandalone-2378,-391036.8,-391036.8
RetailStandalone,task_occ_e05,summer,RetailStandalone-2391,-95866.9,-95866.9
RetailStandalone,task_occ_e05,summer,RetailStandalone-2399,-103862.3,-103862.3
RetailStandalone,task_occ_e05,summer,RetailStandalone-2402,-126248.0,-126248.0
RetailStandalone,task_occ_e05,summer,RetailStandalone-2403,-79270.1,-79270.1
RetailStandalone,task_occ_e05,summer,RetailStandalone-2409,-617909.7,-617909.7
RetailStandalone,task_occ_e05,summer,RetailStandalone-2413,-846322.8,-846322.8
RetailStandalone,task_occ_e05,summer,RetailStandalone-2420,-818552.3,-818552.3
RetailStandalone,task_occ_e05,summer,RetailStandalone-2436,-481660.0,-481660.0
RetailStandalone,task_occ_e05,summer,RetailStandalone-2447,-358269.9,-358269.9
RetailStandalone,task_occ_e05,summer,RetailStandalone-2470,-169432.0,-169432.0
RetailStandalone,task_occ_e05,summer,RetailStandalone-2499,-109910.2,-109910.2
RetailStandalone,task_occ_e05,summer,RetailStandalone-2513,-256883.6,-256883.6
RetailStandalone,task_occ_e05,summer,RetailStandalone-2521,-493914.0,-493914.0
RetailStandalone,task_occ_e05,summer,RetailStandalone-2524,-365273.1,-365273.1
RetailStandalone,task_occ_e05,summer,RetailStandalone-2532,-707658.2,-707658.2
RetailStandalone,task_occ_e05,summer,RetailStandalone-2545,-320889.1,-320889.1
RetailStandalone,task_occ_e05,summer,RetailStandalone-2556,-110706.1,-110706.1
RetailStandalone,task_occ_e05,summer,RetailStandalone-2563,-122254.7,-122254.7
RetailStandalone,task_occ_e05,summer,RetailStandalone-2586,-674934.3,-674934.3
RetailStandalone,task_occ_e05,summer,RetailStandalone-2607,-423664.9,-423664.9
RetailStandalone,task_occ_e05,summer,RetailStandalone-2608,-125340.8,-125340.8
RetailStandalone,task_occ_e05,summer,RetailStandalone-2626,-121493.9,-121493.9
RetailStandalone,task_occ_e05,summer,RetailStandalone-2627,-192463.7,-192463.7
RetailStandalone,task_occ_e05,summer,RetailStandalone-2628,-151619.9,-151619.9
RetailStandalone,task_occ_e05,summer,RetailStandalone-2677,-94103.3,-94103.3
RetailStandalone,task_occ_e05,summer,RetailStandalone-2678,-210985.1,-210985.1
RetailStandalone,task_occ_e05,summer,RetailStandalone-2681,-129110.6,-129110.6
RetailStandalone,task_occ_e05,summer,RetailStandalone-2683,-368316.1,-368316.1
RetailStandalone,task_occ_e05,summer,RetailStandalone-2697,-162901.3,-162901.3
RetailStandalone,task_occ_e05,summer,RetailStandalone-2715,-426986.0,-426986.0
RetailStandalone,task_occ_e05,summer,RetailStandalone-2717,-105348.6,-105348.6
RetailStandalone,task_occ_e05,summer,RetailStandalone-2718,-628778.6,-628778.6
RetailStandalone,task_occ_e05,summer,RetailStandalone-2738,-139226.6,-139226.6
RetailStandalone,task_occ_e05,summer,RetailStandalone-2743,-133507.1,-133507.1
RetailStandalone,task_occ_e05,summer,RetailStandalone-2751,-106302.2,-106302.2
RetailStandalone,task_occ_e05,summer,RetailStandalone-2774,-394438.7,-394438.7
RetailStandalone,task_occ_e05,summer,RetailStandalone-2783,-179980.3,-179980.3
RetailStandalone,task_occ_e05,summer,RetailStandalone-2784,-222339.4,-222339.4
RetailStandalone,task_occ_e05,summer,RetailStandalone-2788,-588337.7,-588337.7
RetailStandalone,task_occ_e05,summer,RetailStandalone-2791,-143181.9,-143181.9
RetailStandalone,task_occ_e05,summer,RetailStandalone-2795,-433086.2,-433086.2
RetailStandalone,task_occ_e05,summer,RetailStandalone-2813,-204174.1,-204174.1
RetailStandalone,task_occ_e05,summer,RetailStandalone-2814,-118607.9,-118607.9
RetailStandalone,task_occ_e05,summer,RetailStandalone-2830,-683993.4,-683993.4
RetailStandalone,task_occ_e05,summer,RetailStandalone-2837,-201925.8,-201925.8
RetailStandalone,task_occ_e05,summer,RetailStandalone-2845,-280508.7,-280508.7
RetailStandalone,task_occ_e05,summer,RetailStandalone-2850,-527340.8,-527340.8
RetailStandalone,task_occ_e05,summer,RetailStandalone-2853,-235565.1,-235565.1
RetailStandalone,task_occ_e05,summer,RetailStandalone-2865,-1523151.4,-1523151.4
RetailStandalone,task_occ_e05,summer,RetailStandalone-2871,-202035.1,-202035.1
RetailStandalone,task_occ_e05,summer,RetailStandalone-2872,-142400.7,-142400.7
RetailStandalone,task_occ_e05,summer,RetailStandalone-2877,-92957.1,-92957.1
RetailStandalone,task_occ_e05,summer,RetailStandalone-2883,-299725.5,-299725.5
RetailStandalone,task_occ_e05,summer,RetailStandalone-2886,-452712.9,-452712.9
RetailStandalone,task_occ_e05,summer,RetailStandalone-2902,-101544.2,-101544.2
RetailStandalone,task_occ_e05,summer,RetailStandalone-2905,-120396.5,-120396.5
RetailStandalone,task_occ_e05,summer,RetailStandalone-2906,-250231.0,-250231.0
RetailStandalone,task_occ_e05,summer,RetailStandalone-2911,-96386.2,-96386.2
RetailStandalone,task_occ_e05,summer,RetailStandalone-2921,-125869.9,-125869.9
RetailStandalone,task_occ_e05,summer,RetailStandalone-2929,-365048.6,-365048.6
RetailStandalone,task_occ_e05,summer,RetailStandalone-2952,-124413.8,-124413.8
RetailStandalone,task_occ_e05,summer,RetailStandalone-2959,-179119.0,-179119.0
RetailStandalone,task_occ_e05,summer,RetailStandalone-2991,-333513.2,-333513.2
RetailStandalone,task_occ_e05,summer,RetailStandalone-2997,-255084.9,-255084.9
RetailStandalone,task_occ_e05,summer,RetailStandalone-2998,-164549.9,-164549.9
RetailStandalone,task_occ_e05,summer,RetailStandalone-2999,-148196.3,-148196.3
RetailStandalone,task_occ_e05,summer,RetailStandalone-3000,-165680.6,-165680.6
RetailStandalone,task_occ_e05,winter,RetailStandalone-2035,-147190.3,-147190.3
RetailStandalone,task_occ_e05,winter,RetailStandalone-2046,-54808.1,-54808.1
RetailStandalone,task_occ_e05,winter,RetailStandalone-2052,-61408.0,-61408.0
RetailStandalone,task_occ_e05,winter,RetailStandalone-2056,-115108.6,-115108.6
RetailStandalone,task_occ_e05,winter,RetailStandalone-2067,-187524.3,-187524.3
RetailStandalone,task_occ_e05,winter,RetailStandalone-2075,-121936.7,-121936.7
RetailStandalone,task_occ_e05,winter,RetailStandalone-2090,-66491.8,-66491.8
RetailStandalone,task_occ_e05,winter,RetailStandalone-2091,-67841.2,-67841.2
RetailStandalone,task_occ_e05,winter,RetailStandalone-2105,-102662.3,-102662.3
RetailStandalone,task_occ_e05,winter,RetailStandalone-2113,-82476.3,-82476.3
RetailStandalone,task_occ_e05,winter,RetailStandalone-2128,-109536.4,-109536.4
RetailStandalone,task_occ_e05,winter,RetailStandalone-2131,-85434.4,-85434.4
RetailStandalone,task_occ_e05,winter,RetailStandalone-2143,-36280.8,-36280.8
RetailStandalone,task_occ_e05,winter,RetailStandalone-2151,-40787.8,-40787.8
RetailStandalone,task_occ_e05,winter,RetailStandalone-2157,-39642.8,-39642.8
RetailStandalone,task_occ_e05,winter,RetailStandalone-2168,-156729.1,-156729.1
RetailStandalone,task_occ_e05,winter,RetailStandalone-2207,-123727.0,-123727.0
RetailStandalone,task_occ_e05,winter,RetailStandalone-2219,-39349.6,-39349.6
RetailStandalone,task_occ_e05,winter,RetailStandalone-2224,-114857.4,-114857.4
RetailStandalone,task_occ_e05,winter,RetailStandalone-2240,-38080.9,-38080.9
RetailStandalone,task_occ_e05,winter,RetailStandalone-2241,-102791.4,-102791.4
RetailStandalone,task_occ_e05,winter,RetailStandalone-2255,-94055.7,-94055.7
RetailStandalone,task_occ_e05,winter,RetailStandalone-2264,-142875.0,-142875.0
RetailStandalone,task_occ_e05,winter,RetailStandalone-2283,-168215.4,-168215.4
RetailStandalone,task_occ_e05,winter,RetailStandalone-2289,-118809.6,-118809.6
RetailStandalone,task_occ_e05,winter,RetailStandalone-2299,-95652.2,-95652.2
RetailStandalone,task_occ_e05,winter,RetailStandalone-2312,-82164.7,-82164.7
RetailStandalone,task_occ_e05,winter,RetailStandalone-2317,-37232.2,-37232.2
RetailStandalone,task_occ_e05,winter,RetailStandalone-2322,-103839.1,-103839.1
RetailStandalone,task_occ_e05,winter,RetailStandalone-2328,-96689.4,-96689.4
RetailStandalone,task_occ_e05,winter,RetailStandalone-2335,-72057.1,-72057.1
RetailStandalone,task_occ_e05,winter,RetailStandalone-2346,-107291.7,-107291.7
RetailStandalone,task_occ_e05,winter,RetailStandalone-2378,-126456.9,-126456.9
RetailStandalone,task_occ_e05,winter,RetailStandalone-2391,-159601.4,-159601.4
RetailStandalone,task_occ_e05,winter,RetailStandalone-2399,-183059.9,-183059.9
RetailStandalone,task_occ_e05,winter,RetailStandalone-2402,-42595.5,-42595.5
RetailStandalone,task_occ_e05,winter,RetailStandalone-2403,-119966.5,-119966.5
RetailStandalone,task_occ_e05,winter,RetailStandalone-2409,-88979.3,-88979.3
RetailStandalone,task_occ_e05,winter,RetailStandalone-2413,-159981.0,-159981.0
RetailStandalone,task_occ_e05,winter,RetailStandalone-2420,-103346.4,-103346.4
RetailStandalone,task_occ_e05,winter,RetailStandalone-2436,-35941.8,-35941.8
RetailStandalone,task_occ_e05,winter,RetailStandalone-2447,-63204.3,-63204.3
RetailStandalone,task_occ_e05,winter,RetailStandalone-2470,-49750.1,-49750.1
RetailStandalone,task_occ_e05,winter,RetailStandalone-2499,-41745.9,-41745.9
RetailStandalone,task_occ_e05,winter,RetailStandalone-2513,-99575.4,-99575.4
RetailStandalone,task_occ_e05,winter,RetailStandalone-2521,-208014.5,-208014.5
RetailStandalone,task_occ_e05,winter,RetailStandalone-2524,-45092.4,-45092.4
RetailStandalone,task_occ_e05,winter,RetailStandalone-2532,-125197.6,-125197.6
RetailStandalone,task_occ_e05,winter,RetailStandalone-2545,-144708.6,-144708.6
RetailStandalone,task_occ_e05,winter,RetailStandalone-2556,-42412.8,-42412.8
RetailStandalone,task_occ_e05,winter,RetailStandalone-2563,-56069.7,-56069.7
RetailStandalone,task_occ_e05,winter,RetailStandalone-2586,-35646.9,-35646.9
RetailStandalone,task_occ_e05,winter,RetailStandalone-2607,-189735.0,-189735.0
RetailStandalone,task_occ_e05,winter,RetailStandalone-2608,-50438.9,-50438.9
RetailStandalone,task_occ_e05,winter,RetailStandalone-2626,-39368.7,-39368.7
RetailStandalone,task_occ_e05,winter,RetailStandalone-2627,-54788.2,-54788.2
RetailStandalone,task_occ_e05,winter,RetailStandalone-2628,-89808.1,-89808.1
RetailStandalone,task_occ_e05,winter,RetailStandalone-2677,-129885.3,-129885.3
RetailStandalone,task_occ_e05,winter,RetailStandalone-2678,-50042.1,-50042.1
RetailStandalone,task_occ_e05,winter,RetailStandalone-2681,-43607.8,-43607.8
RetailStandalone,task_occ_e05,winter,RetailStandalone-2683,-42098.6,-42098.6
RetailStandalone,task_occ_e05,winter,RetailStandalone-2697,-110991.4,-110991.4
RetailStandalone,task_occ_e05,winter,RetailStandalone-2715,-197531.1,-197531.1
RetailStandalone,task_occ_e05,winter,RetailStandalone-2717,-92523.0,-92523.0
RetailStandalone,task_occ_e05,winter,RetailStandalone-2718,-88484.3,-88484.3
RetailStandalone,task_occ_e05,winter,RetailStandalone-2738,-144890.8,-144890.8
RetailStandalone,task_occ_e05,winter,RetailStandalone-2743,-186299.7,-186299.7
RetailStandalone,task_occ_e05,winter,RetailStandalone-2751,-145472.6,-145472.6
RetailStandalone,task_occ_e05,winter,RetailStandalone-2774,-98893.2,-98893.2
RetailStandalone,task_occ_e05,winter,RetailStandalone-2783,-120558.6,-120558.6
RetailStandalone,task_occ_e05,winter,RetailStandalone-2784,-156776.2,-156776.2
RetailStandalone,task_occ_e05,winter,RetailStandalone-2788,-149750.0,-149750.0
RetailStandalone,task_occ_e05,winter,RetailStandalone-2791,-155907.4,-155907.4
RetailStandalone,task_occ_e05,winter,RetailStandalone-2795,-37075.8,-37075.8
RetailStandalone,task_occ_e05,winter,RetailStandalone-2813,-106661.3,-106661.3
RetailStandalone,task_occ_e05,winter,RetailStandalone-2814,-40557.1,-40557.1
RetailStandalone,task_occ_e05,winter,RetailStandalone-2830,-124828.9,-124828.9
RetailStandalone,task_occ_e05,winter,RetailStandalone-2837,-59503.2,-59503.2
RetailStandalone,task_occ_e05,winter,RetailStandalone-2845,-60524.0,-60524.0
RetailStandalone,task_occ_e05,winter,RetailStandalone-2850,-131056.7,-131056.7
RetailStandalone,task_occ_e05,winter,RetailStandalone-2853,-203867.2,-203867.2
RetailStandalone,task_occ_e05,winter,RetailStandalone-2865,-67590.3,-67590.3
RetailStandalone,task_occ_e05,winter,RetailStandalone-2871,-90793.4,-90793.4
RetailStandalone,task_occ_e05,winter,RetailStandalone-2872,-49318.6,-49318.6
RetailStandalone,task_occ_e05,winter,RetailStandalone-2877,-160862.6,-160862.6
RetailStandalone,task_occ_e05,winter,RetailStandalone-2883,-88909.1,-88909.1
RetailStandalone,task_occ_e05,winter,RetailStandalone-2886,-164172.4,-164172.4
RetailStandalone,task_occ_e05,winter,RetailStandalone-2902,-39485.0,-39485.0
RetailStandalone,task_occ_e05,winter,RetailStandalone-2905,-150555.6,-150555.6
RetailStandalone,task_occ_e05,winter,RetailStandalone-2906,-159916.6,-159916.6
RetailStandalone,task_occ_e05,winter,RetailStandalone-2911,-36870.4,-36870.4
RetailStandalone,task_occ_e05,winter,RetailStandalone-2921,-41361.0,-41361.0
RetailStandalone,task_occ_e05,winter,RetailStandalone-2929,-79761.3,-79761.3
RetailStandalone,task_occ_e05,winter,RetailStandalone-2952,-83030.5,-83030.5
RetailStandalone,task_occ_e05,winter,RetailStandalone-2959,-54208.5,-54208.5
RetailStandalone,task_occ_e05,winter,RetailStandalone-2991,-208226.1,-208226.1
RetailStandalone,task_occ_e05,winter,RetailStandalone-2997,-157919.9,-157919.9
RetailStandalone,task_occ_e05,winter,RetailStandalone-2998,-95690.2,-95690.2
RetailStandalone,task_occ_e05,winter,RetailStandalone-2999,-176766.0,-176766.0
RetailStandalone,task_occ_e05,winter,RetailStandalone-3000,-55664.6,-55664.6
RetailStandalone,task_rand_e0,full_year,RetailStandalone-2035,-4112.3,-4112.3
RetailStandalone,task_rand_e0,full_year,RetailStandalone-2046,-4513.5,-4513.5
RetailStandalone,task_rand_e0,full_year,RetailStandalone-2052,-3363.0,-3363.0
RetailStandalone,task_rand_e0,full_year,RetailStandalone-2056,-4235.4,-4235.4
RetailStandalone,task_rand_e0,full_year,RetailStandalone-2067,-4468.7,-4468.7
RetailStandalone,task_rand_e0,full_year,RetailStandalone-2075,-4781.8,-4781.8
RetailStandalone,task_rand_e0,full_year,RetailStandalone-2090,-2224.1,-2224.1
RetailStandalone,task_rand_e0,full_year,RetailStandalone-2091,-2576.0,-2576.0
RetailStandalone,task_rand_e0,full_year,RetailStandalone-2105,-3085.0,-3085.0
RetailStandalone,task_rand_e0,full_year,RetailStandalone-2113,-2657.2,-2657.2
RetailStandalone,task_rand_e0,full_year,RetailStandalone-2128,-2889.9,-2889.9
RetailStandalone,task_rand_e0,full_year,RetailStandalone-2131,-3732.7,-3732.7
RetailStandalone,task_rand_e0,full_year,RetailStandalone-2143,-2132.1,-2132.1
RetailStandalone,task_rand_e0,full_year,RetailStandalone-2151,-2268.0,-2268.0
RetailStandalone,task_rand_e0,full_year,RetailStandalone-2157,-3055.1,-3055.1
RetailStandalone,task_rand_e0,full_year,RetailStandalone-2168,-5342.4,-5342.4
RetailStandalone,task_rand_e0,full_year,RetailStandalone-2207,-4620.8,-4620.8
RetailStandalone,task_rand_e0,full_year,RetailStandalone-2219,-1973.8,-1973.8
RetailStandalone,task_rand_e0,full_year,RetailStandalone-2224,-4398.4,-4398.4
RetailStandalone,task_rand_e0,full_year,RetailStandalone-2240,-2244.5,-2244.5
RetailStandalone,task_rand_e0,full_year,RetailStandalone-2241,-3596.6,-3596.6
RetailStandalone,task_rand_e0,full_year,RetailStandalone-2255,-3902.9,-3902.9
RetailStandalone,task_rand_e0,full_year,RetailStandalone-2264,-6283.7,-6283.7
RetailStandalone,task_rand_e0,full_year,RetailStandalone-2283,-4320.4,-4320.4
RetailStandalone,task_rand_e0,full_year,RetailStandalone-2289,-5009.0,-5009.0
RetailStandalone,task_rand_e0,full_year,RetailStandalone-2299,-3010.0,-3010.0
RetailStandalone,task_rand_e0,full_year,RetailStandalone-2312,-3286.2,-3286.2
RetailStandalone,task_rand_e0,full_year,RetailStandalone-2317,-2020.2,-2020.2
RetailStandalone,task_rand_e0,full_year,RetailStandalone-2322,-3153.2,-3153.2
RetailStandalone,task_rand_e0,full_year,RetailStandalone-2328,-3256.6,-3256.6
RetailStandalone,task_rand_e0,full_year,RetailStandalone-2335,-2853.1,-2853.1
RetailStandalone,task_rand_e0,full_year,RetailStandalone-2346,-3612.5,-3612.5
RetailStandalone,task_rand_e0,full_year,RetailStandalone-2378,-3355.4,-3355.4
RetailStandalone,task_rand_e0,full_year,RetailStandalone-2391,-5338.9,-5338.9
RetailStandalone,task_rand_e0,full_year,RetailStandalone-2399,-5527.0,-5527.0
RetailStandalone,task_rand_e0,full_year,RetailStandalone-2402,-3284.5,-3284.5
RetailStandalone,task_rand_e0,full_year,RetailStandalone-2403,-3830.2,-3830.2
RetailStandalone,task_rand_e0,full_year,RetailStandalone-2409,-3898.7,-3898.7
RetailStandalone,task_rand_e0,full_year,RetailStandalone-2413,-5100.6,-5100.6
RetailStandalone,task_rand_e0,full_year,RetailStandalone-2420,-3707.7,-3707.7
RetailStandalone,task_rand_e0,full_year,RetailStandalone-2436,-2125.0,-2125.0
RetailStandalone,task_rand_e0,full_year,RetailStandalone-2447,-1885.1,-1885.1
RetailStandalone,task_rand_e0,full_year,RetailStandalone-2470,-2761.3,-2761.3
RetailStandalone,task_rand_e0,full_year,RetailStandalone-2499,-3220.4,-3220.4
RetailStandalone,task_rand_e0,full_year,RetailStandalone-2513,-3395.2,-3395.2
RetailStandalone,task_rand_e0,full_year,RetailStandalone-2521,-5300.4,-5300.4
RetailStandalone,task_rand_e0,full_year,RetailStandalone-2524,-2297.2,-2297.2
RetailStandalone,task_rand_e0,full_year,RetailStandalone-2532,-4802.9,-4802.9
RetailStandalone,task_rand_e0,full_year,RetailStandalone-2545,-3415.9,-3415.9
RetailStandalone,task_rand_e0,full_year,RetailStandalone-2556,-1775.6,-1775.6
RetailStandalone,task_rand_e0,full_year,RetailStandalone-2563,-4921.3,-4921.3
RetailStandalone,task_rand_e0,full_year,RetailStandalone-2586,-2269.6,-2269.6
RetailStandalone,task_rand_e0,full_year,RetailStandalone-2607,-4877.2,-4877.2
RetailStandalone,task_rand_e0,full_year,RetailStandalone-2608,-4342.1,-4342.1
RetailStandalone,task_rand_e0,full_year,RetailStandalone-2626,-1938.6,-1938.6
RetailStandalone,task_rand_e0,full_year,RetailStandalone-2627,-2779.9,-2779.9
RetailStandalone,task_rand_e0,full_year,RetailStandalone-2628,-3579.8,-3579.8
RetailStandalone,task_rand_e0,full_year,RetailStandalone-2677,-5087.7,-5087.7
RetailStandalone,task_rand_e0,full_year,RetailStandalone-2678,-3921.8,-3921.8
RetailStandalone,task_rand_e0,full_year,RetailStandalone-2681,-3469.3,-3469.3
RetailStandalone,task_rand_e0,full_year,RetailStandalone-2683,-2141.5,-2141.5
RetailStandalone,task_rand_e0,full_year,RetailStandalone-2697,-3572.9,-3572.9
RetailStandalone,task_rand_e0,full_year,RetailStandalone-2715,-5159.8,-5159.8
RetailStandalone,task_rand_e0,full_year,RetailStandalone-2717,-3596.9,-3596.9
RetailStandalone,task_rand_e0,full_year,RetailStandalone-2718,-4272.8,-4272.8
RetailStandalone,task_rand_e0,full_year,RetailStandalone-2738,-5616.6,-5616.6
RetailStandalone,task_rand_e0,full_year,RetailStandalone-2743,-6106.2,-6106.2
RetailStandalone,task_rand_e0,full_year,RetailStandalone-2751,-5506.4,-5506.4
RetailStandalone,task_rand_e0,full_year,RetailStandalone-2774,-3995.8,-3995.8
RetailStandalone,task_rand_e0,full_year,RetailStandalone-2783,-5434.4,-5434.4
RetailStandalone,task_rand_e0,full_year,RetailStandalone-2784,-3462.8,-3462.8
RetailStandalone,task_rand_e0,full_year,RetailStandalone-2788,-3949.6,-3949.6
RetailStandalone,task_rand_e0,full_year,RetailStandalone-2791,-6134.4,-6134.4
RetailStandalone,task_rand_e0,full_year,RetailStandalone-2795,-2322.8,-2322.8
RetailStandalone,task_rand_e0,full_year,RetailStandalone-2813,-3585.1,-3585.1
RetailStandalone,task_rand_e0,full_year,RetailStandalone-2814,-2907.6,-2907.6
RetailStandalone,task_rand_e0,full_year,RetailStandalone-2830,-3674.4,-3674.4
RetailStandalone,task_rand_e0,full_year,RetailStandalone-2837,-3849.5,-3849.5
RetailStandalone,task_rand_e0,full_year,RetailStandalone-2845,-1679.1,-1679.1
RetailStandalone,task_rand_e0,full_year,RetailStandalone-2850,-3382.5,-3382.5
RetailStandalone,task_rand_e0,full_year,RetailStandalone-2853,-4045.0,-4045.0
RetailStandalone,task_rand_e0,full_year,RetailStandalone-2865,-3916.5,-3916.5
RetailStandalone,task_rand_e0,full_year,RetailStandalone-2871,-3134.9,-3134.9
RetailStandalone,task_rand_e0,full_year,RetailStandalone-2872,-3701.9,-3701.9
RetailStandalone,task_rand_e0,full_year,RetailStandalone-2877,-5630.9,-5630.9
RetailStandalone,task_rand_e0,full_year,RetailStandalone-2883,-2599.2,-2599.2
RetailStandalone,task_rand_e0,full_year,RetailStandalone-2886,-4026.6,-4026.6
RetailStandalone,task_rand_e0,full_year,RetailStandalone-2902,-1726.7,-1726.7
RetailStandalone,task_rand_e0,full_year,RetailStandalone-2905,-4350.5,-4350.5
RetailStandalone,task_rand_e0,full_year,RetailStandalone-2906,-5090.2,-5090.2
RetailStandalone,task_rand_e0,full_year,RetailStandalone-2911,-1649.5,-1649.5
RetailStandalone,task_rand_e0,full_year,RetailStandalone-2921,-1815.4,-1815.4
RetailStandalone,task_rand_e0,full_year,RetailStandalone-2929,-2599.4,-2599.4
RetailStandalone,task_rand_e0,full_year,RetailStandalone-2952,-4942.3,-4942.3
RetailStandalone,task_rand_e0,full_year,RetailStandalone-2959,-2891.5,-2891.5
RetailStandalone,task_rand_e0,full_year,RetailStandalone-2991,-4034.9,-4034.9
RetailStandalone,task_rand_e0,full_year,RetailStandalone-2997,-3898.7,-3898.7
RetailStandalone,task_rand_e0,full_year,RetailStandalone-2998,-3802.4,-3802.4
RetailStandalone,task_rand_e0,full_year,RetailStandalone-2999,-6371.6,-6371.6
RetailStandalone,task_rand_e0,full_year,RetailStandalone-3000,-3043.3,-3043.3
RetailStandalone,task_rand_e0,summer,RetailStandalone-2035,-1597.4,-1597.4
RetailStandalone,task_rand_e0,summer,RetailStandalone-2046,-1350.7,-1350.7
RetailStandalone,task_rand_e0,summer,RetailStandalone-2052,-3743.2,-3743.2
RetailStandalone,task_rand_e0,summer,RetailStandalone-2056,-1584.4,-1584.4
RetailStandalone,task_rand_e0,summer,RetailStandalone-2067,-2250.5,-2250.5
RetailStandalone,task_rand_e0,summer,RetailStandalone-2075,-990.5,-990.5
RetailStandalone,task_rand_e0,summer,RetailStandalone-2090,-2368.1,-2368.1
RetailStandalone,task_rand_e0,summer,RetailStandalone-2091,-3298.5,-3298.5
RetailStandalone,task_rand_e0,summer,RetailStandalone-2105,-1343.6,-1343.6
RetailStandalone,task_rand_e0,summer,RetailStandalone-2113,-491.2,-491.2
RetailStandalone,task_rand_e0,summer,RetailStandalone-2128,-2038.4,-2038.4
RetailStandalone,task_rand_e0,summer,RetailStandalone-2131,-3243.3,-3243.3
RetailStandalone,task_rand_e0,summer,RetailStandalone-2143,-11618.9,-11618.9
RetailStandalone,task_rand_e0,summer,RetailStandalone-2151,-1790.7,-1790.7
RetailStandalone,task_rand_e0,summer,RetailStandalone-2157,-1122.2,-1122.2
RetailStandalone,task_rand_e0,summer,RetailStandalone-2168,-1508.1,-1508.1
RetailStandalone,task_rand_e0,summer,RetailStandalone-2207,-3250.7,-3250.7
RetailStandalone,task_rand_e0,summer,RetailStandalone-2219,-1991.1,-1991.1
RetailStandalone,task_rand_e0,summer,RetailStandalone-2224,-1741.3,-1741.3
RetailStandalone,task_rand_e0,summer,RetailStandalone-2240,-7614.0,-7614.0
RetailStandalone,task_rand_e0,summer,RetailStandalone-2241,-550.6,-550.6
RetailStandalone,task_rand_e0,summer,RetailStandalone-2255,-4004.3,-4004.3
RetailStandalone,task_rand_e0,summer,RetailStandalone-2264,-1867.3,-1867.3
RetailStandalone,task_rand_e0,summer,RetailStandalone-2283,-4341.3,-4341.3
RetailStandalone,task_rand_e0,summer,RetailStandalone-2289,-4616.4,-4616.4
RetailStandalone,task_rand_e0,summer,RetailStandalone-2299,-425.5,-425.5
RetailStandalone,task_rand_e0,summer,RetailStandalone-2312,-1599.2,-1599.2
RetailStandalone,task_rand_e0,summer,RetailStandalone-2317,-5709.5,-5709.5
RetailStandalone,task_rand_e0,summer,RetailStandalone-2322,-1052.0,-1052.0
RetailStandalone,task_rand_e0,summer,RetailStandalone-2328,-638.2,-638.2
RetailStandalone,task_rand_e0,summer,RetailStandalone-2335,-2590.4,-2590.4
RetailStandalone,task_rand_e0,summer,RetailStandalone-2346,-1388.4,-1388.4
RetailStandalone,task_rand_e0,summer,RetailStandalone-2378,-1902.0,-1902.0
RetailStandalone,task_rand_e0,summer,RetailStandalone-2391,-921.0,-921.0
RetailStandalone,task_rand_e0,summer,RetailStandalone-2399,-1065.3,-1065.3
RetailStandalone,task_rand_e0,summer,RetailStandalone-2402,-1219.4,-1219.4
RetailStandalone,task_rand_e0,summer,RetailStandalone-2403,-423.8,-423.8
RetailStandalone,task_rand_e0,summer,RetailStandalone-2409,-2997.2,-2997.2
RetailStandalone,task_rand_e0,summer,RetailStandalone-2413,-2706.7,-2706.7
RetailStandalone,task_rand_e0,summer,RetailStandalone-2420,-3558.9,-3558.9
RetailStandalone,task_rand_e0,summer,RetailStandalone-2436,-6841.3,-6841.3
RetailStandalone,task_rand_e0,summer,RetailStandalone-2447,-2060.1,-2060.1
RetailStandalone,task_rand_e0,summer,RetailStandalone-2470,-1127.4,-1127.4
RetailStandalone,task_rand_e0,summer,RetailStandalone-2499,-1119.2,-1119.2
RetailStandalone,task_rand_e0,summer,RetailStandalone-2513,-2071.2,-2071.2
RetailStandalone,task_rand_e0,summer,RetailStandalone-2521,-2510.7,-2510.7
RetailStandalone,task_rand_e0,summer,RetailStandalone-2524,-4815.6,-4815.6
RetailStandalone,task_rand_e0,summer,RetailStandalone-2532,-4885.9,-4885.9
RetailStandalone,task_rand_e0,summer,RetailStandalone-2545,-1632.3,-1632.3
RetailStandalone,task_rand_e0,summer,RetailStandalone-2556,-1684.0,-1684.0
RetailStandalone,task_rand_e0,summer,RetailStandalone-2563,-1427.1,-1427.1
RetailStandalone,task_rand_e0,summer,RetailStandalone-2586,-11377.0,-11377.0
RetailStandalone,task_rand_e0,summer,RetailStandalone-2607,-2253.5,-2253.5
RetailStandalone,task_rand_e0,summer,RetailStandalone-2608,-1408.8,-1408.8
RetailStandalone,task_rand_e0,summer,RetailStandalone-2626,-1972.0,-1972.0
RetailStandalone,task_rand_e0,summer,RetailStandalone-2627,-1346.6,-1346.6
RetailStandalone,task_rand_e0,summer,RetailStandalone-2628,-1550.1,-1550.1
RetailStandalone,task_rand_e0,summer,RetailStandalone-2677,-999.2,-999.2
RetailStandalone,task_rand_e0,summer,RetailStandalone-2678,-2814.2,-2814.2
RetailStandalone,task_rand_e0,summer,RetailStandalone-2681,-1332.6,-1332.6
RetailStandalone,task_rand_e0,summer,RetailStandalone-2683,-5036.5,-5036.5
RetailStandalone,task_rand_e0,summer,RetailStandalone-2697,-546.1,-546.1
RetailStandalone,task_rand_e0,summer,RetailStandalone-2715,-2651.9,-2651.9
RetailStandalone,task_rand_e0,summer,RetailStandalone-2717,-961.6,-961.6
RetailStandalone,task_rand_e0,summer,RetailStandalone-2718,-3658.5,-3658.5
RetailStandalone,task_rand_e0,summer,RetailStandalone-2738,-1715.6,-1715.6
RetailStandalone,task_rand_e0,summer,RetailStandalone-2743,-1598.5,-1598.5
RetailStandalone,task_rand_e0,summer,RetailStandalone-2751,-1097.6,-1097.6
RetailStandalone,task_rand_e0,summer,RetailStandalone-2774,-3078.3,-3078.3
RetailStandalone,task_rand_e0,summer,RetailStandalone-2783,-1899.9,-1899.9
RetailStandalone,task_rand_e0,summer,RetailStandalone-2784,-2544.1,-2544.1
RetailStandalone,task_rand_e0,summer,RetailStandalone-2788,-2221.7,-2221.7
RetailStandalone,task_rand_e0,summer,RetailStandalone-2791,-1841.3,-1841.3
RetailStandalone,task_rand_e0,summer,RetailStandalone-2795,-3844.7,-3844.7
RetailStandalone,task_rand_e0,summer,RetailStandalone-2813,-1542.0,-1542.0
RetailStandalone,task_rand_e0,summer,RetailStandalone-2814,-1284.3,-1284.3
RetailStandalone,task_rand_e0,summer,RetailStandalone-2830,-2944.0,-2944.0
RetailStandalone,task_rand_e0,summer,RetailStandalone-2837,-1942.2,-1942.2
RetailStandalone,task_rand_e0,summer,RetailStandalone-2845,-1444.8,-1444.8
RetailStandalone,task_rand_e0,summer,RetailStandalone-2850,-5016.3,-5016.3
RetailStandalone,task_rand_e0,summer,RetailStandalone-2853,-2560.9,-2560.9
RetailStandalone,task_rand_e0,summer,RetailStandalone-2865,-4014.7,-4014.7
RetailStandalone,task_rand_e0,summer,RetailStandalone-2871,-1407.9,-1407.9
RetailStandalone,task_rand_e0,summer,RetailStandalone-2872,-1479.2,-1479.2
RetailStandalone,task_rand_e0,summer,RetailStandalone-2877,-1065.8,-1065.8
RetailStandalone,task_rand_e0,summer,RetailStandalone-2883,-1482.7,-1482.7
RetailStandalone,task_rand_e0,summer,RetailStandalone-2886,-2621.5,-2621.5
RetailStandalone,task_rand_e0,summer,RetailStandalone-2902,-1573.5,-1573.5
RetailStandalone,task_rand_e0,summer,RetailStandalone-2905,-1029.9,-1029.9
RetailStandalone,task_rand_e0,summer,RetailStandalone-2906,-3049.4,-3049.4
RetailStandalone,task_rand_e0,summer,RetailStandalone-2911,-1177.1,-1177.1
RetailStandalone,task_rand_e0,summer,RetailStandalone-2921,-1989.6,-1989.6
RetailStandalone,task_rand_e0,summer,RetailStandalone-2929,-2159.8,-2159.8
RetailStandalone,task_rand_e0,summer,RetailStandalone-2952,-1626.7,-1626.7
RetailStandalone,task_rand_e0,summer,RetailStandalone-2959,-1377.1,-1377.1
RetailStandalone,task_rand_e0,summer,RetailStandalone-2991,-3251.6,-3251.6
RetailStandalone,task_rand_e0,summer,RetailStandalone-2997,-2284.8,-2284.8
RetailStandalone,task_rand_e0,summer,RetailStandalone-2998,-1737.3,-1737.3
RetailStandalone,task_rand_e0,summer,RetailStandalone-2999,-1762.5,-1762.5
RetailStandalone,task_rand_e0,summer,RetailStandalone-3000,-1164.2,-1164.2
RetailStandalone,task_rand_e0,winter,RetailStandalone-2035,-1138.2,-1138.2
RetailStandalone,task_rand_e0,winter,RetailStandalone-2046,-553.2,-553.2
RetailStandalone,task_rand_e0,winter,RetailStandalone-2052,-527.8,-527.8
RetailStandalone,task_rand_e0,winter,RetailStandalone-2056,-1137.1,-1137.1
RetailStandalone,task_rand_e0,winter,RetailStandalone-2067,-1708.6,-1708.6
RetailStandalone,task_rand_e0,winter,RetailStandalone-2075,-1107.5,-1107.5
RetailStandalone,task_rand_e0,winter,RetailStandalone-2090,-413.9,-413.9
RetailStandalone,task_rand_e0,winter,RetailStandalone-2091,-440.1,-440.1
RetailStandalone,task_rand_e0,winter,RetailStandalone-2105,-936.2,-936.2
RetailStandalone,task_rand_e0,winter,RetailStandalone-2113,-670.4,-670.4
RetailStandalone,task_rand_e0,winter,RetailStandalone-2128,-929.9,-929.9
RetailStandalone,task_rand_e0,winter,RetailStandalone-2131,-748.1,-748.1
RetailStandalone,task_rand_e0,winter,RetailStandalone-2143,-329.4,-329.4
RetailStandalone,task_rand_e0,winter,RetailStandalone-2151,-391.4,-391.4
RetailStandalone,task_rand_e0,winter,RetailStandalone-2157,-343.5,-343.5
RetailStandalone,task_rand_e0,winter,RetailStandalone-2168,-1352.9,-1352.9
RetailStandalone,task_rand_e0,winter,RetailStandalone-2207,-1157.5,-1157.5
RetailStandalone,task_rand_e0,winter,RetailStandalone-2219,-469.7,-469.7
RetailStandalone,task_rand_e0,winter,RetailStandalone-2224,-1093.3,-1093.3
RetailStandalone,task_rand_e0,winter,RetailStandalone-2240,-327.7,-327.7
RetailStandalone,task_rand_e0,winter,RetailStandalone-2241,-922.7,-922.7
RetailStandalone,task_rand_e0,winter,RetailStandalone-2255,-577.5,-577.5
RetailStandalone,task_rand_e0,winter,RetailStandalone-2264,-1336.0,-1336.0
RetailStandalone,task_rand_e0,winter,RetailStandalone-2283,-1586.8,-1586.8
RetailStandalone,task_rand_e0,winter,RetailStandalone-2289,-1040.9,-1040.9
RetailStandalone,task_rand_e0,winter,RetailStandalone-2299,-789.4,-789.4
RetailStandalone,task_rand_e0,winter,RetailStandalone-2312,-701.5,-701.5
RetailStandalone,task_rand_e0,winter,RetailStandalone-2317,-316.4,-316.4
RetailStandalone,task_rand_e0,winter,RetailStandalone-2322,-775.6,-775.6
RetailStandalone,task_rand_e0,winter,RetailStandalone-2328,-838.7,-838.7
RetailStandalone,task_rand_e0,winter,RetailStandalone-2335,-618.4,-618.4
RetailStandalone,task_rand_e0,winter,RetailStandalone-2346,-1133.5,-1133.5
RetailStandalone,task_rand_e0,winter,RetailStandalone-2378,-1116.8,-1116.8
RetailStandalone,task_rand_e0,winter,RetailStandalone-2391,-1467.9,-1467.9
RetailStandalone,task_rand_e0,winter,RetailStandalone-2399,-1560.4,-1560.4
RetailStandalone,task_rand_e0,winter,RetailStandalone-2402,-339.1,-339.1
RetailStandalone,task_rand_e0,winter,RetailStandalone-2403,-997.7,-997.7
RetailStandalone,task_rand_e0,winter,RetailStandalone-2409,-670.6,-670.6
RetailStandalone,task_rand_e0,winter,RetailStandalone-2413,-1516.9,-1516.9
RetailStandalone,task_rand_e0,winter,RetailStandalone-2420,-947.6,-947.6
RetailStandalone,task_rand_e0,winter,RetailStandalone-2436,-310.3,-310.3
RetailStandalone,task_rand_e0,winter,RetailStandalone-2447,-375.4,-375.4
RetailStandalone,task_rand_e0,winter,RetailStandalone-2470,-437.8,-437.8
RetailStandalone,task_rand_e0,winter,RetailStandalone-2499,-339.5,-339.5
RetailStandalone,task_rand_e0,winter,RetailStandalone-2513,-1014.8,-1014.8
RetailStandalone,task_rand_e0,winter,RetailStandalone-2521,-2093.3,-2093.3
RetailStandalone,task_rand_e0,winter,RetailStandalone-2524,-470.1,-470.1
RetailStandalone,task_rand_e0,winter,RetailStandalone-2532,-837.0,-837.0
RetailStandalone,task_rand_e0,winter,RetailStandalone-2545,-1130.5,-1130.5
RetailStandalone,task_rand_e0,winter,RetailStandalone-2556,-424.9,-424.9
RetailStandalone,task_rand_e0,winter,RetailStandalone-2563,-574.9,-574.9
RetailStandalone,task_rand_e0,winter,RetailStandalone-2586,-331.7,-331.7
RetailStandalone,task_rand_e0,winter,RetailStandalone-2607,-1882.5,-1882.5
RetailStandalone,task_rand_e0,winter,RetailStandalone-2608,-529.2,-529.2
RetailStandalone,task_rand_e0,winter,RetailStandalone-2626,-469.5,-469.5
RetailStandalone,task_rand_e0,winter,RetailStandalone-2627,-470.0,-470.0
RetailStandalone,task_rand_e0,winter,RetailStandalone-2628,-882.0,-882.0
RetailStandalone,task_rand_e0,winter,RetailStandalone-2677,-1195.1,-1195.1
RetailStandalone,task_rand_e0,winter,RetailStandalone-2678,-590.1,-590.1
RetailStandalone,task_rand_e0,winter,RetailStandalone-2681,-332.1,-332.1
RetailStandalone,task_rand_e0,winter,RetailStandalone-2683,-438.6,-438.6
RetailStandalone,task_rand_e0,winter,RetailStandalone-2697,-910.3,-910.3
RetailStandalone,task_rand_e0,winter,RetailStandalone-2715,-2014.2,-2014.2
RetailStandalone,task_rand_e0,winter,RetailStandalone-2717,-814.9,-814.9
RetailStandalone,task_rand_e0,winter,RetailStandalone-2718,-676.4,-676.4
RetailStandalone,task_rand_e0,winter,RetailStandalone-2738,-1269.6,-1269.6
RetailStandalone,task_rand_e0,winter,RetailStandalone-2743,-1621.5,-1621.5
RetailStandalone,task_rand_e0,winter,RetailStandalone-2751,-1347.6,-1347.6
RetailStandalone,task_rand_e0,winter,RetailStandalone-2774,-995.5,-995.5
RetailStandalone,task_rand_e0,winter,RetailStandalone-2783,-1127.8,-1127.8
RetailStandalone,task_rand_e0,winter,RetailStandalone-2784,-1322.5,-1322.5
RetailStandalone,task_rand_e0,winter,RetailStandalone-2788,-1433.9,-1433.9
RetailStandalone,task_rand_e0,winter,RetailStandalone-2791,-1401.5,-1401.5
RetailStandalone,task_rand_e0,winter,RetailStandalone-2795,-316.3,-316.3
RetailStandalone,task_rand_e0,winter,RetailStandalone-2813,-1141.8,-1141.8
RetailStandalone,task_rand_e0,winter,RetailStandalone-2814,-325.2,-325.2
RetailStandalone,task_rand_e0,winter,RetailStandalone-2830,-1207.5,-1207.5
RetailStandalone,task_rand_e0,winter,RetailStandalone-2837,-494.9,-494.9
RetailStandalone,task_rand_e0,winter,RetailStandalone-2845,-343.9,-343.9
RetailStandalone,task_rand_e0,winter,RetailStandalone-2850,-1225.8,-1225.8
RetailStandalone,task_rand_e0,winter,RetailStandalone-2853,-1645.7,-1645.7
RetailStandalone,task_rand_e0,winter,RetailStandalone-2865,-638.9,-638.9
RetailStandalone,task_rand_e0,winter,RetailStandalone-2871,-985.0,-985.0
RetailStandalone,task_rand_e0,winter,RetailStandalone-2872,-552.6,-552.6
RetailStandalone,task_rand_e0,winter,RetailStandalone-2877,-1517.0,-1517.0
RetailStandalone,task_rand_e0,winter,RetailStandalone-2883,-530.9,-530.9
RetailStandalone,task_rand_e0,winter,RetailStandalone-2886,-1524.2,-1524.2
RetailStandalone,task_rand_e0,winter,RetailStandalone-2902,-416.7,-416.7
RetailStandalone,task_rand_e0,winter,RetailStandalone-2905,-1109.1,-1109.1
RetailStandalone,task_rand_e0,winter,RetailStandalone-2906,-1357.4,-1357.4
RetailStandalone,task_rand_e0,winter,RetailStandalone-2911,-326.3,-326.3
RetailStandalone,task_rand_e0,winter,RetailStandalone-2921,-477.8,-477.8
RetailStandalone,task_rand_e0,winter,RetailStandalone-2929,-514.9,-514.9
RetailStandalone,task_rand_e0,winter,RetailStandalone-2952,-756.1,-756.1
RetailStandalone,task_rand_e0,winter,RetailStandalone-2959,-455.4,-455.4
RetailStandalone,task_rand_e0,winter,RetailStandalone-2991,-1715.0,-1715.0
RetailStandalone,task_rand_e0,winter,RetailStandalone-2997,-1448.5,-1448.5
RetailStandalone,task_rand_e0,winter,RetailStandalone-2998,-968.1,-968.1
RetailStandalone,task_rand_e0,winter,RetailStandalone-2999,-1555.1,-1555.1
RetailStandalone,task_rand_e0,winter,RetailStandalone-3000,-466.5,-466.5
RetailStandalone,task_rand_e05,full_year,RetailStandalone-2035,-508555.8,-508555.8
RetailStandalone,task_rand_e05,full_year,RetailStandalone-2046,-420841.5,-420841.5
RetailStandalone,task_rand_e05,full_year,RetailStandalone-2052,-359296.5,-359296.5
RetailStandalone,task_rand_e05,full_year,RetailStandalone-2056,-456255.5,-456255.5
RetailStandalone,task_rand_e05,full_year,RetailStandalone-2067,-537172.1,-537172.1
RetailStandalone,task_rand_e05,full_year,RetailStandalone-2075,-506197.5,-506197.5
RetailStandalone,task_rand_e05,full_year,RetailStandalone-2090,-309431.7,-309431.7
RetailStandalone,task_rand_e05,full_year,RetailStandalone-2091,-341135.7,-341135.7
RetailStandalone,task_rand_e05,full_year,RetailStandalone-2105,-362820.5,-362820.5
RetailStandalone,task_rand_e05,full_year,RetailStandalone-2113,-277797.3,-277797.3
RetailStandalone,task_rand_e05,full_year,RetailStandalone-2128,-327462.2,-327462.2
RetailStandalone,task_rand_e05,full_year,RetailStandalone-2131,-401043.7,-401043.7
RetailStandalone,task_rand_e05,full_year,RetailStandalone-2143,-204510.1,-204510.1
RetailStandalone,task_rand_e05,full_year,RetailStandalone-2151,-250595.3,-250595.3
RetailStandalone,task_rand_e05,full_year,RetailStandalone-2157,-290819.2,-290819.2
RetailStandalone,task_rand_e05,full_year,RetailStandalone-2168,-559454.9,-559454.9
RetailStandalone,task_rand_e05,full_year,RetailStandalone-2207,-528278.1,-528278.1
RetailStandalone,task_rand_e05,full_year,RetailStandalone-2219,-199614.6,-199614.6
RetailStandalone,task_rand_e05,full_year,RetailStandalone-2224,-510535.7,-510535.7
RetailStandalone,task_rand_e05,full_year,RetailStandalone-2240,-224822.7,-224822.7
RetailStandalone,task_rand_e05,full_year,RetailStandalone-2241,-346188.9,-346188.9
RetailStandalone,task_rand_e05,full_year,RetailStandalone-2255,-500816.7,-500816.7
RetailStandalone,task_rand_e05,full_year,RetailStandalone-2264,-657098.7,-657098.7
RetailStandalone,task_rand_e05,full_year,RetailStandalone-2283,-480089.1,-480089.1
RetailStandalone,task_rand_e05,full_year,RetailStandalone-2289,-501576.4,-501576.4
RetailStandalone,task_rand_e05,full_year,RetailStandalone-2299,-318457.0,-318457.0
RetailStandalone,task_rand_e05,full_year,RetailStandalone-2312,-366714.8,-366714.8
RetailStandalone,task_rand_e05,full_year,RetailStandalone-2317,-209053.2,-209053.2
RetailStandalone,task_rand_e05,full_year,RetailStandalone-2322,-369615.6,-369615.6
RetailStandalone,task_rand_e05,full_year,RetailStandalone-2328,-322933.9,-322933.9
RetailStandalone,task_rand_e05,full_year,RetailStandalone-2335,-318752.1,-318752.1
RetailStandalone,task_rand_e05,full_year,RetailStandalone-2346,-387613.0,-387613.0
RetailStandalone,task_rand_e05,full_year,RetailStandalone-2378,-392762.3,-392762.3
RetailStandalone,task_rand_e05,full_year,RetailStandalone-2391,-598569.5,-598569.5
RetailStandalone,task_rand_e05,full_year,RetailStandalone-2399,-661683.8,-661683.8
RetailStandalone,task_rand_e05,full_year,RetailStandalone-2402,-327070.9,-327070.9
RetailStandalone,task_rand_e05,full_year,RetailStandalone-2403,-408532.4,-408532.4
RetailStandalone,task_rand_e05,full_year,RetailStandalone-2409,-447765.9,-447765.9
RetailStandalone,task_rand_e05,full_year,RetailStandalone-2413,-508216.4,-508216.4
RetailStandalone,task_rand_e05,full_year,RetailStandalone-2420,-387457.6,-387457.6
RetailStandalone,task_rand_e05,full_year,RetailStandalone-2436,-206052.3,-206052.3
RetailStandalone,task_rand_e05,full_year,RetailStandalone-2447,-270744.1,-270744.1
RetailStandalone,task_rand_e05,full_year,RetailStandalone-2470,-333790.6,-333790.6
RetailStandalone,task_rand_e05,full_year,RetailStandalone-2499,-301054.4,-301054.4
RetailStandalone,task_rand_e05,full_year,RetailStandalone-2513,-351401.7,-351401.7
RetailStandalone,task_rand_e05,full_year,RetailStandalone-2521,-540745.0,-540745.0
RetailStandalone,task_rand_e05,full_year,RetailStandalone-2524,-253296.8,-253296.8
RetailStandalone,task_rand_e05,full_year,RetailStandalone-2532,-611186.7,-611186.7
RetailStandalone,task_rand_e05,full_year,RetailStandalone-2545,-484456.2,-484456.2
RetailStandalone,task_rand_e05,full_year,RetailStandalone-2556,-204480.6,-204480.6
RetailStandalone,task_rand_e05,full_year,RetailStandalone-2563,-453204.0,-453204.0
RetailStandalone,task_rand_e05,full_year,RetailStandalone-2586,-208476.6,-208476.6
RetailStandalone,task_rand_e05,full_year,RetailStandalone-2607,-513970.1,-513970.1
RetailStandalone,task_rand_e05,full_year,RetailStandalone-2608,-396060.9,-396060.9
RetailStandalone,task_rand_e05,full_year,RetailStandalone-2626,-194862.8,-194862.8
RetailStandalone,task_rand_e05,full_year,RetailStandalone-2627,-342268.0,-342268.0
RetailStandalone,task_rand_e05,full_year,RetailStandalone-2628,-411875.5,-411875.5
RetailStandalone,task_rand_e05,full_year,RetailStandalone-2677,-540920.6,-540920.6
RetailStandalone,task_rand_e05,full_year,RetailStandalone-2678,-345128.7,-345128.7
RetailStandalone,task_rand_e05,full_year,RetailStandalone-2681,-343286.2,-343286.2
RetailStandalone,task_rand_e05,full_year,RetailStandalone-2683,-238904.9,-238904.9
RetailStandalone,task_rand_e05,full_year,RetailStandalone-2697,-351520.6,-351520.6
RetailStandalone,task_rand_e05,full_year,RetailStandalone-2715,-539917.9,-539917.9
RetailStandalone,task_rand_e05,full_year,RetailStandalone-2717,-409875.4,-409875.4
RetailStandalone,task_rand_e05,full_year,RetailStandalone-2718,-517237.3,-517237.3
RetailStandalone,task_rand_e05,full_year,RetailStandalone-2738,-582032.9,-582032.9
RetailStandalone,task_rand_e05,full_year,RetailStandalone-2743,-678108.5,-678108.5
RetailStandalone,task_rand_e05,full_year,RetailStandalone-2751,-616679.4,-616679.4
RetailStandalone,task_rand_e05,full_year,RetailStandalone-2774,-394870.4,-394870.4
RetailStandalone,task_rand_e05,full_year,RetailStandalone-2783,-581111.9,-581111.9
RetailStandalone,task_rand_e05,full_year,RetailStandalone-2784,-456056.4,-456056.4
RetailStandalone,task_rand_e05,full_year,RetailStandalone-2788,-422647.7,-422647.7
RetailStandalone,task_rand_e05,full_year,RetailStandalone-2791,-638353.9,-638353.9
RetailStandalone,task_rand_e05,full_year,RetailStandalone-2795,-224599.3,-224599.3
RetailStandalone,task_rand_e05,full_year,RetailStandalone-2813,-383173.3,-383173.3
RetailStandalone,task_rand_e05,full_year,RetailStandalone-2814,-276305.1,-276305.1
RetailStandalone,task_rand_e05,full_year,RetailStandalone-2830,-396458.8,-396458.8
RetailStandalone,task_rand_e05,full_year,RetailStandalone-2837,-510947.2,-510947.2
RetailStandalone,task_rand_e05,full_year,RetailStandalone-2845,-248519.2,-248519.2
RetailStandalone,task_rand_e05,full_year,RetailStandalone-2850,-386715.5,-386715.5
RetailStandalone,task_rand_e05,full_year,RetailStandalone-2853,-501044.6,-501044.6
RetailStandalone,task_rand_e05,full_year,RetailStandalone-2865,-417810.0,-417810.0
RetailStandalone,task_rand_e05,full_year,RetailStandalone-2871,-338103.7,-338103.7
RetailStandalone,task_rand_e05,full_year,RetailStandalone-2872,-337209.7,-337209.7
RetailStandalone,task_rand_e05,full_year,RetailStandalone-2877,-632481.8,-632481.8
RetailStandalone,task_rand_e05,full_year,RetailStandalone-2883,-365163.9,-365163.9
RetailStandalone,task_rand_e05,full_year,RetailStandalone-2886,-441528.3,-441528.3
RetailStandalone,task_rand_e05,full_year,RetailStandalone-2902,-193684.3,-193684.3
RetailStandalone,task_rand_e05,full_year,RetailStandalone-2905,-661105.9,-661105.9
RetailStandalone,task_rand_e05,full_year,RetailStandalone-2906,-594942.7,-594942.7
RetailStandalone,task_rand_e05,full_year,RetailStandalone-2911,-182301.1,-182301.1
RetailStandalone,task_rand_e05,full_year,RetailStandalone-2921,-195329.1,-195329.1
RetailStandalone,task_rand_e05,full_year,RetailStandalone-2929,-345076.8,-345076.8
RetailStandalone,task_rand_e05,full_year,RetailStandalone-2952,-469421.6,-469421.6
RetailStandalone,task_rand_e05,full_year,RetailStandalone-2959,-358108.8,-358108.8
RetailStandalone,task_rand_e05,full_year,RetailStandalone-2991,-464723.3,-464723.3
RetailStandalone,task_rand_e05,full_year,RetailStandalone-2997,-456654.8,-456654.8
RetailStandalone,task_rand_e05,full_year,RetailStandalone-2998,-417603.6,-417603.6
RetailStandalone,task_rand_e05,full_year,RetailStandalone-2999,-669265.9,-669265.9
RetailStandalone,task_rand_e05,full_year,RetailStandalone-3000,-382046.9,-382046.9
RetailStandalone,task_rand_e05,summer,RetailStandalone-2035,-145872.9,-145872.9
RetailStandalone,task_rand_e05,summer,RetailStandalone-2046,-95160.1,-95160.1
RetailStandalone,task_rand_e05,summer,RetailStandalone-2052,-419181.4,-419181.4
RetailStandalone,task_rand_e05,summer,RetailStandalone-2056,-134413.7,-134413.7
RetailStandalone,task_rand_e05,summer,RetailStandalone-2067,-142324.4,-142324.4
RetailStandalone,task_rand_e05,summer,RetailStandalone-2075,-66849.4,-66849.4
RetailStandalone,task_rand_e05,summer,RetailStandalone-2090,-326885.1,-326885.1
RetailStandalone,task_rand_e05,summer,RetailStandalone-2091,-464897.3,-464897.3
RetailStandalone,task_rand_e05,summer,RetailStandalone-2105,-132931.8,-132931.8
RetailStandalone,task_rand_e05,summer,RetailStandalone-2113,-50383.7,-50383.7
RetailStandalone,task_rand_e05,summer,RetailStandalone-2128,-223097.3,-223097.3
RetailStandalone,task_rand_e05,summer,RetailStandalone-2131,-188639.9,-188639.9
RetailStandalone,task_rand_e05,summer,RetailStandalone-2143,-710987.2,-710987.2
RetailStandalone,task_rand_e05,summer,RetailStandalone-2151,-110585.8,-110585.8
RetailStandalone,task_rand_e05,summer,RetailStandalone-2157,-76259.2,-76259.2
RetailStandalone,task_rand_e05,summer,RetailStandalone-2168,-91841.6,-91841.6
RetailStandalone,task_rand_e05,summer,RetailStandalone-2207,-249249.5,-249249.5
RetailStandalone,task_rand_e05,summer,RetailStandalone-2219,-115991.0,-115991.0
RetailStandalone,task_rand_e05,summer,RetailStandalone-2224,-154777.5,-154777.5
RetailStandalone,task_rand_e05,summer,RetailStandalone-2240,-498469.1,-498469.1
RetailStandalone,task_rand_e05,summer,RetailStandalone-2241,-45240.2,-45240.2
RetailStandalone,task_rand_e05,summer,RetailStandalone-2255,-460964.5,-460964.5
RetailStandalone,task_rand_e05,summer,RetailStandalone-2264,-115412.6,-115412.6
RetailStandalone,task_rand_e05,summer,RetailStandalone-2283,-216564.5,-216564.5
RetailStandalone,task_rand_e05,summer,RetailStandalone-2289,-498518.3,-498518.3
RetailStandalone,task_rand_e05,summer,RetailStandalone-2299,-55711.8,-55711.8
RetailStandalone,task_rand_e05,summer,RetailStandalone-2312,-104936.9,-104936.9
RetailStandalone,task_rand_e05,summer,RetailStandalone-2317,-332365.6,-332365.6
RetailStandalone,task_rand_e05,summer,RetailStandalone-2322,-70570.6,-70570.6
RetailStandalone,task_rand_e05,summer,RetailStandalone-2328,-66913.4,-66913.4
RetailStandalone,task_rand_e05,summer,RetailStandalone-2335,-147149.0,-147149.0
RetailStandalone,task_rand_e05,summer,RetailStandalone-2346,-125586.4,-125586.4
RetailStandalone,task_rand_e05,summer,RetailStandalone-2378,-211699.9,-211699.9
RetailStandalone,task_rand_e05,summer,RetailStandalone-2391,-72963.0,-72963.0
RetailStandalone,task_rand_e05,summer,RetailStandalone-2399,-84778.5,-84778.5
RetailStandalone,task_rand_e05,summer,RetailStandalone-2402,-83280.8,-83280.8
RetailStandalone,task_rand_e05,summer,RetailStandalone-2403,-52893.2,-52893.2
RetailStandalone,task_rand_e05,summer,RetailStandalone-2409,-346042.8,-346042.8
RetailStandalone,task_rand_e05,summer,RetailStandalone-2413,-251466.3,-251466.3
RetailStandalone,task_rand_e05,summer,RetailStandalone-2420,-380963.6,-380963.6
RetailStandalone,task_rand_e05,summer,RetailStandalone-2436,-456288.7,-456288.7
RetailStandalone,task_rand_e05,summer,RetailStandalone-2447,-294242.8,-294242.8
RetailStandalone,task_rand_e05,summer,RetailStandalone-2470,-107577.0,-107577.0
RetailStandalone,task_rand_e05,summer,RetailStandalone-2499,-70463.5,-70463.5
RetailStandalone,task_rand_e05,summer,RetailStandalone-2513,-176592.2,-176592.2
RetailStandalone,task_rand_e05,summer,RetailStandalone-2521,-218890.9,-218890.9
RetailStandalone,task_rand_e05,summer,RetailStandalone-2524,-348606.0,-348606.0
RetailStandalone,task_rand_e05,summer,RetailStandalone-2532,-547094.1,-547094.1
RetailStandalone,task_rand_e05,summer,RetailStandalone-2545,-195247.6,-195247.6
RetailStandalone,task_rand_e05,summer,RetailStandalone-2556,-103958.5,-103958.5
RetailStandalone,task_rand_e05,summer,RetailStandalone-2563,-96398.3,-96398.3
RetailStandalone,task_rand_e05,summer,RetailStandalone-2586,-720061.2,-720061.2
RetailStandalone,task_rand_e05,summer,RetailStandalone-2607,-211325.2,-211325.2
RetailStandalone,task_rand_e05,summer,RetailStandalone-2608,-95262.8,-95262.8
RetailStandalone,task_rand_e05,summer,RetailStandalone-2626,-118799.8,-118799.8
RetailStandalone,task_rand_e05,summer,RetailStandalone-2627,-127274.6,-127274.6
RetailStandalone,task_rand_e05,summer,RetailStandalone-2628,-126666.5,-126666.5
RetailStandalone,task_rand_e05,summer,RetailStandalone-2677,-66044.5,-66044.5
RetailStandalone,task_rand_e05,summer,RetailStandalone-2678,-164856.5,-164856.5
RetailStandalone,task_rand_e05,summer,RetailStandalone-2681,-86484.6,-86484.6
RetailStandalone,task_rand_e05,summer,RetailStandalone-2683,-359057.4,-359057.4
RetailStandalone,task_rand_e05,summer,RetailStandalone-2697,-48701.5,-48701.5
RetailStandalone,task_rand_e05,summer,RetailStandalone-2715,-237544.6,-237544.6
RetailStandalone,task_rand_e05,summer,RetailStandalone-2717,-64503.0,-64503.0
RetailStandalone,task_rand_e05,summer,RetailStandalone-2718,-414007.3,-414007.3
RetailStandalone,task_rand_e05,summer,RetailStandalone-2738,-103860.5,-103860.5
RetailStandalone,task_rand_e05,summer,RetailStandalone-2743,-109220.4,-109220.4
RetailStandalone,task_rand_e05,summer,RetailStandalone-2751,-80263.6,-80263.6
RetailStandalone,task_rand_e05,summer,RetailStandalone-2774,-246692.1,-246692.1
RetailStandalone,task_rand_e05,summer,RetailStandalone-2783,-115689.9,-115689.9
RetailStandalone,task_rand_e05,summer,RetailStandalone-2784,-168808.9,-168808.9
RetailStandalone,task_rand_e05,summer,RetailStandalone-2788,-196568.3,-196568.3
RetailStandalone,task_rand_e05,summer,RetailStandalone-2791,-112941.6,-112941.6
RetailStandalone,task_rand_e05,summer,RetailStandalone-2795,-356070.0,-356070.0
RetailStandalone,task_rand_e05,summer,RetailStandalone-2813,-135243.6,-135243.6
RetailStandalone,task_rand_e05,summer,RetailStandalone-2814,-92233.1,-92233.1
RetailStandalone,task_rand_e05,summer,RetailStandalone-2830,-312487.9,-312487.9
RetailStandalone,task_rand_e05,summer,RetailStandalone-2837,-189901.4,-189901.4
RetailStandalone,task_rand_e05,summer,RetailStandalone-2845,-212327.1,-212327.1
RetailStandalone,task_rand_e05,summer,RetailStandalone-2850,-297337.3,-297337.3
RetailStandalone,task_rand_e05,summer,RetailStandalone-2853,-167146.2,-167146.2
RetailStandalone,task_rand_e05,summer,RetailStandalone-2865,-450595.9,-450595.9
RetailStandalone,task_rand_e05,summer,RetailStandalone-2871,-129715.2,-129715.2
RetailStandalone,task_rand_e05,summer,RetailStandalone-2872,-90492.8,-90492.8
RetailStandalone,task_rand_e05,summer,RetailStandalone-2877,-81739.2,-81739.2
RetailStandalone,task_rand_e05,summer,RetailStandalone-2883,-217028.0,-217028.0
RetailStandalone,task_rand_e05,summer,RetailStandalone-2886,-232014.6,-232014.6
RetailStandalone,task_rand_e05,summer,RetailStandalone-2902,-101789.1,-101789.1
RetailStandalone,task_rand_e05,summer,RetailStandalone-2905,-101874.0,-101874.0
RetailStandalone,task_rand_e05,summer,RetailStandalone-2906,-243798.1,-243798.1
RetailStandalone,task_rand_e05,summer,RetailStandalone-2911,-70727.2,-70727.2
RetailStandalone,task_rand_e05,summer,RetailStandalone-2921,-117761.6,-117761.6
RetailStandalone,task_rand_e05,summer,RetailStandalone-2929,-297550.8,-297550.8
RetailStandalone,task_rand_e05,summer,RetailStandalone-2952,-106103.7,-106103.7
RetailStandalone,task_rand_e05,summer,RetailStandalone-2959,-131379.6,-131379.6
RetailStandalone,task_rand_e05,summer,RetailStandalone-2991,-182324.7,-182324.7
RetailStandalone,task_rand_e05,summer,RetailStandalone-2997,-139129.7,-139129.7
RetailStandalone,task_rand_e05,summer,RetailStandalone-2998,-138197.2,-138197.2
RetailStandalone,task_rand_e05,summer,RetailStandalone-2999,-110322.7,-110322.7
RetailStandalone,task_rand_e05,summer,RetailStandalone-3000,-126978.0,-126978.0
RetailStandalone,task_rand_e05,winter,RetailStandalone-2035,-117442.0,-117442.0
RetailStandalone,task_rand_e05,winter,RetailStandalone-2046,-54219.6,-54219.6
RetailStandalone,task_rand_e05,winter,RetailStandalone-2052,-56832.5,-56832.5
RetailStandalone,task_rand_e05,winter,RetailStandalone-2056,-111754.0,-111754.0
RetailStandalone,task_rand_e05,winter,RetailStandalone-2067,-176035.7,-176035.7
RetailStandalone,task_rand_e05,winter,RetailStandalone-2075,-114275.8,-114275.8
RetailStandalone,task_rand_e05,winter,RetailStandalone-2090,-58410.2,-58410.2
RetailStandalone,task_rand_e05,winter,RetailStandalone-2091,-61653.7,-61653.7
RetailStandalone,task_rand_e05,winter,RetailStandalone-2105,-103789.4,-103789.4
RetailStandalone,task_rand_e05,winter,RetailStandalone-2113,-69345.2,-69345.2
RetailStandalone,task_rand_e05,winter,RetailStandalone-2128,-101293.4,-101293.4
RetailStandalone,task_rand_e05,winter,RetailStandalone-2131,-82218.6,-82218.6
RetailStandalone,task_rand_e05,winter,RetailStandalone-2143,-35927.4,-35927.4
RetailStandalone,task_rand_e05,winter,RetailStandalone-2151,-40769.7,-40769.7
RetailStandalone,task_rand_e05,winter,RetailStandalone-2157,-37911.9,-37911.9
RetailStandalone,task_rand_e05,winter,RetailStandalone-2168,-137543.1,-137543.1
RetailStandalone,task_rand_e05,winter,RetailStandalone-2207,-117977.2,-117977.2
RetailStandalone,task_rand_e05,winter,RetailStandalone-2219,-39748.1,-39748.1
RetailStandalone,task_rand_e05,winter,RetailStandalone-2224,-112379.4,-112379.4
RetailStandalone,task_rand_e05,winter,RetailStandalone-2240,-37532.6,-37532.6
RetailStandalone,task_rand_e05,winter,RetailStandalone-2241,-85545.0,-85545.0
RetailStandalone,task_rand_e05,winter,RetailStandalone-2255,-80029.8,-80029.8
RetailStandalone,task_rand_e05,winter,RetailStandalone-2264,-139403.6,-139403.6
RetailStandalone,task_rand_e05,winter,RetailStandalone-2283,-160585.9,-160585.9
RetailStandalone,task_rand_e05,winter,RetailStandalone-2289,-103806.6,-103806.6
RetailStandalone,task_rand_e05,winter,RetailStandalone-2299,-83311.7,-83311.7
RetailStandalone,task_rand_e05,winter,RetailStandalone-2312,-78227.4,-78227.4
RetailStandalone,task_rand_e05,winter,RetailStandalone-2317,-35753.1,-35753.1
RetailStandalone,task_rand_e05,winter,RetailStandalone-2322,-90998.8,-90998.8
RetailStandalone,task_rand_e05,winter,RetailStandalone-2328,-82027.0,-82027.0
RetailStandalone,task_rand_e05,winter,RetailStandalone-2335,-69666.5,-69666.5
RetailStandalone,task_rand_e05,winter,RetailStandalone-2346,-116501.7,-116501.7
RetailStandalone,task_rand_e05,winter,RetailStandalone-2378,-119140.7,-119140.7
RetailStandalone,task_rand_e05,winter,RetailStandalone-2391,-152485.6,-152485.6
RetailStandalone,task_rand_e05,winter,RetailStandalone-2399,-165202.7,-165202.7
RetailStandalone,task_rand_e05,winter,RetailStandalone-2402,-39341.7,-39341.7
RetailStandalone,task_rand_e05,winter,RetailStandalone-2403,-108548.6,-108548.6
RetailStandalone,task_rand_e05,winter,RetailStandalone-2409,-76583.8,-76583.8
RetailStandalone,task_rand_e05,winter,RetailStandalone-2413,-150958.3,-150958.3
RetailStandalone,task_rand_e05,winter,RetailStandalone-2420,-97108.9,-97108.9
RetailStandalone,task_rand_e05,winter,RetailStandalone-2436,-34814.5,-34814.5
RetailStandalone,task_rand_e05,winter,RetailStandalone-2447,-54843.7,-54843.7
RetailStandalone,task_rand_e05,winter,RetailStandalone-2470,-52308.5,-52308.5
RetailStandalone,task_rand_e05,winter,RetailStandalone-2499,-39185.0,-39185.0
RetailStandalone,task_rand_e05,winter,RetailStandalone-2513,-103651.2,-103651.2
RetailStandalone,task_rand_e05,winter,RetailStandalone-2521,-202785.3,-202785.3
RetailStandalone,task_rand_e05,winter,RetailStandalone-2524,-51811.2,-51811.2
RetailStandalone,task_rand_e05,winter,RetailStandalone-2532,-110350.8,-110350.8
RetailStandalone,task_rand_e05,winter,RetailStandalone-2545,-136387.2,-136387.2
RetailStandalone,task_rand_e05,winter,RetailStandalone-2556,-42963.9,-42963.9
RetailStandalone,task_rand_e05,winter,RetailStandalone-2563,-57226.8,-57226.8
RetailStandalone,task_rand_e05,winter,RetailStandalone-2586,-35164.9,-35164.9
RetailStandalone,task_rand_e05,winter,RetailStandalone-2607,-182298.3,-182298.3
RetailStandalone,task_rand_e05,winter,RetailStandalone-2608,-54217.5,-54217.5
RetailStandalone,task_rand_e05,winter,RetailStandalone-2626,-39735.7,-39735.7
RetailStandalone,task_rand_e05,winter,RetailStandalone-2627,-57709.5,-57709.5
RetailStandalone,task_rand_e05,winter,RetailStandalone-2628,-90877.5,-90877.5
RetailStandalone,task_rand_e05,winter,RetailStandalone-2677,-123685.7,-123685.7
RetailStandalone,task_rand_e05,winter,RetailStandalone-2678,-55776.4,-55776.4
RetailStandalone,task_rand_e05,winter,RetailStandalone-2681,-39619.7,-39619.7
RetailStandalone,task_rand_e05,winter,RetailStandalone-2683,-48327.3,-48327.3
RetailStandalone,task_rand_e05,winter,RetailStandalone-2697,-88181.8,-88181.8
RetailStandalone,task_rand_e05,winter,RetailStandalone-2715,-199334.0,-199334.0
RetailStandalone,task_rand_e05,winter,RetailStandalone-2717,-93773.0,-93773.0
RetailStandalone,task_rand_e05,winter,RetailStandalone-2718,-86406.5,-86406.5
RetailStandalone,task_rand_e05,winter,RetailStandalone-2738,-131169.1,-131169.1
RetailStandalone,task_rand_e05,winter,RetailStandalone-2743,-165056.7,-165056.7
RetailStandalone,task_rand_e05,winter,RetailStandalone-2751,-141243.9,-141243.9
RetailStandalone,task_rand_e05,winter,RetailStandalone-2774,-101406.1,-101406.1
RetailStandalone,task_rand_e05,winter,RetailStandalone-2783,-113732.0,-113732.0
RetailStandalone,task_rand_e05,winter,RetailStandalone-2784,-139896.2,-139896.2
RetailStandalone,task_rand_e05,winter,RetailStandalone-2788,-144060.9,-144060.9
RetailStandalone,task_rand_e05,winter,RetailStandalone-2791,-140767.4,-140767.4
RetailStandalone,task_rand_e05,winter,RetailStandalone-2795,-36049.3,-36049.3
RetailStandalone,task_rand_e05,winter,RetailStandalone-2813,-115201.3,-115201.3
RetailStandalone,task_rand_e05,winter,RetailStandalone-2814,-38334.3,-38334.3
RetailStandalone,task_rand_e05,winter,RetailStandalone-2830,-123513.6,-123513.6
RetailStandalone,task_rand_e05,winter,RetailStandalone-2837,-57974.3,-57974.3
RetailStandalone,task_rand_e05,winter,RetailStandalone-2845,-52800.5,-52800.5
RetailStandalone,task_rand_e05,winter,RetailStandalone-2850,-125485.5,-125485.5
RetailStandalone,task_rand_e05,winter,RetailStandalone-2853,-167912.3,-167912.3
RetailStandalone,task_rand_e05,winter,RetailStandalone-2865,-67315.5,-67315.5
RetailStandalone,task_rand_e05,winter,RetailStandalone-2871,-100498.3,-100498.3
RetailStandalone,task_rand_e05,winter,RetailStandalone-2872,-53169.2,-53169.2
RetailStandalone,task_rand_e05,winter,RetailStandalone-2877,-156333.4,-156333.4
RetailStandalone,task_rand_e05,winter,RetailStandalone-2883,-77245.7,-77245.7
RetailStandalone,task_rand_e05,winter,RetailStandalone-2886,-155326.1,-155326.1
RetailStandalone,task_rand_e05,winter,RetailStandalone-2902,-40274.4,-40274.4
RetailStandalone,task_rand_e05,winter,RetailStandalone-2905,-131753.9,-131753.9
RetailStandalone,task_rand_e05,winter,RetailStandalone-2906,-139491.4,-139491.4
RetailStandalone,task_rand_e05,winter,RetailStandalone-2911,-35046.5,-35046.5
RetailStandalone,task_rand_e05,winter,RetailStandalone-2921,-41553.1,-41553.1
RetailStandalone,task_rand_e05,winter,RetailStandalone-2929,-70159.8,-70159.8
RetailStandalone,task_rand_e05,winter,RetailStandalone-2952,-69973.5,-69973.5
RetailStandalone,task_rand_e05,winter,RetailStandalone-2959,-55925.8,-55925.8
RetailStandalone,task_rand_e05,winter,RetailStandalone-2991,-171570.9,-171570.9
RetailStandalone,task_rand_e05,winter,RetailStandalone-2997,-148430.6,-148430.6
RetailStandalone,task_rand_e05,winter,RetailStandalone-2998,-98780.8,-98780.8
RetailStandalone,task_rand_e05,winter,RetailStandalone-2999,-157904.3,-157904.3
RetailStandalone,task_rand_e05,winter,RetailStandalone-3000,-57043.8,-57043.8
SingleFamilyHouse,task_const_e0,full_year,SingleFamilyHouse-0002,-7352.5,-7352.5
SingleFamilyHouse,task_const_e0,full_year,SingleFamilyHouse-0017,-9536.2,-9536.2
SingleFamilyHouse,task_const_e0,full_year,SingleFamilyHouse-0019,-7154.1,-7154.1
SingleFamilyHouse,task_const_e0,full_year,SingleFamilyHouse-0025,-17127.6,-17127.6
SingleFamilyHouse,task_const_e0,full_year,SingleFamilyHouse-0034,-105197.4,-105197.4
SingleFamilyHouse,task_const_e0,full_year,SingleFamilyHouse-0035,-8089.0,-8089.0
SingleFamilyHouse,task_const_e0,full_year,SingleFamilyHouse-0039,-10568.6,-10568.6
SingleFamilyHouse,task_const_e0,full_year,SingleFamilyHouse-0050,-16251.8,-16251.8
SingleFamilyHouse,task_const_e0,full_year,SingleFamilyHouse-0054,-7610.9,-7610.9
SingleFamilyHouse,task_const_e0,full_year,SingleFamilyHouse-0057,-7888.7,-7888.7
SingleFamilyHouse,task_const_e0,full_year,SingleFamilyHouse-0077,-8839.6,-8839.6
SingleFamilyHouse,task_const_e0,full_year,SingleFamilyHouse-0086,-14682.4,-14682.4
SingleFamilyHouse,task_const_e0,full_year,SingleFamilyHouse-0114,-9702.0,-9702.0
SingleFamilyHouse,task_const_e0,full_year,SingleFamilyHouse-0151,-7780.5,-7780.5
SingleFamilyHouse,task_const_e0,full_year,SingleFamilyHouse-0175,-7908.3,-7908.3
SingleFamilyHouse,task_const_e0,full_year,SingleFamilyHouse-0178,-132351.5,-132351.5
SingleFamilyHouse,task_const_e0,full_year,SingleFamilyHouse-0185,-38545.9,-38545.9
SingleFamilyHouse,task_const_e0,full_year,SingleFamilyHouse-0186,-7988.5,-7988.5
SingleFamilyHouse,task_const_e0,full_year,SingleFamilyHouse-0190,-102209.5,-102209.5
SingleFamilyHouse,task_const_e0,full_year,SingleFamilyHouse-0201,-3361.7,-3361.7
SingleFamilyHouse,task_const_e0,full_year,SingleFamilyHouse-0203,-7647.5,-7647.5
SingleFamilyHouse,task_const_e0,full_year,SingleFamilyHouse-0211,-18838.6,-18838.6
SingleFamilyHouse,task_const_e0,full_year,SingleFamilyHouse-0222,-12478.6,-12478.6
SingleFamilyHouse,task_const_e0,full_year,SingleFamilyHouse-0248,-8216.9,-8216.9
SingleFamilyHouse,task_const_e0,full_year,SingleFamilyHouse-0265,-40057.4,-40057.4
SingleFamilyHouse,task_const_e0,full_year,SingleFamilyHouse-0291,-11839.1,-11839.1
SingleFamilyHouse,task_const_e0,full_year,SingleFamilyHouse-0294,-9905.8,-9905.8
SingleFamilyHouse,task_const_e0,full_year,SingleFamilyHouse-0299,-111434.8,-111434.8
SingleFamilyHouse,task_const_e0,full_year,SingleFamilyHouse-0300,-9120.1,-9120.1
SingleFamilyHouse,task_const_e0,full_year,SingleFamilyHouse-0335,-15800.8,-15800.8
SingleFamilyHouse,task_const_e0,full_year,SingleFamilyHouse-0337,-8032.9,-8032.9
SingleFamilyHouse,task_const_e0,full_year,SingleFamilyHouse-0351,-7129.0,-7129.0
SingleFamilyHouse,task_const_e0,full_year,SingleFamilyHouse-0355,-8075.3,-8075.3
SingleFamilyHouse,task_const_e0,full_year,SingleFamilyHouse-0365,-8677.2,-8677.2
SingleFamilyHouse,task_const_e0,full_year,SingleFamilyHouse-0366,-10095.2,-10095.2
SingleFamilyHouse,task_const_e0,full_year,SingleFamilyHouse-0370,-8767.5,-8767.5
SingleFamilyHouse,task_const_e0,full_year,SingleFamilyHouse-0387,-7567.3,-7567.3
SingleFamilyHouse,task_const_e0,full_year,SingleFamilyHouse-0399,-14834.4,-14834.4
SingleFamilyHouse,task_const_e0,full_year,SingleFamilyHouse-0415,-8437.2,-8437.2
SingleFamilyHouse,task_const_e0,full_year,SingleFamilyHouse-0419,-11923.8,-11923.8
SingleFamilyHouse,task_const_e0,full_year,SingleFamilyHouse-0425,-8865.2,-8865.2
SingleFamilyHouse,task_const_e0,full_year,SingleFamilyHouse-0427,-8984.7,-8984.7
SingleFamilyHouse,task_const_e0,full_year,SingleFamilyHouse-0429,-7496.9,-7496.9
SingleFamilyHouse,task_const_e0,full_year,SingleFamilyHouse-0451,-10675.4,-10675.4
SingleFamilyHouse,task_const_e0,full_year,SingleFamilyHouse-0467,-8354.0,-8354.0
SingleFamilyHouse,task_const_e0,full_year,SingleFamilyHouse-0468,-72733.1,-72733.1
SingleFamilyHouse,task_const_e0,full_year,SingleFamilyHouse-0477,-8988.0,-8988.0
SingleFamilyHouse,task_const_e0,full_year,SingleFamilyHouse-0484,-7732.3,-7732.3
SingleFamilyHouse,task_const_e0,full_year,SingleFamilyHouse-0494,-104928.7,-104928.7
SingleFamilyHouse,task_const_e0,full_year,SingleFamilyHouse-0497,-8350.4,-8350.4
SingleFamilyHouse,task_const_e0,full_year,SingleFamilyHouse-0502,-7279.2,-7279.2
SingleFamilyHouse,task_const_e0,full_year,SingleFamilyHouse-0507,-7422.5,-7422.5
SingleFamilyHouse,task_const_e0,full_year,SingleFamilyHouse-0508,-12336.5,-12336.5
SingleFamilyHouse,task_const_e0,full_year,SingleFamilyHouse-0509,-61912.9,-61912.9
SingleFamilyHouse,task_const_e0,full_year,SingleFamilyHouse-0524,-8062.3,-8062.3
SingleFamilyHouse,task_const_e0,full_year,SingleFamilyHouse-0529,-23779.2,-23779.2
SingleFamilyHouse,task_const_e0,full_year,SingleFamilyHouse-0539,-17402.6,-17402.6
SingleFamilyHouse,task_const_e0,full_year,SingleFamilyHouse-0555,-7970.3,-7970.3
SingleFamilyHouse,task_const_e0,full_year,SingleFamilyHouse-0582,-32583.1,-32583.1
SingleFamilyHouse,task_const_e0,full_year,SingleFamilyHouse-0587,-58309.2,-58309.2
SingleFamilyHouse,task_const_e0,full_year,SingleFamilyHouse-0590,-7927.9,-7927.9
SingleFamilyHouse,task_const_e0,full_year,SingleFamilyHouse-0597,-8637.0,-8637.0
SingleFamilyHouse,task_const_e0,full_year,SingleFamilyHouse-0608,-13859.7,-13859.7
SingleFamilyHouse,task_const_e0,full_year,SingleFamilyHouse-0615,-7544.1,-7544.1
SingleFamilyHouse,task_const_e0,full_year,SingleFamilyHouse-0616,-21386.6,-21386.6
SingleFamilyHouse,task_const_e0,full_year,SingleFamilyHouse-0623,-9448.9,-9448.9
SingleFamilyHouse,task_const_e0,full_year,SingleFamilyHouse-0631,-3837.3,-3837.3
SingleFamilyHouse,task_const_e0,full_year,SingleFamilyHouse-0639,-21257.5,-21257.5
SingleFamilyHouse,task_const_e0,full_year,SingleFamilyHouse-0667,-6679.0,-6679.0
SingleFamilyHouse,task_const_e0,full_year,SingleFamilyHouse-0683,-8912.9,-8912.9
SingleFamilyHouse,task_const_e0,full_year,SingleFamilyHouse-0695,-13166.6,-13166.6
SingleFamilyHouse,task_const_e0,full_year,SingleFamilyHouse-0714,-9673.9,-9673.9
SingleFamilyHouse,task_const_e0,full_year,SingleFamilyHouse-0721,-10104.3,-10104.3
SingleFamilyHouse,task_const_e0,full_year,SingleFamilyHouse-0733,-12609.7,-12609.7
SingleFamilyHouse,task_const_e0,full_year,SingleFamilyHouse-0742,-9696.0,-9696.0
SingleFamilyHouse,task_const_e0,full_year,SingleFamilyHouse-0751,-10062.5,-10062.5
SingleFamilyHouse,task_const_e0,full_year,SingleFamilyHouse-0761,-8508.2,-8508.2
SingleFamilyHouse,task_const_e0,full_year,SingleFamilyHouse-0764,-10693.2,-10693.2
SingleFamilyHouse,task_const_e0,full_year,SingleFamilyHouse-0766,-8285.5,-8285.5
SingleFamilyHouse,task_const_e0,full_year,SingleFamilyHouse-0771,-9274.5,-9274.5
SingleFamilyHouse,task_const_e0,full_year,SingleFamilyHouse-0773,-8320.2,-8320.2
SingleFamilyHouse,task_const_e0,full_year,SingleFamilyHouse-0777,-9311.1,-9311.1
SingleFamilyHouse,task_const_e0,full_year,SingleFamilyHouse-0790,-13071.6,-13071.6
SingleFamilyHouse,task_const_e0,full_year,SingleFamilyHouse-0791,-9625.1,-9625.1
SingleFamilyHouse,task_const_e0,full_year,SingleFamilyHouse-0793,-8216.0,-8216.0
SingleFamilyHouse,task_const_e0,full_year,SingleFamilyHouse-0798,-11239.5,-11239.5
SingleFamilyHouse,task_const_e0,full_year,SingleFamilyHouse-0810,-9820.1,-9820.1
SingleFamilyHouse,task_const_e0,full_year,SingleFamilyHouse-0843,-37916.0,-37916.0
SingleFamilyHouse,task_const_e0,full_year,SingleFamilyHouse-0849,-8533.4,-8533.4
SingleFamilyHouse,task_const_e0,full_year,SingleFamilyHouse-0880,-9040.3,-9040.3
SingleFamilyHouse,task_const_e0,full_year,SingleFamilyHouse-0892,-8745.5,-8745.5
SingleFamilyHouse,task_const_e0,full_year,SingleFamilyHouse-0896,-7699.9,-7699.9
SingleFamilyHouse,task_const_e0,full_year,SingleFamilyHouse-0897,-14835.8,-14835.8
SingleFamilyHouse,task_const_e0,full_year,SingleFamilyHouse-0910,-76600.6,-76600.6
SingleFamilyHouse,task_const_e0,full_year,SingleFamilyHouse-0912,-15824.3,-15824.3
SingleFamilyHouse,task_const_e0,full_year,SingleFamilyHouse-0923,-9823.3,-9823.3
SingleFamilyHouse,task_const_e0,full_year,SingleFamilyHouse-0925,-10929.3,-10929.3
SingleFamilyHouse,task_const_e0,full_year,SingleFamilyHouse-0929,-81106.3,-81106.3
SingleFamilyHouse,task_const_e0,full_year,SingleFamilyHouse-0941,-123695.5,-123695.5
SingleFamilyHouse,task_const_e0,full_year,SingleFamilyHouse-0966,-118220.4,-118220.4
SingleFamilyHouse,task_const_e0,summer,SingleFamilyHouse-0002,-3723.3,-3723.3
SingleFamilyHouse,task_const_e0,summer,SingleFamilyHouse-0017,-4179.6,-4179.6
SingleFamilyHouse,task_const_e0,summer,SingleFamilyHouse-0019,-3664.9,-3664.9
SingleFamilyHouse,task_const_e0,summer,SingleFamilyHouse-0025,-3808.0,-3808.0
SingleFamilyHouse,task_const_e0,summer,SingleFamilyHouse-0034,-30876.0,-30876.0
SingleFamilyHouse,task_const_e0,summer,SingleFamilyHouse-0035,-4629.6,-4629.6
SingleFamilyHouse,task_const_e0,summer,SingleFamilyHouse-0039,-4306.1,-4306.1
SingleFamilyHouse,task_const_e0,summer,SingleFamilyHouse-0050,-2942.0,-2942.0
SingleFamilyHouse,task_const_e0,summer,SingleFamilyHouse-0054,-3418.2,-3418.2
SingleFamilyHouse,task_const_e0,summer,SingleFamilyHouse-0057,-4072.6,-4072.6
SingleFamilyHouse,task_const_e0,summer,SingleFamilyHouse-0077,-2399.5,-2399.5
SingleFamilyHouse,task_const_e0,summer,SingleFamilyHouse-0086,-2558.7,-2558.7
SingleFamilyHouse,task_const_e0,summer,SingleFamilyHouse-0114,-4200.5,-4200.5
SingleFamilyHouse,task_const_e0,summer,SingleFamilyHouse-0151,-2913.2,-2913.2
SingleFamilyHouse,task_const_e0,summer,SingleFamilyHouse-0175,-1999.9,-1999.9
SingleFamilyHouse,task_const_e0,summer,SingleFamilyHouse-0178,-13660.0,-13660.0
SingleFamilyHouse,task_const_e0,summer,SingleFamilyHouse-0185,-4893.7,-4893.7
SingleFamilyHouse,task_const_e0,summer,SingleFamilyHouse-0186,-4499.7,-4499.7
SingleFamilyHouse,task_const_e0,summer,SingleFamilyHouse-0190,-10084.1,-10084.1
SingleFamilyHouse,task_const_e0,summer,SingleFamilyHouse-0201,-1617.6,-1617.6
SingleFamilyHouse,task_const_e0,summer,SingleFamilyHouse-0203,-4551.3,-4551.3
SingleFamilyHouse,task_const_e0,summer,SingleFamilyHouse-0211,-2434.2,-2434.2
SingleFamilyHouse,task_const_e0,summer,SingleFamilyHouse-0222,-2520.5,-2520.5
SingleFamilyHouse,task_const_e0,summer,SingleFamilyHouse-0248,-2147.5,-2147.5
SingleFamilyHouse,task_const_e0,summer,SingleFamilyHouse-0265,-3520.3,-3520.3
SingleFamilyHouse,task_const_e0,summer,SingleFamilyHouse-0291,-4723.1,-4723.1
SingleFamilyHouse,task_const_e0,summer,SingleFamilyHouse-0294,-3705.4,-3705.4
SingleFamilyHouse,task_const_e0,summer,SingleFamilyHouse-0299,-41872.1,-41872.1
SingleFamilyHouse,task_const_e0,summer,SingleFamilyHouse-0300,-3759.1,-3759.1
SingleFamilyHouse,task_const_e0,summer,SingleFamilyHouse-0335,-5719.9,-5719.9
SingleFamilyHouse,task_const_e0,summer,SingleFamilyHouse-0337,-3317.9,-3317.9
SingleFamilyHouse,task_const_e0,summer,SingleFamilyHouse-0351,-4319.3,-4319.3
SingleFamilyHouse,task_const_e0,summer,SingleFamilyHouse-0355,-2875.0,-2875.0
SingleFamilyHouse,task_const_e0,summer,SingleFamilyHouse-0365,-2633.5,-2633.5
SingleFamilyHouse,task_const_e0,summer,SingleFamilyHouse-0366,-4569.9,-4569.9
SingleFamilyHouse,task_const_e0,summer,SingleFamilyHouse-0370,-2682.1,-2682.1
SingleFamilyHouse,task_const_e0,summer,SingleFamilyHouse-0387,-2896.6,-2896.6
SingleFamilyHouse,task_const_e0,summer,SingleFamilyHouse-0399,-3133.5,-3133.5
SingleFamilyHouse,task_const_e0,summer,SingleFamilyHouse-0415,-2101.4,-2101.4
SingleFamilyHouse,task_const_e0,summer,SingleFamilyHouse-0419,-4554.2,-4554.2
SingleFamilyHouse,task_const_e0,summer,SingleFamilyHouse-0425,-2447.5,-2447.5
SingleFamilyHouse,task_const_e0,summer,SingleFamilyHouse-0427,-3954.1,-3954.1
SingleFamilyHouse,task_const_e0,summer,SingleFamilyHouse-0429,-2397.6,-2397.6
SingleFamilyHouse,task_const_e0,summer,SingleFamilyHouse-0451,-4103.0,-4103.0
SingleFamilyHouse,task_const_e0,summer,SingleFamilyHouse-0467,-3700.0,-3700.0
SingleFamilyHouse,task_const_e0,summer,SingleFamilyHouse-0468,-3385.0,-3385.0
SingleFamilyHouse,task_const_e0,summer,SingleFamilyHouse-0477,-4090.7,-4090.7
SingleFamilyHouse,task_const_e0,summer,SingleFamilyHouse-0484,-3458.4,-3458.4
SingleFamilyHouse,task_const_e0,summer,SingleFamilyHouse-0494,-30912.7,-30912.7
SingleFamilyHouse,task_const_e0,summer,SingleFamilyHouse-0497,-2754.2,-2754.2
SingleFamilyHouse,task_const_e0,summer,SingleFamilyHouse-0502,-4111.0,-4111.0
SingleFamilyHouse,task_const_e0,summer,SingleFamilyHouse-0507,-4576.5,-4576.5
SingleFamilyHouse,task_const_e0,summer,SingleFamilyHouse-0508,-5558.2,-5558.2
SingleFamilyHouse,task_const_e0,summer,SingleFamilyHouse-0509,-3334.6,-3334.6
SingleFamilyHouse,task_const_e0,summer,SingleFamilyHouse-0524,-1981.1,-1981.1
SingleFamilyHouse,task_const_e0,summer,SingleFamilyHouse-0529,-3930.6,-3930.6
SingleFamilyHouse,task_const_e0,summer,SingleFamilyHouse-0539,-2718.3,-2718.3
SingleFamilyHouse,task_const_e0,summer,SingleFamilyHouse-0555,-2857.4,-2857.4
SingleFamilyHouse,task_const_e0,summer,SingleFamilyHouse-0582,-3938.4,-3938.4
SingleFamilyHouse,task_const_e0,summer,SingleFamilyHouse-0587,-3135.2,-3135.2
SingleFamilyHouse,task_const_e0,summer,SingleFamilyHouse-0590,-2360.6,-2360.6
SingleFamilyHouse,task_const_e0,summer,SingleFamilyHouse-0597,-2263.8,-2263.8
SingleFamilyHouse,task_const_e0,summer,SingleFamilyHouse-0608,-2568.8,-2568.8
SingleFamilyHouse,task_const_e0,summer,SingleFamilyHouse-0615,-3062.5,-3062.5
SingleFamilyHouse,task_const_e0,summer,SingleFamilyHouse-0616,-4262.1,-4262.1
SingleFamilyHouse,task_const_e0,summer,SingleFamilyHouse-0623,-3626.9,-3626.9
SingleFamilyHouse,task_const_e0,summer,SingleFamilyHouse-0631,-1816.1,-1816.1
SingleFamilyHouse,task_const_e0,summer,SingleFamilyHouse-0639,-6744.8,-6744.8
SingleFamilyHouse,task_const_e0,summer,SingleFamilyHouse-0667,-4022.0,-4022.0
SingleFamilyHouse,task_const_e0,summer,SingleFamilyHouse-0683,-2968.5,-2968.5
SingleFamilyHouse,task_const_e0,summer,SingleFamilyHouse-0695,-4205.2,-4205.2
SingleFamilyHouse,task_const_e0,summer,SingleFamilyHouse-0714,-2614.8,-2614.8
SingleFamilyHouse,task_const_e0,summer,SingleFamilyHouse-0721,-3726.1,-3726.1
SingleFamilyHouse,task_const_e0,summer,SingleFamilyHouse-0733,-2736.0,-2736.0
SingleFamilyHouse,task_const_e0,summer,SingleFamilyHouse-0742,-2783.8,-2783.8
SingleFamilyHouse,task_const_e0,summer,SingleFamilyHouse-0751,-2046.8,-2046.8
SingleFamilyHouse,task_const_e0,summer,SingleFamilyHouse-0761,-2612.4,-2612.4
SingleFamilyHouse,task_const_e0,summer,SingleFamilyHouse-0764,-3308.7,-3308.7
SingleFamilyHouse,task_const_e0,summer,SingleFamilyHouse-0766,-4173.0,-4173.0
SingleFamilyHouse,task_const_e0,summer,SingleFamilyHouse-0771,-4294.8,-4294.8
SingleFamilyHouse,task_const_e0,summer,SingleFamilyHouse-0773,-2425.0,-2425.0
SingleFamilyHouse,task_const_e0,summer,SingleFamilyHouse-0777,-3541.1,-3541.1
SingleFamilyHouse,task_const_e0,summer,SingleFamilyHouse-0790,-2196.9,-2196.9
SingleFamilyHouse,task_const_e0,summer,SingleFamilyHouse-0791,-3242.8,-3242.8
SingleFamilyHouse,task_const_e0,summer,SingleFamilyHouse-0793,-2800.8,-2800.8
SingleFamilyHouse,task_const_e0,summer,SingleFamilyHouse-0798,-2344.6,-2344.6
SingleFamilyHouse,task_const_e0,summer,SingleFamilyHouse-0810,-3453.9,-3453.9
SingleFamilyHouse,task_const_e0,summer,SingleFamilyHouse-0843,-4308.8,-4308.8
SingleFamilyHouse,task_const_e0,summer,SingleFamilyHouse-0849,-2071.3,-2071.3
SingleFamilyHouse,task_const_e0,summer,SingleFamilyHouse-0880,-4400.1,-4400.1
SingleFamilyHouse,task_const_e0,summer,SingleFamilyHouse-0892,-2352.7,-2352.7
SingleFamilyHouse,task_const_e0,summer,SingleFamilyHouse-0896,-3627.8,-3627.8
SingleFamilyHouse,task_const_e0,summer,SingleFamilyHouse-0897,-3788.2,-3788.2
SingleFamilyHouse,task_const_e0,summer,SingleFamilyHouse-0910,-4170.5,-4170.5
SingleFamilyHouse,task_const_e0,summer,SingleFamilyHouse-0912,-3830.1,-3830.1
SingleFamilyHouse,task_const_e0,summer,SingleFamilyHouse-0923,-3844.0,-3844.0
SingleFamilyHouse,task_const_e0,summer,SingleFamilyHouse-0925,-2522.7,-2522.7
SingleFamilyHouse,task_const_e0,summer,SingleFamilyHouse-0929,-4023.2,-4023.2
SingleFamilyHouse,task_const_e0,summer,SingleFamilyHouse-0941,-66798.7,-66798.7
SingleFamilyHouse,task_const_e0,summer,SingleFamilyHouse-0966,-51633.4,-51633.4
SingleFamilyHouse,task_const_e0,winter,SingleFamilyHouse-0002,-3598.4,-3598.4
SingleFamilyHouse,task_const_e0,winter,SingleFamilyHouse-0017,-6571.3,-6571.3
SingleFamilyHouse,task_const_e0,winter,SingleFamilyHouse-0019,-3464.7,-3464.7
SingleFamilyHouse,task_const_e0,winter,SingleFamilyHouse-0025,-16225.9,-16225.9
SingleFamilyHouse,task_const_e0,winter,SingleFamilyHouse-0034,-5186.2,-5186.2
SingleFamilyHouse,task_const_e0,winter,SingleFamilyHouse-0035,-5146.2,-5146.2
SingleFamilyHouse,task_const_e0,winter,SingleFamilyHouse-0039,-7455.3,-7455.3
SingleFamilyHouse,task_const_e0,winter,SingleFamilyHouse-0050,-14230.7,-14230.7
SingleFamilyHouse,task_const_e0,winter,SingleFamilyHouse-0054,-4109.9,-4109.9
SingleFamilyHouse,task_const_e0,winter,SingleFamilyHouse-0057,-4472.8,-4472.8
SingleFamilyHouse,task_const_e0,winter,SingleFamilyHouse-0077,-4864.1,-4864.1
SingleFamilyHouse,task_const_e0,winter,SingleFamilyHouse-0086,-12687.6,-12687.6
SingleFamilyHouse,task_const_e0,winter,SingleFamilyHouse-0114,-5817.5,-5817.5
SingleFamilyHouse,task_const_e0,winter,SingleFamilyHouse-0151,-4029.4,-4029.4
SingleFamilyHouse,task_const_e0,winter,SingleFamilyHouse-0175,-3655.9,-3655.9
SingleFamilyHouse,task_const_e0,winter,SingleFamilyHouse-0178,-4710.4,-4710.4
SingleFamilyHouse,task_const_e0,winter,SingleFamilyHouse-0185,-4864.1,-4864.1
SingleFamilyHouse,task_const_e0,winter,SingleFamilyHouse-0186,-4367.5,-4367.5
SingleFamilyHouse,task_const_e0,winter,SingleFamilyHouse-0190,-4081.2,-4081.2
SingleFamilyHouse,task_const_e0,winter,SingleFamilyHouse-0201,-1200.2,-1200.2
SingleFamilyHouse,task_const_e0,winter,SingleFamilyHouse-0203,-4209.4,-4209.4
SingleFamilyHouse,task_const_e0,winter,SingleFamilyHouse-0211,-18014.1,-18014.1
SingleFamilyHouse,task_const_e0,winter,SingleFamilyHouse-0222,-9519.5,-9519.5
SingleFamilyHouse,task_const_e0,winter,SingleFamilyHouse-0248,-4103.1,-4103.1
SingleFamilyHouse,task_const_e0,winter,SingleFamilyHouse-0265,-4987.9,-4987.9
SingleFamilyHouse,task_const_e0,winter,SingleFamilyHouse-0291,-9598.2,-9598.2
SingleFamilyHouse,task_const_e0,winter,SingleFamilyHouse-0294,-5994.7,-5994.7
SingleFamilyHouse,task_const_e0,winter,SingleFamilyHouse-0299,-3456.1,-3456.1
SingleFamilyHouse,task_const_e0,winter,SingleFamilyHouse-0300,-6287.2,-6287.2
SingleFamilyHouse,task_const_e0,winter,SingleFamilyHouse-0335,-10668.7,-10668.7
SingleFamilyHouse,task_const_e0,winter,SingleFamilyHouse-0337,-4334.3,-4334.3
SingleFamilyHouse,task_const_e0,winter,SingleFamilyHouse-0351,-3938.1,-3938.1
SingleFamilyHouse,task_const_e0,winter,SingleFamilyHouse-0355,-4636.6,-4636.6
SingleFamilyHouse,task_const_e0,winter,SingleFamilyHouse-0365,-4164.6,-4164.6
SingleFamilyHouse,task_const_e0,winter,SingleFamilyHouse-0366,-7259.2,-7259.2
SingleFamilyHouse,task_const_e0,winter,SingleFamilyHouse-0370,-5348.1,-5348.1
SingleFamilyHouse,task_const_e0,winter,SingleFamilyHouse-0387,-3637.0,-3637.0
SingleFamilyHouse,task_const_e0,winter,SingleFamilyHouse-0399,-13470.6,-13470.6
SingleFamilyHouse,task_const_e0,winter,SingleFamilyHouse-0415,-4712.6,-4712.6
SingleFamilyHouse,task_const_e0,winter,SingleFamilyHouse-0419,-10083.2,-10083.2
SingleFamilyHouse,task_const_e0,winter,SingleFamilyHouse-0425,-4924.8,-4924.8
SingleFamilyHouse,task_const_e0,winter,SingleFamilyHouse-0427,-5402.2,-5402.2
SingleFamilyHouse,task_const_e0,winter,SingleFamilyHouse-0429,-3502.0,-3502.0
SingleFamilyHouse,task_const_e0,winter,SingleFamilyHouse-0451,-7098.9,-7098.9
SingleFamilyHouse,task_const_e0,winter,SingleFamilyHouse-0467,-4577.4,-4577.4
SingleFamilyHouse,task_const_e0,winter,SingleFamilyHouse-0468,-83419.7,-83419.7
SingleFamilyHouse,task_const_e0,winter,SingleFamilyHouse-0477,-5312.2,-5312.2
SingleFamilyHouse,task_const_e0,winter,SingleFamilyHouse-0484,-3554.2,-3554.2
SingleFamilyHouse,task_const_e0,winter,SingleFamilyHouse-0494,-3926.3,-3926.3
SingleFamilyHouse,task_const_e0,winter,SingleFamilyHouse-0497,-4776.0,-4776.0
SingleFamilyHouse,task_const_e0,winter,SingleFamilyHouse-0502,-3853.2,-3853.2
SingleFamilyHouse,task_const_e0,winter,SingleFamilyHouse-0507,-4026.1,-4026.1
SingleFamilyHouse,task_const_e0,winter,SingleFamilyHouse-0508,-4546.0,-4546.0
SingleFamilyHouse,task_const_e0,winter,SingleFamilyHouse-0509,-4028.2,-4028.2
SingleFamilyHouse,task_const_e0,winter,SingleFamilyHouse-0524,-3873.4,-3873.4
SingleFamilyHouse,task_const_e0,winter,SingleFamilyHouse-0529,-23523.7,-23523.7
SingleFamilyHouse,task_const_e0,winter,SingleFamilyHouse-0539,-16324.5,-16324.5
SingleFamilyHouse,task_const_e0,winter,SingleFamilyHouse-0555,-4296.0,-4296.0
SingleFamilyHouse,task_const_e0,winter,SingleFamilyHouse-0582,-36416.4,-36416.4
SingleFamilyHouse,task_const_e0,winter,SingleFamilyHouse-0587,-4279.7,-4279.7
SingleFamilyHouse,task_const_e0,winter,SingleFamilyHouse-0590,-4101.8,-4101.8
SingleFamilyHouse,task_const_e0,winter,SingleFamilyHouse-0597,-3577.3,-3577.3
SingleFamilyHouse,task_const_e0,winter,SingleFamilyHouse-0608,-11846.8,-11846.8
SingleFamilyHouse,task_const_e0,winter,SingleFamilyHouse-0615,-4018.5,-4018.5
SingleFamilyHouse,task_const_e0,winter,SingleFamilyHouse-0616,-21933.6,-21933.6
SingleFamilyHouse,task_const_e0,winter,SingleFamilyHouse-0623,-6240.8,-6240.8
SingleFamilyHouse,task_const_e0,winter,SingleFamilyHouse-0631,-2330.7,-2330.7
SingleFamilyHouse,task_const_e0,winter,SingleFamilyHouse-0639,-14063.4,-14063.4
SingleFamilyHouse,task_const_e0,winter,SingleFamilyHouse-0667,-3445.4,-3445.4
SingleFamilyHouse,task_const_e0,winter,SingleFamilyHouse-0683,-5490.1,-5490.1
SingleFamilyHouse,task_const_e0,winter,SingleFamilyHouse-0695,-11477.1,-11477.1
SingleFamilyHouse,task_const_e0,winter,SingleFamilyHouse-0714,-6150.6,-6150.6
SingleFamilyHouse,task_const_e0,winter,SingleFamilyHouse-0721,-6889.5,-6889.5
SingleFamilyHouse,task_const_e0,winter,SingleFamilyHouse-0733,-9894.8,-9894.8
SingleFamilyHouse,task_const_e0,winter,SingleFamilyHouse-0742,-6297.3,-6297.3
SingleFamilyHouse,task_const_e0,winter,SingleFamilyHouse-0751,-6664.3,-6664.3
SingleFamilyHouse,task_const_e0,winter,SingleFamilyHouse-0761,-4286.1,-4286.1
SingleFamilyHouse,task_const_e0,winter,SingleFamilyHouse-0764,-7889.9,-7889.9
SingleFamilyHouse,task_const_e0,winter,SingleFamilyHouse-0766,-3335.8,-3335.8
SingleFamilyHouse,task_const_e0,winter,SingleFamilyHouse-0771,-6136.3,-6136.3
SingleFamilyHouse,task_const_e0,winter,SingleFamilyHouse-0773,-4674.3,-4674.3
SingleFamilyHouse,task_const_e0,winter,SingleFamilyHouse-0777,-6159.6,-6159.6
SingleFamilyHouse,task_const_e0,winter,SingleFamilyHouse-0790,-9781.6,-9781.6
SingleFamilyHouse,task_const_e0,winter,SingleFamilyHouse-0791,-6711.7,-6711.7
SingleFamilyHouse,task_const_e0,winter,SingleFamilyHouse-0793,-4518.4,-4518.4
SingleFamilyHouse,task_const_e0,winter,SingleFamilyHouse-0798,-7812.7,-7812.7
SingleFamilyHouse,task_const_e0,winter,SingleFamilyHouse-0810,-6554.5,-6554.5
SingleFamilyHouse,task_const_e0,winter,SingleFamilyHouse-0843,-4157.8,-4157.8
SingleFamilyHouse,task_const_e0,winter,SingleFamilyHouse-0849,-3766.8,-3766.8
SingleFamilyHouse,task_const_e0,winter,SingleFamilyHouse-0880,-5084.4,-5084.4
SingleFamilyHouse,task_const_e0,winter,SingleFamilyHouse-0892,-5176.2,-5176.2
SingleFamilyHouse,task_const_e0,winter,SingleFamilyHouse-0896,-4047.4,-4047.4
SingleFamilyHouse,task_const_e0,winter,SingleFamilyHouse-0897,-13710.8,-13710.8
SingleFamilyHouse,task_const_e0,winter,SingleFamilyHouse-0910,-4476.7,-4476.7
SingleFamilyHouse,task_const_e0,winter,SingleFamilyHouse-0912,-14141.5,-14141.5
SingleFamilyHouse,task_const_e0,winter,SingleFamilyHouse-0923,-6416.6,-6416.6
SingleFamilyHouse,task_const_e0,winter,SingleFamilyHouse-0925,-8074.8,-8074.8
SingleFamilyHouse,task_const_e0,winter,SingleFamilyHouse-0929,-4565.4,-4565.4
SingleFamilyHouse,task_const_e0,winter,SingleFamilyHouse-0941,-4321.8,-4321.8
SingleFamilyHouse,task_const_e0,winter,SingleFamilyHouse-0966,-4567.5,-4567.5
SingleFamilyHouse,task_const_e05,full_year,SingleFamilyHouse-0002,-212963.0,-212963.0
SingleFamilyHouse,task_const_e05,full_year,SingleFamilyHouse-0017,-241679.4,-241679.4
SingleFamilyHouse,task_const_e05,full_year,SingleFamilyHouse-0019,-209454.1,-209454.1
SingleFamilyHouse,task_const_e05,full_year,SingleFamilyHouse-0025,-417906.1,-417906.1
SingleFamilyHouse,task_const_e05,full_year,SingleFamilyHouse-0034,-2582044.4,-2582044.4
SingleFamilyHouse,task_const_e05,full_year,SingleFamilyHouse-0035,-223369.5,-223369.5
SingleFamilyHouse,task_const_e05,full_year,SingleFamilyHouse-0039,-283793.4,-283793.4
SingleFamilyHouse,task_const_e05,full_year,SingleFamilyHouse-0050,-473754.1,-473754.1
SingleFamilyHouse,task_const_e05,full_year,SingleFamilyHouse-0054,-246884.0,-246884.0
SingleFamilyHouse,task_const_e05,full_year,SingleFamilyHouse-0057,-236752.3,-236752.3
SingleFamilyHouse,task_const_e05,full_year,SingleFamilyHouse-0077,-301599.8,-301599.8
SingleFamilyHouse,task_const_e05,full_year,SingleFamilyHouse-0086,-410035.5,-410035.5
SingleFamilyHouse,task_const_e05,full_year,SingleFamilyHouse-0114,-297260.1,-297260.1
SingleFamilyHouse,task_const_e05,full_year,SingleFamilyHouse-0151,-270982.6,-270982.6
SingleFamilyHouse,task_const_e05,full_year,SingleFamilyHouse-0175,-237765.3,-237765.3
SingleFamilyHouse,task_const_e05,full_year,SingleFamilyHouse-0178,-3195691.2,-3195691.2
SingleFamilyHouse,task_const_e05,full_year,SingleFamilyHouse-0185,-969179.6,-969179.6
SingleFamilyHouse,task_const_e05,full_year,SingleFamilyHouse-0186,-228698.0,-228698.0
SingleFamilyHouse,task_const_e05,full_year,SingleFamilyHouse-0190,-2479375.5,-2479375.5
SingleFamilyHouse,task_const_e05,full_year,SingleFamilyHouse-0201,-99272.2,-99272.2
SingleFamilyHouse,task_const_e05,full_year,SingleFamilyHouse-0203,-210208.0,-210208.0
SingleFamilyHouse,task_const_e05,full_year,SingleFamilyHouse-0211,-466443.2,-466443.2
SingleFamilyHouse,task_const_e05,full_year,SingleFamilyHouse-0222,-382167.0,-382167.0
SingleFamilyHouse,task_const_e05,full_year,SingleFamilyHouse-0248,-260259.6,-260259.6
SingleFamilyHouse,task_const_e05,full_year,SingleFamilyHouse-0265,-1001804.5,-1001804.5
SingleFamilyHouse,task_const_e05,full_year,SingleFamilyHouse-0291,-328884.6,-328884.6
SingleFamilyHouse,task_const_e05,full_year,SingleFamilyHouse-0294,-266490.2,-266490.2
SingleFamilyHouse,task_const_e05,full_year,SingleFamilyHouse-0299,-2733360.4,-2733360.4
SingleFamilyHouse,task_const_e05,full_year,SingleFamilyHouse-0300,-261424.9,-261424.9
SingleFamilyHouse,task_const_e05,full_year,SingleFamilyHouse-0335,-423457.3,-423457.3
SingleFamilyHouse,task_const_e05,full_year,SingleFamilyHouse-0337,-242498.2,-242498.2
SingleFamilyHouse,task_const_e05,full_year,SingleFamilyHouse-0351,-217913.2,-217913.2
SingleFamilyHouse,task_const_e05,full_year,SingleFamilyHouse-0355,-248867.7,-248867.7
SingleFamilyHouse,task_const_e05,full_year,SingleFamilyHouse-0365,-277164.7,-277164.7
SingleFamilyHouse,task_const_e05,full_year,SingleFamilyHouse-0366,-275931.2,-275931.2
SingleFamilyHouse,task_const_e05,full_year,SingleFamilyHouse-0370,-219033.8,-219033.8
SingleFamilyHouse,task_const_e05,full_year,SingleFamilyHouse-0387,-188057.6,-188057.6
SingleFamilyHouse,task_const_e05,full_year,SingleFamilyHouse-0399,-368878.1,-368878.1
SingleFamilyHouse,task_const_e05,full_year,SingleFamilyHouse-0415,-256631.2,-256631.2
SingleFamilyHouse,task_const_e05,full_year,SingleFamilyHouse-0419,-323956.6,-323956.6
SingleFamilyHouse,task_const_e05,full_year,SingleFamilyHouse-0425,-218799.4,-218799.4
SingleFamilyHouse,task_const_e05,full_year,SingleFamilyHouse-0427,-285025.0,-285025.0
SingleFamilyHouse,task_const_e05,full_year,SingleFamilyHouse-0429,-218100.5,-218100.5
SingleFamilyHouse,task_const_e05,full_year,SingleFamilyHouse-0451,-265180.1,-265180.1
SingleFamilyHouse,task_const_e05,full_year,SingleFamilyHouse-0467,-242994.5,-242994.5
SingleFamilyHouse,task_const_e05,full_year,SingleFamilyHouse-0468,-1739614.1,-1739614.1
SingleFamilyHouse,task_const_e05,full_year,SingleFamilyHouse-0477,-245838.5,-245838.5
SingleFamilyHouse,task_const_e05,full_year,SingleFamilyHouse-0484,-215774.6,-215774.6
SingleFamilyHouse,task_const_e05,full_year,SingleFamilyHouse-0494,-2561524.8,-2561524.8
SingleFamilyHouse,task_const_e05,full_year,SingleFamilyHouse-0497,-332788.8,-332788.8
SingleFamilyHouse,task_const_e05,full_year,SingleFamilyHouse-0502,-223859.1,-223859.1
SingleFamilyHouse,task_const_e05,full_year,SingleFamilyHouse-0507,-204434.7,-204434.7
SingleFamilyHouse,task_const_e05,full_year,SingleFamilyHouse-0508,-347117.1,-347117.1
SingleFamilyHouse,task_const_e05,full_year,SingleFamilyHouse-0509,-1530690.8,-1530690.8
SingleFamilyHouse,task_const_e05,full_year,SingleFamilyHouse-0524,-238876.6,-238876.6
SingleFamilyHouse,task_const_e05,full_year,SingleFamilyHouse-0529,-650209.9,-650209.9
SingleFamilyHouse,task_const_e05,full_year,SingleFamilyHouse-0539,-431902.1,-431902.1
SingleFamilyHouse,task_const_e05,full_year,SingleFamilyHouse-0555,-238624.3,-238624.3
SingleFamilyHouse,task_const_e05,full_year,SingleFamilyHouse-0582,-864992.0,-864992.0
SingleFamilyHouse,task_const_e05,full_year,SingleFamilyHouse-0587,-1436760.5,-1436760.5
SingleFamilyHouse,task_const_e05,full_year,SingleFamilyHouse-0590,-200910.8,-200910.8
SingleFamilyHouse,task_const_e05,full_year,SingleFamilyHouse-0597,-285566.8,-285566.8
SingleFamilyHouse,task_const_e05,full_year,SingleFamilyHouse-0608,-361851.8,-361851.8
SingleFamilyHouse,task_const_e05,full_year,SingleFamilyHouse-0615,-239682.2,-239682.2
SingleFamilyHouse,task_const_e05,full_year,SingleFamilyHouse-0616,-596631.0,-596631.0
SingleFamilyHouse,task_const_e05,full_year,SingleFamilyHouse-0623,-272768.6,-272768.6
SingleFamilyHouse,task_const_e05,full_year,SingleFamilyHouse-0631,-163407.0,-163407.0
SingleFamilyHouse,task_const_e05,full_year,SingleFamilyHouse-0639,-563951.8,-563951.8
SingleFamilyHouse,task_const_e05,full_year,SingleFamilyHouse-0667,-224092.9,-224092.9
SingleFamilyHouse,task_const_e05,full_year,SingleFamilyHouse-0683,-221335.8,-221335.8
SingleFamilyHouse,task_const_e05,full_year,SingleFamilyHouse-0695,-352391.2,-352391.2
SingleFamilyHouse,task_const_e05,full_year,SingleFamilyHouse-0714,-294389.2,-294389.2
SingleFamilyHouse,task_const_e05,full_year,SingleFamilyHouse-0721,-290264.0,-290264.0
SingleFamilyHouse,task_const_e05,full_year,SingleFamilyHouse-0733,-394943.6,-394943.6
SingleFamilyHouse,task_const_e05,full_year,SingleFamilyHouse-0742,-266900.3,-266900.3
SingleFamilyHouse,task_const_e05,full_year,SingleFamilyHouse-0751,-288073.3,-288073.3
SingleFamilyHouse,task_const_e05,full_year,SingleFamilyHouse-0761,-250539.9,-250539.9
SingleFamilyHouse,task_const_e05,full_year,SingleFamilyHouse-0764,-283671.3,-283671.3
SingleFamilyHouse,task_const_e05,full_year,SingleFamilyHouse-0766,-211081.2,-211081.2
SingleFamilyHouse,task_const_e05,full_year,SingleFamilyHouse-0771,-256392.7,-256392.7
SingleFamilyHouse,task_const_e05,full_year,SingleFamilyHouse-0773,-260440.3,-260440.3
SingleFamilyHouse,task_const_e05,full_year,SingleFamilyHouse-0777,-269272.8,-269272.8
SingleFamilyHouse,task_const_e05,full_year,SingleFamilyHouse-0790,-376155.4,-376155.4
SingleFamilyHouse,task_const_e05,full_year,SingleFamilyHouse-0791,-263141.2,-263141.2
SingleFamilyHouse,task_const_e05,full_year,SingleFamilyHouse-0793,-296958.7,-296958.7
SingleFamilyHouse,task_const_e05,full_year,SingleFamilyHouse-0798,-297523.8,-297523.8
SingleFamilyHouse,task_const_e05,full_year,SingleFamilyHouse-0810,-296593.9,-296593.9
SingleFamilyHouse,task_const_e05,full_year,SingleFamilyHouse-0843,-929787.0,-929787.0
SingleFamilyHouse,task_const_e05,full_year,SingleFamilyHouse-0849,-231882.7,-231882.7
SingleFamilyHouse,task_const_e05,full_year,SingleFamilyHouse-0880,-244638.8,-244638.8
SingleFamilyHouse,task_const_e05,full_year,SingleFamilyHouse-0892,-273014.7,-273014.7
SingleFamilyHouse,task_const_e05,full_year,SingleFamilyHouse-0896,-228657.3,-228657.3
SingleFamilyHouse,task_const_e05,full_year,SingleFamilyHouse-0897,-368319.5,-368319.5
SingleFamilyHouse,task_const_e05,full_year,SingleFamilyHouse-0910,-1870201.7,-1870201.7
SingleFamilyHouse,task_const_e05,full_year,SingleFamilyHouse-0912,-438218.6,-438218.6
SingleFamilyHouse,task_const_e05,full_year,SingleFamilyHouse-0923,-273129.1,-273129.1
SingleFamilyHouse,task_const_e05,full_year,SingleFamilyHouse-0925,-338012.1,-338012.1
SingleFamilyHouse,task_const_e05,full_year,SingleFamilyHouse-0929,-1973361.4,-1973361.4
SingleFamilyHouse,task_const_e05,full_year,SingleFamilyHouse-0941,-2958341.0,-2958341.0
SingleFamilyHouse,task_const_e05,full_year,SingleFamilyHouse-0966,-2866228.5,-2866228.5
SingleFamilyHouse,task_const_e05,summer,SingleFamilyHouse-0002,-57300.6,-57300.6
SingleFamilyHouse,task_const_e05,summer,SingleFamilyHouse-0017,-54166.1,-54166.1
SingleFamilyHouse,task_const_e05,summer,SingleFamilyHouse-0019,-57152.7,-57152.7
SingleFamilyHouse,task_const_e05,summer,SingleFamilyHouse-0025,-49077.0,-49077.0
SingleFamilyHouse,task_const_e05,summer,SingleFamilyHouse-0034,-382118.8,-382118.8
SingleFamilyHouse,task_const_e05,summer,SingleFamilyHouse-0035,-67222.2,-67222.2
SingleFamilyHouse,task_const_e05,summer,SingleFamilyHouse-0039,-62074.3,-62074.3
SingleFamilyHouse,task_const_e05,summer,SingleFamilyHouse-0050,-47845.3,-47845.3
SingleFamilyHouse,task_const_e05,summer,SingleFamilyHouse-0054,-54240.5,-54240.5
SingleFamilyHouse,task_const_e05,summer,SingleFamilyHouse-0057,-60250.6,-60250.6
SingleFamilyHouse,task_const_e05,summer,SingleFamilyHouse-0077,-42230.8,-42230.8
SingleFamilyHouse,task_const_e05,summer,SingleFamilyHouse-0086,-42068.2,-42068.2
SingleFamilyHouse,task_const_e05,summer,SingleFamilyHouse-0114,-60790.0,-60790.0
SingleFamilyHouse,task_const_e05,summer,SingleFamilyHouse-0151,-47910.2,-47910.2
SingleFamilyHouse,task_const_e05,summer,SingleFamilyHouse-0175,-38247.2,-38247.2
SingleFamilyHouse,task_const_e05,summer,SingleFamilyHouse-0178,-170379.3,-170379.3
SingleFamilyHouse,task_const_e05,summer,SingleFamilyHouse-0185,-63455.4,-63455.4
SingleFamilyHouse,task_const_e05,summer,SingleFamilyHouse-0186,-63455.0,-63455.0
SingleFamilyHouse,task_const_e05,summer,SingleFamilyHouse-0190,-126302.4,-126302.4
SingleFamilyHouse,task_const_e05,summer,SingleFamilyHouse-0201,-27552.4,-27552.4
SingleFamilyHouse,task_const_e05,summer,SingleFamilyHouse-0203,-65412.3,-65412.3
SingleFamilyHouse,task_const_e05,summer,SingleFamilyHouse-0211,-33134.7,-33134.7
SingleFamilyHouse,task_const_e05,summer,SingleFamilyHouse-0222,-40655.4,-40655.4
SingleFamilyHouse,task_const_e05,summer,SingleFamilyHouse-0248,-38071.5,-38071.5
SingleFamilyHouse,task_const_e05,summer,SingleFamilyHouse-0265,-47251.4,-47251.4
SingleFamilyHouse,task_const_e05,summer,SingleFamilyHouse-0291,-70471.4,-70471.4
SingleFamilyHouse,task_const_e05,summer,SingleFamilyHouse-0294,-55456.6,-55456.6
SingleFamilyHouse,task_const_e05,summer,SingleFamilyHouse-0299,-518675.4,-518675.4
SingleFamilyHouse,task_const_e05,summer,SingleFamilyHouse-0300,-53893.5,-53893.5
SingleFamilyHouse,task_const_e05,summer,SingleFamilyHouse-0335,-72815.1,-72815.1
SingleFamilyHouse,task_const_e05,summer,SingleFamilyHouse-0337,-49467.4,-49467.4
SingleFamilyHouse,task_const_e05,summer,SingleFamilyHouse-0351,-61570.2,-61570.2
SingleFamilyHouse,task_const_e05,summer,SingleFamilyHouse-0355,-45071.4,-45071.4
SingleFamilyHouse,task_const_e05,summer,SingleFamilyHouse-0365,-39523.2,-39523.2
SingleFamilyHouse,task_const_e05,summer,SingleFamilyHouse-0366,-65913.5,-65913.5
SingleFamilyHouse,task_const_e05,summer,SingleFamilyHouse-0370,-37327.9,-37327.9
SingleFamilyHouse,task_const_e05,summer,SingleFamilyHouse-0387,-38392.7,-38392.7
SingleFamilyHouse,task_const_e05,summer,SingleFamilyHouse-0399,-42149.9,-42149.9
SingleFamilyHouse,task_const_e05,summer,SingleFamilyHouse-0415,-35955.6,-35955.6
SingleFamilyHouse,task_const_e05,summer,SingleFamilyHouse-0419,-66351.3,-66351.3
SingleFamilyHouse,task_const_e05,summer,SingleFamilyHouse-0425,-32889.8,-32889.8
SingleFamilyHouse,task_const_e05,summer,SingleFamilyHouse-0427,-58081.4,-58081.4
SingleFamilyHouse,task_const_e05,summer,SingleFamilyHouse-0429,-42547.9,-42547.9
SingleFamilyHouse,task_const_e05,summer,SingleFamilyHouse-0451,-52469.7,-52469.7
SingleFamilyHouse,task_const_e05,summer,SingleFamilyHouse-0467,-57007.2,-57007.2
SingleFamilyHouse,task_const_e05,summer,SingleFamilyHouse-0468,-43752.4,-43752.4
SingleFamilyHouse,task_const_e05,summer,SingleFamilyHouse-0477,-58542.1,-58542.1
SingleFamilyHouse,task_const_e05,summer,SingleFamilyHouse-0484,-52494.9,-52494.9
SingleFamilyHouse,task_const_e05,summer,SingleFamilyHouse-0494,-382044.6,-382044.6
SingleFamilyHouse,task_const_e05,summer,SingleFamilyHouse-0497,-50343.3,-50343.3
SingleFamilyHouse,task_const_e05,summer,SingleFamilyHouse-0502,-59342.1,-59342.1
SingleFamilyHouse,task_const_e05,summer,SingleFamilyHouse-0507,-65318.1,-65318.1
SingleFamilyHouse,task_const_e05,summer,SingleFamilyHouse-0508,-79573.6,-79573.6
SingleFamilyHouse,task_const_e05,summer,SingleFamilyHouse-0509,-44194.2,-44194.2
SingleFamilyHouse,task_const_e05,summer,SingleFamilyHouse-0524,-35010.2,-35010.2
SingleFamilyHouse,task_const_e05,summer,SingleFamilyHouse-0529,-62986.9,-62986.9
SingleFamilyHouse,task_const_e05,summer,SingleFamilyHouse-0539,-37002.7,-37002.7
SingleFamilyHouse,task_const_e05,summer,SingleFamilyHouse-0555,-42974.4,-42974.4
SingleFamilyHouse,task_const_e05,summer,SingleFamilyHouse-0582,-61876.4,-61876.4
SingleFamilyHouse,task_const_e05,summer,SingleFamilyHouse-0587,-41555.6,-41555.6
SingleFamilyHouse,task_const_e05,summer,SingleFamilyHouse-0590,-32814.3,-32814.3
SingleFamilyHouse,task_const_e05,summer,SingleFamilyHouse-0597,-35391.4,-35391.4
SingleFamilyHouse,task_const_e05,summer,SingleFamilyHouse-0608,-37728.3,-37728.3
SingleFamilyHouse,task_const_e05,summer,SingleFamilyHouse-0615,-49555.6,-49555.6
SingleFamilyHouse,task_const_e05,summer,SingleFamilyHouse-0616,-68985.8,-68985.8
SingleFamilyHouse,task_const_e05,summer,SingleFamilyHouse-0623,-57644.4,-57644.4
SingleFamilyHouse,task_const_e05,summer,SingleFamilyHouse-0631,-28664.7,-28664.7
SingleFamilyHouse,task_const_e05,summer,SingleFamilyHouse-0639,-85418.2,-85418.2
SingleFamilyHouse,task_const_e05,summer,SingleFamilyHouse-0667,-60055.7,-60055.7
SingleFamilyHouse,task_const_e05,summer,SingleFamilyHouse-0683,-39386.1,-39386.1
SingleFamilyHouse,task_const_e05,summer,SingleFamilyHouse-0695,-60329.1,-60329.1
SingleFamilyHouse,task_const_e05,summer,SingleFamilyHouse-0714,-44843.0,-44843.0
SingleFamilyHouse,task_const_e05,summer,SingleFamilyHouse-0721,-57832.8,-57832.8
SingleFamilyHouse,task_const_e05,summer,SingleFamilyHouse-0733,-45799.4,-45799.4
SingleFamilyHouse,task_const_e05,summer,SingleFamilyHouse-0742,-41332.7,-41332.7
SingleFamilyHouse,task_const_e05,summer,SingleFamilyHouse-0751,-34986.4,-34986.4
SingleFamilyHouse,task_const_e05,summer,SingleFamilyHouse-0761,-42323.9,-42323.9
SingleFamilyHouse,task_const_e05,summer,SingleFamilyHouse-0764,-45875.5,-45875.5
SingleFamilyHouse,task_const_e05,summer,SingleFamilyHouse-0766,-52940.2,-52940.2
SingleFamilyHouse,task_const_e05,summer,SingleFamilyHouse-0771,-63604.7,-63604.7
SingleFamilyHouse,task_const_e05,summer,SingleFamilyHouse-0773,-40284.9,-40284.9
SingleFamilyHouse,task_const_e05,summer,SingleFamilyHouse-0777,-56838.3,-56838.3
SingleFamilyHouse,task_const_e05,summer,SingleFamilyHouse-0790,-32803.9,-32803.9
SingleFamilyHouse,task_const_e05,summer,SingleFamilyHouse-0791,-47918.4,-47918.4
SingleFamilyHouse,task_const_e05,summer,SingleFamilyHouse-0793,-46309.7,-46309.7
SingleFamilyHouse,task_const_e05,summer,SingleFamilyHouse-0798,-34961.6,-34961.6
SingleFamilyHouse,task_const_e05,summer,SingleFamilyHouse-0810,-59021.3,-59021.3
SingleFamilyHouse,task_const_e05,summer,SingleFamilyHouse-0843,-56918.1,-56918.1
SingleFamilyHouse,task_const_e05,summer,SingleFamilyHouse-0849,-30551.5,-30551.5
SingleFamilyHouse,task_const_e05,summer,SingleFamilyHouse-0880,-63492.7,-63492.7
SingleFamilyHouse,task_const_e05,summer,SingleFamilyHouse-0892,-38678.3,-38678.3
SingleFamilyHouse,task_const_e05,summer,SingleFamilyHouse-0896,-51843.4,-51843.4
SingleFamilyHouse,task_const_e05,summer,SingleFamilyHouse-0897,-49508.3,-49508.3
SingleFamilyHouse,task_const_e05,summer,SingleFamilyHouse-0910,-53239.1,-53239.1
SingleFamilyHouse,task_const_e05,summer,SingleFamilyHouse-0912,-60540.0,-60540.0
SingleFamilyHouse,task_const_e05,summer,SingleFamilyHouse-0923,-57745.5,-57745.5
SingleFamilyHouse,task_const_e05,summer,SingleFamilyHouse-0925,-45151.0,-45151.0
SingleFamilyHouse,task_const_e05,summer,SingleFamilyHouse-0929,-51564.3,-51564.3
SingleFamilyHouse,task_const_e05,summer,SingleFamilyHouse-0941,-824317.1,-824317.1
SingleFamilyHouse,task_const_e05,summer,SingleFamilyHouse-0966,-635753.8,-635753.8
SingleFamilyHouse,task_const_e05,winter,SingleFamilyHouse-0002,-69296.5,-69296.5
SingleFamilyHouse,task_const_e05,winter,SingleFamilyHouse-0017,-110936.5,-110936.5
SingleFamilyHouse,task_const_e05,winter,SingleFamilyHouse-0019,-67285.3,-67285.3
SingleFamilyHouse,task_const_e05,winter,SingleFamilyHouse-0025,-269265.4,-269265.4
SingleFamilyHouse,task_const_e05,winter,SingleFamilyHouse-0034,-108951.9,-108951.9
SingleFamilyHouse,task_const_e05,winter,SingleFamilyHouse-0035,-93223.5,-93223.5
SingleFamilyHouse,task_const_e05,winter,SingleFamilyHouse-0039,-132045.7,-132045.7
SingleFamilyHouse,task_const_e05,winter,SingleFamilyHouse-0050,-257496.4,-257496.4
SingleFamilyHouse,task_const_e05,winter,SingleFamilyHouse-0054,-84868.6,-84868.6
SingleFamilyHouse,task_const_e05,winter,SingleFamilyHouse-0057,-86253.3,-86253.3
SingleFamilyHouse,task_const_e05,winter,SingleFamilyHouse-0077,-103813.4,-103813.4
SingleFamilyHouse,task_const_e05,winter,SingleFamilyHouse-0086,-224968.0,-224968.0
SingleFamilyHouse,task_const_e05,winter,SingleFamilyHouse-0114,-112018.0,-112018.0
SingleFamilyHouse,task_const_e05,winter,SingleFamilyHouse-0151,-87301.0,-87301.0
SingleFamilyHouse,task_const_e05,winter,SingleFamilyHouse-0175,-74031.7,-74031.7
SingleFamilyHouse,task_const_e05,winter,SingleFamilyHouse-0178,-91716.9,-91716.9
SingleFamilyHouse,task_const_e05,winter,SingleFamilyHouse-0185,-95252.1,-95252.1
SingleFamilyHouse,task_const_e05,winter,SingleFamilyHouse-0186,-82878.9,-82878.9
SingleFamilyHouse,task_const_e05,winter,SingleFamilyHouse-0190,-81754.3,-81754.3
SingleFamilyHouse,task_const_e05,winter,SingleFamilyHouse-0201,-20848.3,-20848.3
SingleFamilyHouse,task_const_e05,winter,SingleFamilyHouse-0203,-76458.0,-76458.0
SingleFamilyHouse,task_const_e05,winter,SingleFamilyHouse-0211,-299808.5,-299808.5
SingleFamilyHouse,task_const_e05,winter,SingleFamilyHouse-0222,-179119.1,-179119.1
SingleFamilyHouse,task_const_e05,winter,SingleFamilyHouse-0248,-83779.4,-83779.4
SingleFamilyHouse,task_const_e05,winter,SingleFamilyHouse-0265,-96485.2,-96485.2
SingleFamilyHouse,task_const_e05,winter,SingleFamilyHouse-0291,-170965.3,-170965.3
SingleFamilyHouse,task_const_e05,winter,SingleFamilyHouse-0294,-107406.0,-107406.0
SingleFamilyHouse,task_const_e05,winter,SingleFamilyHouse-0299,-80056.9,-80056.9
SingleFamilyHouse,task_const_e05,winter,SingleFamilyHouse-0300,-113618.9,-113618.9
SingleFamilyHouse,task_const_e05,winter,SingleFamilyHouse-0335,-190049.2,-190049.2
SingleFamilyHouse,task_const_e05,winter,SingleFamilyHouse-0337,-85622.3,-85622.3
SingleFamilyHouse,task_const_e05,winter,SingleFamilyHouse-0351,-77607.3,-77607.3
SingleFamilyHouse,task_const_e05,winter,SingleFamilyHouse-0355,-91592.3,-91592.3
SingleFamilyHouse,task_const_e05,winter,SingleFamilyHouse-0365,-86350.2,-86350.2
SingleFamilyHouse,task_const_e05,winter,SingleFamilyHouse-0366,-129976.5,-129976.5
SingleFamilyHouse,task_const_e05,winter,SingleFamilyHouse-0370,-89171.4,-89171.4
SingleFamilyHouse,task_const_e05,winter,SingleFamilyHouse-0387,-60687.3,-60687.3
SingleFamilyHouse,task_const_e05,winter,SingleFamilyHouse-0399,-224573.1,-224573.1
SingleFamilyHouse,task_const_e05,winter,SingleFamilyHouse-0415,-92061.2,-92061.2
SingleFamilyHouse,task_const_e05,winter,SingleFamilyHouse-0419,-177459.3,-177459.3
SingleFamilyHouse,task_const_e05,winter,SingleFamilyHouse-0425,-81907.5,-81907.5
SingleFamilyHouse,task_const_e05,winter,SingleFamilyHouse-0427,-105871.3,-105871.3
SingleFamilyHouse,task_const_e05,winter,SingleFamilyHouse-0429,-67791.8,-67791.8
SingleFamilyHouse,task_const_e05,winter,SingleFamilyHouse-0451,-118873.7,-118873.7
SingleFamilyHouse,task_const_e05,winter,SingleFamilyHouse-0467,-87383.5,-87383.5
SingleFamilyHouse,task_const_e05,winter,SingleFamilyHouse-0468,-1378027.1,-1378027.1
SingleFamilyHouse,task_const_e05,winter,SingleFamilyHouse-0477,-96044.1,-96044.1
SingleFamilyHouse,task_const_e05,winter,SingleFamilyHouse-0484,-67240.5,-67240.5
SingleFamilyHouse,task_const_e05,winter,SingleFamilyHouse-0494,-83179.3,-83179.3
SingleFamilyHouse,task_const_e05,winter,SingleFamilyHouse-0497,-111405.1,-111405.1
SingleFamilyHouse,task_const_e05,winter,SingleFamilyHouse-0502,-77277.4,-77277.4
SingleFamilyHouse,task_const_e05,winter,SingleFamilyHouse-0507,-73395.8,-73395.8
SingleFamilyHouse,task_const_e05,winter,SingleFamilyHouse-0508,-85599.2,-85599.2
SingleFamilyHouse,task_const_e05,winter,SingleFamilyHouse-0509,-82737.9,-82737.9
SingleFamilyHouse,task_const_e05,winter,SingleFamilyHouse-0524,-76612.5,-76612.5
SingleFamilyHouse,task_const_e05,winter,SingleFamilyHouse-0529,-409115.7,-409115.7
SingleFamilyHouse,task_const_e05,winter,SingleFamilyHouse-0539,-271928.4,-271928.4
SingleFamilyHouse,task_const_e05,winter,SingleFamilyHouse-0555,-83892.5,-83892.5
SingleFamilyHouse,task_const_e05,winter,SingleFamilyHouse-0582,-624316.4,-624316.4
SingleFamilyHouse,task_const_e05,winter,SingleFamilyHouse-0587,-84745.6,-84745.6
SingleFamilyHouse,task_const_e05,winter,SingleFamilyHouse-0590,-69009.2,-69009.2
SingleFamilyHouse,task_const_e05,winter,SingleFamilyHouse-0597,-78510.4,-78510.4
SingleFamilyHouse,task_const_e05,winter,SingleFamilyHouse-0608,-200010.5,-200010.5
SingleFamilyHouse,task_const_e05,winter,SingleFamilyHouse-0615,-81792.5,-81792.5
SingleFamilyHouse,task_const_e05,winter,SingleFamilyHouse-0616,-384354.0,-384354.0
SingleFamilyHouse,task_const_e05,winter,SingleFamilyHouse-0623,-115695.3,-115695.3
SingleFamilyHouse,task_const_e05,winter,SingleFamilyHouse-0631,-56418.2,-56418.2
SingleFamilyHouse,task_const_e05,winter,SingleFamilyHouse-0639,-248219.7,-248219.7
SingleFamilyHouse,task_const_e05,winter,SingleFamilyHouse-0667,-73698.6,-73698.6
SingleFamilyHouse,task_const_e05,winter,SingleFamilyHouse-0683,-91534.6,-91534.6
SingleFamilyHouse,task_const_e05,winter,SingleFamilyHouse-0695,-200643.6,-200643.6
SingleFamilyHouse,task_const_e05,winter,SingleFamilyHouse-0714,-118732.0,-118732.0
SingleFamilyHouse,task_const_e05,winter,SingleFamilyHouse-0721,-126663.7,-126663.7
SingleFamilyHouse,task_const_e05,winter,SingleFamilyHouse-0733,-186919.9,-186919.9
SingleFamilyHouse,task_const_e05,winter,SingleFamilyHouse-0742,-113183.6,-113183.6
SingleFamilyHouse,task_const_e05,winter,SingleFamilyHouse-0751,-121395.0,-121395.0
SingleFamilyHouse,task_const_e05,winter,SingleFamilyHouse-0761,-83078.6,-83078.6
SingleFamilyHouse,task_const_e05,winter,SingleFamilyHouse-0764,-134794.9,-134794.9
SingleFamilyHouse,task_const_e05,winter,SingleFamilyHouse-0766,-58560.7,-58560.7
SingleFamilyHouse,task_const_e05,winter,SingleFamilyHouse-0771,-111059.3,-111059.3
SingleFamilyHouse,task_const_e05,winter,SingleFamilyHouse-0773,-93134.1,-93134.1
SingleFamilyHouse,task_const_e05,winter,SingleFamilyHouse-0777,-114212.9,-114212.9
SingleFamilyHouse,task_const_e05,winter,SingleFamilyHouse-0790,-177803.3,-177803.3
SingleFamilyHouse,task_const_e05,winter,SingleFamilyHouse-0791,-120076.0,-120076.0
SingleFamilyHouse,task_const_e05,winter,SingleFamilyHouse-0793,-99951.5,-99951.5
SingleFamilyHouse,task_const_e05,winter,SingleFamilyHouse-0798,-137427.7,-137427.7
SingleFamilyHouse,task_const_e05,winter,SingleFamilyHouse-0810,-124930.6,-124930.6
SingleFamilyHouse,task_const_e05,winter,SingleFamilyHouse-0843,-76633.2,-76633.2
SingleFamilyHouse,task_const_e05,winter,SingleFamilyHouse-0849,-69982.3,-69982.3
SingleFamilyHouse,task_const_e05,winter,SingleFamilyHouse-0880,-92292.0,-92292.0
SingleFamilyHouse,task_const_e05,winter,SingleFamilyHouse-0892,-101590.3,-101590.3
SingleFamilyHouse,task_const_e05,winter,SingleFamilyHouse-0896,-79134.6,-79134.6
SingleFamilyHouse,task_const_e05,winter,SingleFamilyHouse-0897,-228380.4,-228380.4
SingleFamilyHouse,task_const_e05,winter,SingleFamilyHouse-0910,-87956.4,-87956.4
SingleFamilyHouse,task_const_e05,winter,SingleFamilyHouse-0912,-249289.7,-249289.7
SingleFamilyHouse,task_const_e05,winter,SingleFamilyHouse-0923,-115880.8,-115880.8
SingleFamilyHouse,task_const_e05,winter,SingleFamilyHouse-0925,-152746.0,-152746.0
SingleFamilyHouse,task_const_e05,winter,SingleFamilyHouse-0929,-88559.6,-88559.6
SingleFamilyHouse,task_const_e05,winter,SingleFamilyHouse-0941,-73071.9,-73071.9
SingleFamilyHouse,task_const_e05,winter,SingleFamilyHouse-0966,-91253.5,-91253.5
SingleFamilyHouse,task_occ_e0,full_year,SingleFamilyHouse-0002,-7786.8,-7786.8
SingleFamilyHouse,task_occ_e0,full_year,SingleFamilyHouse-0017,-9050.3,-9050.3
SingleFamilyHouse,task_occ_e0,full_year,SingleFamilyHouse-0019,-7642.5,-7642.5
SingleFamilyHouse,task_occ_e0,full_year,SingleFamilyHouse-0025,-11914.6,-11914.6
SingleFamilyHouse,task_occ_e0,full_year,SingleFamilyHouse-0034,-46765.8,-46765.8
SingleFamilyHouse,task_occ_e0,full_year,SingleFamilyHouse-0035,-8245.9,-8245.9
SingleFamilyHouse,task_occ_e0,full_year,SingleFamilyHouse-0039,-8777.6,-8777.6
SingleFamilyHouse,task_occ_e0,full_year,SingleFamilyHouse-0050,-11267.9,-11267.9
SingleFamilyHouse,task_occ_e0,full_year,SingleFamilyHouse-0054,-8111.2,-8111.2
SingleFamilyHouse,task_occ_e0,full_year,SingleFamilyHouse-0057,-8464.7,-8464.7
SingleFamilyHouse,task_occ_e0,full_year,SingleFamilyHouse-0077,-8099.3,-8099.3
SingleFamilyHouse,task_occ_e0,full_year,SingleFamilyHouse-0086,-10659.9,-10659.9
SingleFamilyHouse,task_occ_e0,full_year,SingleFamilyHouse-0114,-9890.9,-9890.9
SingleFamilyHouse,task_occ_e0,full_year,SingleFamilyHouse-0151,-8251.9,-8251.9
SingleFamilyHouse,task_occ_e0,full_year,SingleFamilyHouse-0175,-7094.0,-7094.0
SingleFamilyHouse,task_occ_e0,full_year,SingleFamilyHouse-0178,-69200.2,-69200.2
SingleFamilyHouse,task_occ_e0,full_year,SingleFamilyHouse-0185,-17661.5,-17661.5
SingleFamilyHouse,task_occ_e0,full_year,SingleFamilyHouse-0186,-8404.4,-8404.4
SingleFamilyHouse,task_occ_e0,full_year,SingleFamilyHouse-0190,-44785.0,-44785.0
SingleFamilyHouse,task_occ_e0,full_year,SingleFamilyHouse-0201,-20169.4,-20169.4
SingleFamilyHouse,task_occ_e0,full_year,SingleFamilyHouse-0203,-8497.9,-8497.9
SingleFamilyHouse,task_occ_e0,full_year,SingleFamilyHouse-0211,-12461.4,-12461.4
SingleFamilyHouse,task_occ_e0,full_year,SingleFamilyHouse-0222,-9444.8,-9444.8
SingleFamilyHouse,task_occ_e0,full_year,SingleFamilyHouse-0248,-7677.5,-7677.5
SingleFamilyHouse,task_occ_e0,full_year,SingleFamilyHouse-0265,-19499.9,-19499.9
SingleFamilyHouse,task_occ_e0,full_year,SingleFamilyHouse-0291,-9744.6,-9744.6
SingleFamilyHouse,task_occ_e0,full_year,SingleFamilyHouse-0294,-8672.4,-8672.4
SingleFamilyHouse,task_occ_e0,full_year,SingleFamilyHouse-0299,-55673.6,-55673.6
SingleFamilyHouse,task_occ_e0,full_year,SingleFamilyHouse-0300,-16494.6,-16494.6
SingleFamilyHouse,task_occ_e0,full_year,SingleFamilyHouse-0335,-11643.6,-11643.6
SingleFamilyHouse,task_occ_e0,full_year,SingleFamilyHouse-0337,-7979.1,-7979.1
SingleFamilyHouse,task_occ_e0,full_year,SingleFamilyHouse-0351,-8339.0,-8339.0
SingleFamilyHouse,task_occ_e0,full_year,SingleFamilyHouse-0355,-8040.3,-8040.3
SingleFamilyHouse,task_occ_e0,full_year,SingleFamilyHouse-0365,-8071.1,-8071.1
SingleFamilyHouse,task_occ_e0,full_year,SingleFamilyHouse-0366,-9291.2,-9291.2
SingleFamilyHouse,task_occ_e0,full_year,SingleFamilyHouse-0370,-8379.4,-8379.4
SingleFamilyHouse,task_occ_e0,full_year,SingleFamilyHouse-0387,-8236.2,-8236.2
SingleFamilyHouse,task_occ_e0,full_year,SingleFamilyHouse-0399,-10988.5,-10988.5
SingleFamilyHouse,task_occ_e0,full_year,SingleFamilyHouse-0415,-7785.6,-7785.6
SingleFamilyHouse,task_occ_e0,full_year,SingleFamilyHouse-0419,-10015.9,-10015.9
SingleFamilyHouse,task_occ_e0,full_year,SingleFamilyHouse-0425,-8110.8,-8110.8
SingleFamilyHouse,task_occ_e0,full_year,SingleFamilyHouse-0427,-19431.1,-19431.1
SingleFamilyHouse,task_occ_e0,full_year,SingleFamilyHouse-0429,-6744.7,-6744.7
SingleFamilyHouse,task_occ_e0,full_year,SingleFamilyHouse-0451,-9020.4,-9020.4
SingleFamilyHouse,task_occ_e0,full_year,SingleFamilyHouse-0467,-7750.7,-7750.7
SingleFamilyHouse,task_occ_e0,full_year,SingleFamilyHouse-0468,-42526.0,-42526.0
SingleFamilyHouse,task_occ_e0,full_year,SingleFamilyHouse-0477,-8793.4,-8793.4
SingleFamilyHouse,task_occ_e0,full_year,SingleFamilyHouse-0484,-7634.4,-7634.4
SingleFamilyHouse,task_occ_e0,full_year,SingleFamilyHouse-0494,-51181.6,-51181.6
SingleFamilyHouse,task_occ_e0,full_year,SingleFamilyHouse-0497,-8496.1,-8496.1
SingleFamilyHouse,task_occ_e0,full_year,SingleFamilyHouse-0502,-8248.2,-8248.2
SingleFamilyHouse,task_occ_e0,full_year,SingleFamilyHouse-0507,-8409.3,-8409.3
SingleFamilyHouse,task_occ_e0,full_year,SingleFamilyHouse-0508,-29990.3,-29990.3
SingleFamilyHouse,task_occ_e0,full_year,SingleFamilyHouse-0509,-25807.3,-25807.3
SingleFamilyHouse,task_occ_e0,full_year,SingleFamilyHouse-0524,-7594.4,-7594.4
SingleFamilyHouse,task_occ_e0,full_year,SingleFamilyHouse-0529,-14713.0,-14713.0
SingleFamilyHouse,task_occ_e0,full_year,SingleFamilyHouse-0539,-11972.7,-11972.7
SingleFamilyHouse,task_occ_e0,full_year,SingleFamilyHouse-0555,-8318.1,-8318.1
SingleFamilyHouse,task_occ_e0,full_year,SingleFamilyHouse-0582,-17851.5,-17851.5
SingleFamilyHouse,task_occ_e0,full_year,SingleFamilyHouse-0587,-27090.0,-27090.0
SingleFamilyHouse,task_occ_e0,full_year,SingleFamilyHouse-0590,-7758.9,-7758.9
SingleFamilyHouse,task_occ_e0,full_year,SingleFamilyHouse-0597,-8306.2,-8306.2
SingleFamilyHouse,task_occ_e0,full_year,SingleFamilyHouse-0608,-10583.3,-10583.3
SingleFamilyHouse,task_occ_e0,full_year,SingleFamilyHouse-0615,-7944.0,-7944.0
SingleFamilyHouse,task_occ_e0,full_year,SingleFamilyHouse-0616,-13319.4,-13319.4
SingleFamilyHouse,task_occ_e0,full_year,SingleFamilyHouse-0623,-8619.3,-8619.3
SingleFamilyHouse,task_occ_e0,full_year,SingleFamilyHouse-0631,-13224.0,-13224.0
SingleFamilyHouse,task_occ_e0,full_year,SingleFamilyHouse-0639,-15019.7,-15019.7
SingleFamilyHouse,task_occ_e0,full_year,SingleFamilyHouse-0667,-8024.7,-8024.7
SingleFamilyHouse,task_occ_e0,full_year,SingleFamilyHouse-0683,-8879.9,-8879.9
SingleFamilyHouse,task_occ_e0,full_year,SingleFamilyHouse-0695,-10301.7,-10301.7
SingleFamilyHouse,task_occ_e0,full_year,SingleFamilyHouse-0714,-8593.4,-8593.4
SingleFamilyHouse,task_occ_e0,full_year,SingleFamilyHouse-0721,-8634.7,-8634.7
SingleFamilyHouse,task_occ_e0,full_year,SingleFamilyHouse-0733,-10190.9,-10190.9
SingleFamilyHouse,task_occ_e0,full_year,SingleFamilyHouse-0742,-8632.8,-8632.8
SingleFamilyHouse,task_occ_e0,full_year,SingleFamilyHouse-0751,-8598.9,-8598.9
SingleFamilyHouse,task_occ_e0,full_year,SingleFamilyHouse-0761,-7828.9,-7828.9
SingleFamilyHouse,task_occ_e0,full_year,SingleFamilyHouse-0764,-9088.6,-9088.6
SingleFamilyHouse,task_occ_e0,full_year,SingleFamilyHouse-0766,-8584.9,-8584.9
SingleFamilyHouse,task_occ_e0,full_year,SingleFamilyHouse-0771,-8683.0,-8683.0
SingleFamilyHouse,task_occ_e0,full_year,SingleFamilyHouse-0773,-8110.3,-8110.3
SingleFamilyHouse,task_occ_e0,full_year,SingleFamilyHouse-0777,-8522.9,-8522.9
SingleFamilyHouse,task_occ_e0,full_year,SingleFamilyHouse-0790,-15279.7,-15279.7
SingleFamilyHouse,task_occ_e0,full_year,SingleFamilyHouse-0791,-9060.2,-9060.2
SingleFamilyHouse,task_occ_e0,full_year,SingleFamilyHouse-0793,-8446.4,-8446.4
SingleFamilyHouse,task_occ_e0,full_year,SingleFamilyHouse-0798,-8937.5,-8937.5
SingleFamilyHouse,task_occ_e0,full_year,SingleFamilyHouse-0810,-9527.0,-9527.0
SingleFamilyHouse,task_occ_e0,full_year,SingleFamilyHouse-0843,-16679.8,-16679.8
SingleFamilyHouse,task_occ_e0,full_year,SingleFamilyHouse-0849,-7495.3,-7495.3
SingleFamilyHouse,task_occ_e0,full_year,SingleFamilyHouse-0880,-8498.9,-8498.9
SingleFamilyHouse,task_occ_e0,full_year,SingleFamilyHouse-0892,-8269.4,-8269.4
SingleFamilyHouse,task_occ_e0,full_year,SingleFamilyHouse-0896,-8145.8,-8145.8
SingleFamilyHouse,task_occ_e0,full_year,SingleFamilyHouse-0897,-10797.8,-10797.8
SingleFamilyHouse,task_occ_e0,full_year,SingleFamilyHouse-0910,-31420.1,-31420.1
SingleFamilyHouse,task_occ_e0,full_year,SingleFamilyHouse-0912,-11726.5,-11726.5
SingleFamilyHouse,task_occ_e0,full_year,SingleFamilyHouse-0923,-8619.5,-8619.5
SingleFamilyHouse,task_occ_e0,full_year,SingleFamilyHouse-0925,-9296.4,-9296.4
SingleFamilyHouse,task_occ_e0,full_year,SingleFamilyHouse-0929,-38772.2,-38772.2
SingleFamilyHouse,task_occ_e0,full_year,SingleFamilyHouse-0941,-68227.1,-68227.1
SingleFamilyHouse,task_occ_e0,full_year,SingleFamilyHouse-0966,-53601.3,-53601.3
SingleFamilyHouse,task_occ_e0,summer,SingleFamilyHouse-0002,-4700.5,-4700.5
SingleFamilyHouse,task_occ_e0,summer,SingleFamilyHouse-0017,-5478.1,-5478.1
SingleFamilyHouse,task_occ_e0,summer,SingleFamilyHouse-0019,-4759.4,-4759.4
SingleFamilyHouse,task_occ_e0,summer,SingleFamilyHouse-0025,-5211.1,-5211.1
SingleFamilyHouse,task_occ_e0,summer,SingleFamilyHouse-0034,-3346.6,-3346.6
SingleFamilyHouse,task_occ_e0,summer,SingleFamilyHouse-0035,-6670.6,-6670.6
SingleFamilyHouse,task_occ_e0,summer,SingleFamilyHouse-0039,-6038.6,-6038.6
SingleFamilyHouse,task_occ_e0,summer,SingleFamilyHouse-0050,-4648.0,-4648.0
SingleFamilyHouse,task_occ_e0,summer,SingleFamilyHouse-0054,-5015.8,-5015.8
SingleFamilyHouse,task_occ_e0,summer,SingleFamilyHouse-0057,-5300.3,-5300.3
SingleFamilyHouse,task_occ_e0,summer,SingleFamilyHouse-0077,-4354.4,-4354.4
SingleFamilyHouse,task_occ_e0,summer,SingleFamilyHouse-0086,-4874.0,-4874.0
SingleFamilyHouse,task_occ_e0,summer,SingleFamilyHouse-0114,-6867.9,-6867.9
SingleFamilyHouse,task_occ_e0,summer,SingleFamilyHouse-0151,-4426.5,-4426.5
SingleFamilyHouse,task_occ_e0,summer,SingleFamilyHouse-0175,-4524.4,-4524.4
SingleFamilyHouse,task_occ_e0,summer,SingleFamilyHouse-0178,-4187.5,-4187.5
SingleFamilyHouse,task_occ_e0,summer,SingleFamilyHouse-0185,-5719.9,-5719.9
SingleFamilyHouse,task_occ_e0,summer,SingleFamilyHouse-0186,-5320.8,-5320.8
SingleFamilyHouse,task_occ_e0,summer,SingleFamilyHouse-0190,-4023.5,-4023.5
SingleFamilyHouse,task_occ_e0,summer,SingleFamilyHouse-0201,-22221.2,-22221.2
SingleFamilyHouse,task_occ_e0,summer,SingleFamilyHouse-0203,-5670.7,-5670.7
SingleFamilyHouse,task_occ_e0,summer,SingleFamilyHouse-0211,-4375.8,-4375.8
SingleFamilyHouse,task_occ_e0,summer,SingleFamilyHouse-0222,-4087.5,-4087.5
SingleFamilyHouse,task_occ_e0,summer,SingleFamilyHouse-0248,-4050.3,-4050.3
SingleFamilyHouse,task_occ_e0,summer,SingleFamilyHouse-0265,-5053.5,-5053.5
SingleFamilyHouse,task_occ_e0,summer,SingleFamilyHouse-0291,-8896.5,-8896.5
SingleFamilyHouse,task_occ_e0,summer,SingleFamilyHouse-0294,-5138.9,-5138.9
SingleFamilyHouse,task_occ_e0,summer,SingleFamilyHouse-0299,-4944.0,-4944.0
SingleFamilyHouse,task_occ_e0,summer,SingleFamilyHouse-0300,-61031.8,-61031.8
SingleFamilyHouse,task_occ_e0,summer,SingleFamilyHouse-0335,-58902.3,-58902.3
SingleFamilyHouse,task_occ_e0,summer,SingleFamilyHouse-0337,-4719.3,-4719.3
SingleFamilyHouse,task_occ_e0,summer,SingleFamilyHouse-0351,-4701.3,-4701.3
SingleFamilyHouse,task_occ_e0,summer,SingleFamilyHouse-0355,-4581.2,-4581.2
SingleFamilyHouse,task_occ_e0,summer,SingleFamilyHouse-0365,-3626.2,-3626.2
SingleFamilyHouse,task_occ_e0,summer,SingleFamilyHouse-0366,-6286.1,-6286.1
SingleFamilyHouse,task_occ_e0,summer,SingleFamilyHouse-0370,-4507.7,-4507.7
SingleFamilyHouse,task_occ_e0,summer,SingleFamilyHouse-0387,-4449.2,-4449.2
SingleFamilyHouse,task_occ_e0,summer,SingleFamilyHouse-0399,-5196.1,-5196.1
SingleFamilyHouse,task_occ_e0,summer,SingleFamilyHouse-0415,-4556.9,-4556.9
SingleFamilyHouse,task_occ_e0,summer,SingleFamilyHouse-0419,-5220.4,-5220.4
SingleFamilyHouse,task_occ_e0,summer,SingleFamilyHouse-0425,-4569.0,-4569.0
SingleFamilyHouse,task_occ_e0,summer,SingleFamilyHouse-0427,-60624.4,-60624.4
SingleFamilyHouse,task_occ_e0,summer,SingleFamilyHouse-0429,-4885.8,-4885.8
SingleFamilyHouse,task_occ_e0,summer,SingleFamilyHouse-0451,-5675.5,-5675.5
SingleFamilyHouse,task_occ_e0,summer,SingleFamilyHouse-0467,-5073.2,-5073.2
SingleFamilyHouse,task_occ_e0,summer,SingleFamilyHouse-0468,-6445.9,-6445.9
SingleFamilyHouse,task_occ_e0,summer,SingleFamilyHouse-0477,-5904.1,-5904.1
SingleFamilyHouse,task_occ_e0,summer,SingleFamilyHouse-0484,-4838.9,-4838.9
SingleFamilyHouse,task_occ_e0,summer,SingleFamilyHouse-0494,-3608.6,-3608.6
SingleFamilyHouse,task_occ_e0,summer,SingleFamilyHouse-0497,-4366.1,-4366.1
SingleFamilyHouse,task_occ_e0,summer,SingleFamilyHouse-0502,-4818.9,-4818.9
SingleFamilyHouse,task_occ_e0,summer,SingleFamilyHouse-0507,-6071.1,-6071.1
SingleFamilyHouse,task_occ_e0,summer,SingleFamilyHouse-0508,-29957.8,-29957.8
SingleFamilyHouse,task_occ_e0,summer,SingleFamilyHouse-0509,-4744.6,-4744.6
SingleFamilyHouse,task_occ_e0,summer,SingleFamilyHouse-0524,-4423.3,-4423.3
SingleFamilyHouse,task_occ_e0,summer,SingleFamilyHouse-0529,-5592.3,-5592.3
SingleFamilyHouse,task_occ_e0,summer,SingleFamilyHouse-0539,-4760.0,-4760.0
SingleFamilyHouse,task_occ_e0,summer,SingleFamilyHouse-0555,-5291.5,-5291.5
SingleFamilyHouse,task_occ_e0,summer,SingleFamilyHouse-0582,-6188.9,-6188.9
SingleFamilyHouse,task_occ_e0,summer,SingleFamilyHouse-0587,-4754.4,-4754.4
SingleFamilyHouse,task_occ_e0,summer,SingleFamilyHouse-0590,-4531.0,-4531.0
SingleFamilyHouse,task_occ_e0,summer,SingleFamilyHouse-0597,-3722.0,-3722.0
SingleFamilyHouse,task_occ_e0,summer,SingleFamilyHouse-0608,-4437.6,-4437.6
SingleFamilyHouse,task_occ_e0,summer,SingleFamilyHouse-0615,-4709.0,-4709.0
SingleFamilyHouse,task_occ_e0,summer,SingleFamilyHouse-0616,-6753.1,-6753.1
SingleFamilyHouse,task_occ_e0,summer,SingleFamilyHouse-0623,-5628.1,-5628.1
SingleFamilyHouse,task_occ_e0,summer,SingleFamilyHouse-0631,-27480.9,-27480.9
SingleFamilyHouse,task_occ_e0,summer,SingleFamilyHouse-0639,-53468.8,-53468.8
SingleFamilyHouse,task_occ_e0,summer,SingleFamilyHouse-0667,-4756.7,-4756.7
SingleFamilyHouse,task_occ_e0,summer,SingleFamilyHouse-0683,-4802.8,-4802.8
SingleFamilyHouse,task_occ_e0,summer,SingleFamilyHouse-0695,-5286.9,-5286.9
SingleFamilyHouse,task_occ_e0,summer,SingleFamilyHouse-0714,-4626.0,-4626.0
SingleFamilyHouse,task_occ_e0,summer,SingleFamilyHouse-0721,-5138.6,-5138.6
SingleFamilyHouse,task_occ_e0,summer,SingleFamilyHouse-0733,-4292.9,-4292.9
SingleFamilyHouse,task_occ_e0,summer,SingleFamilyHouse-0742,-4727.1,-4727.1
SingleFamilyHouse,task_occ_e0,summer,SingleFamilyHouse-0751,-4373.5,-4373.5
SingleFamilyHouse,task_occ_e0,summer,SingleFamilyHouse-0761,-4635.0,-4635.0
SingleFamilyHouse,task_occ_e0,summer,SingleFamilyHouse-0764,-4710.8,-4710.8
SingleFamilyHouse,task_occ_e0,summer,SingleFamilyHouse-0766,-4537.7,-4537.7
SingleFamilyHouse,task_occ_e0,summer,SingleFamilyHouse-0771,-5373.7,-5373.7
SingleFamilyHouse,task_occ_e0,summer,SingleFamilyHouse-0773,-4463.5,-4463.5
SingleFamilyHouse,task_occ_e0,summer,SingleFamilyHouse-0777,-5309.7,-5309.7
SingleFamilyHouse,task_occ_e0,summer,SingleFamilyHouse-0790,-26935.5,-26935.5
SingleFamilyHouse,task_occ_e0,summer,SingleFamilyHouse-0791,-5811.5,-5811.5
SingleFamilyHouse,task_occ_e0,summer,SingleFamilyHouse-0793,-4339.6,-4339.6
SingleFamilyHouse,task_occ_e0,summer,SingleFamilyHouse-0798,-4925.2,-4925.2
SingleFamilyHouse,task_occ_e0,summer,SingleFamilyHouse-0810,-5383.7,-5383.7
SingleFamilyHouse,task_occ_e0,summer,SingleFamilyHouse-0843,-5578.5,-5578.5
SingleFamilyHouse,task_occ_e0,summer,SingleFamilyHouse-0849,-5038.7,-5038.7
SingleFamilyHouse,task_occ_e0,summer,SingleFamilyHouse-0880,-5887.1,-5887.1
SingleFamilyHouse,task_occ_e0,summer,SingleFamilyHouse-0892,-4197.7,-4197.7
SingleFamilyHouse,task_occ_e0,summer,SingleFamilyHouse-0896,-4772.1,-4772.1
SingleFamilyHouse,task_occ_e0,summer,SingleFamilyHouse-0897,-4846.7,-4846.7
SingleFamilyHouse,task_occ_e0,summer,SingleFamilyHouse-0910,-4444.6,-4444.6
SingleFamilyHouse,task_occ_e0,summer,SingleFamilyHouse-0912,-5221.6,-5221.6
SingleFamilyHouse,task_occ_e0,summer,SingleFamilyHouse-0923,-5144.2,-5144.2
SingleFamilyHouse,task_occ_e0,summer,SingleFamilyHouse-0925,-4523.6,-4523.6
SingleFamilyHouse,task_occ_e0,summer,SingleFamilyHouse-0929,-4804.5,-4804.5
SingleFamilyHouse,task_occ_e0,summer,SingleFamilyHouse-0941,-12102.1,-12102.1
SingleFamilyHouse,task_occ_e0,summer,SingleFamilyHouse-0966,-4255.4,-4255.4
SingleFamilyHouse,task_occ_e0,winter,SingleFamilyHouse-0002,-3305.3,-3305.3
SingleFamilyHouse,task_occ_e0,winter,SingleFamilyHouse-0017,-4461.8,-4461.8
SingleFamilyHouse,task_occ_e0,winter,SingleFamilyHouse-0019,-3299.9,-3299.9
SingleFamilyHouse,task_occ_e0,winter,SingleFamilyHouse-0025,-8224.7,-8224.7
SingleFamilyHouse,task_occ_e0,winter,SingleFamilyHouse-0034,-3923.7,-3923.7
SingleFamilyHouse,task_occ_e0,winter,SingleFamilyHouse-0035,-3788.6,-3788.6
SingleFamilyHouse,task_occ_e0,winter,SingleFamilyHouse-0039,-4555.6,-4555.6
SingleFamilyHouse,task_occ_e0,winter,SingleFamilyHouse-0050,-7089.0,-7089.0
SingleFamilyHouse,task_occ_e0,winter,SingleFamilyHouse-0054,-3449.4,-3449.4
SingleFamilyHouse,task_occ_e0,winter,SingleFamilyHouse-0057,-3661.3,-3661.3
SingleFamilyHouse,task_occ_e0,winter,SingleFamilyHouse-0077,-3768.6,-3768.6
SingleFamilyHouse,task_occ_e0,winter,SingleFamilyHouse-0086,-6767.4,-6767.4
SingleFamilyHouse,task_occ_e0,winter,SingleFamilyHouse-0114,-4192.0,-4192.0
SingleFamilyHouse,task_occ_e0,winter,SingleFamilyHouse-0151,-3457.3,-3457.3
SingleFamilyHouse,task_occ_e0,winter,SingleFamilyHouse-0175,-3446.6,-3446.6
SingleFamilyHouse,task_occ_e0,winter,SingleFamilyHouse-0178,-4095.2,-4095.2
SingleFamilyHouse,task_occ_e0,winter,SingleFamilyHouse-0185,-3782.3,-3782.3
SingleFamilyHouse,task_occ_e0,winter,SingleFamilyHouse-0186,-3593.1,-3593.1
SingleFamilyHouse,task_occ_e0,winter,SingleFamilyHouse-0190,-3520.9,-3520.9
SingleFamilyHouse,task_occ_e0,winter,SingleFamilyHouse-0201,-14873.9,-14873.9
SingleFamilyHouse,task_occ_e0,winter,SingleFamilyHouse-0203,-3604.5,-3604.5
SingleFamilyHouse,task_occ_e0,winter,SingleFamilyHouse-0211,-9109.8,-9109.8
SingleFamilyHouse,task_occ_e0,winter,SingleFamilyHouse-0222,-5358.2,-5358.2
SingleFamilyHouse,task_occ_e0,winter,SingleFamilyHouse-0248,-3760.6,-3760.6
SingleFamilyHouse,task_occ_e0,winter,SingleFamilyHouse-0265,-3849.1,-3849.1
SingleFamilyHouse,task_occ_e0,winter,SingleFamilyHouse-0291,-5031.2,-5031.2
SingleFamilyHouse,task_occ_e0,winter,SingleFamilyHouse-0294,-4167.3,-4167.3
SingleFamilyHouse,task_occ_e0,winter,SingleFamilyHouse-0299,-3354.5,-3354.5
SingleFamilyHouse,task_occ_e0,winter,SingleFamilyHouse-0300,-6718.3,-6718.3
SingleFamilyHouse,task_occ_e0,winter,SingleFamilyHouse-0335,-4081.2,-4081.2
SingleFamilyHouse,task_occ_e0,winter,SingleFamilyHouse-0337,-3556.9,-3556.9
SingleFamilyHouse,task_occ_e0,winter,SingleFamilyHouse-0351,-3512.8,-3512.8
SingleFamilyHouse,task_occ_e0,winter,SingleFamilyHouse-0355,-3655.7,-3655.7
SingleFamilyHouse,task_occ_e0,winter,SingleFamilyHouse-0365,-3555.1,-3555.1
SingleFamilyHouse,task_occ_e0,winter,SingleFamilyHouse-0366,-4579.4,-4579.4
SingleFamilyHouse,task_occ_e0,winter,SingleFamilyHouse-0370,-3982.7,-3982.7
SingleFamilyHouse,task_occ_e0,winter,SingleFamilyHouse-0387,-3414.8,-3414.8
SingleFamilyHouse,task_occ_e0,winter,SingleFamilyHouse-0399,-7141.5,-7141.5
SingleFamilyHouse,task_occ_e0,winter,SingleFamilyHouse-0415,-3647.6,-3647.6
SingleFamilyHouse,task_occ_e0,winter,SingleFamilyHouse-0419,-5643.6,-5643.6
SingleFamilyHouse,task_occ_e0,winter,SingleFamilyHouse-0425,-3775.7,-3775.7
SingleFamilyHouse,task_occ_e0,winter,SingleFamilyHouse-0427,-7243.5,-7243.5
SingleFamilyHouse,task_occ_e0,winter,SingleFamilyHouse-0429,-3221.2,-3221.2
SingleFamilyHouse,task_occ_e0,winter,SingleFamilyHouse-0451,-4427.6,-4427.6
SingleFamilyHouse,task_occ_e0,winter,SingleFamilyHouse-0467,-3680.5,-3680.5
SingleFamilyHouse,task_occ_e0,winter,SingleFamilyHouse-0468,-45163.6,-45163.6
SingleFamilyHouse,task_occ_e0,winter,SingleFamilyHouse-0477,-3934.8,-3934.8
SingleFamilyHouse,task_occ_e0,winter,SingleFamilyHouse-0484,-3352.2,-3352.2
SingleFamilyHouse,task_occ_e0,winter,SingleFamilyHouse-0494,-3486.1,-3486.1
SingleFamilyHouse,task_occ_e0,winter,SingleFamilyHouse-0497,-3700.9,-3700.9
SingleFamilyHouse,task_occ_e0,winter,SingleFamilyHouse-0502,-3489.2,-3489.2
SingleFamilyHouse,task_occ_e0,winter,SingleFamilyHouse-0507,-3559.3,-3559.3
SingleFamilyHouse,task_occ_e0,winter,SingleFamilyHouse-0508,-20798.9,-20798.9
SingleFamilyHouse,task_occ_e0,winter,SingleFamilyHouse-0509,-3503.6,-3503.6
SingleFamilyHouse,task_occ_e0,winter,SingleFamilyHouse-0524,-3531.8,-3531.8
SingleFamilyHouse,task_occ_e0,winter,SingleFamilyHouse-0529,-10956.8,-10956.8
SingleFamilyHouse,task_occ_e0,winter,SingleFamilyHouse-0539,-8385.3,-8385.3
SingleFamilyHouse,task_occ_e0,winter,SingleFamilyHouse-0555,-3569.4,-3569.4
SingleFamilyHouse,task_occ_e0,winter,SingleFamilyHouse-0582,-15116.8,-15116.8
SingleFamilyHouse,task_occ_e0,winter,SingleFamilyHouse-0587,-3607.1,-3607.1
SingleFamilyHouse,task_occ_e0,winter,SingleFamilyHouse-0590,-3489.6,-3489.6
SingleFamilyHouse,task_occ_e0,winter,SingleFamilyHouse-0597,-3244.1,-3244.1
SingleFamilyHouse,task_occ_e0,winter,SingleFamilyHouse-0608,-6591.3,-6591.3
SingleFamilyHouse,task_occ_e0,winter,SingleFamilyHouse-0615,-3419.1,-3419.1
SingleFamilyHouse,task_occ_e0,winter,SingleFamilyHouse-0616,-9457.6,-9457.6
SingleFamilyHouse,task_occ_e0,winter,SingleFamilyHouse-0623,-4084.8,-4084.8
SingleFamilyHouse,task_occ_e0,winter,SingleFamilyHouse-0631,-6761.5,-6761.5
SingleFamilyHouse,task_occ_e0,winter,SingleFamilyHouse-0639,-4771.2,-4771.2
SingleFamilyHouse,task_occ_e0,winter,SingleFamilyHouse-0667,-3298.0,-3298.0
SingleFamilyHouse,task_occ_e0,winter,SingleFamilyHouse-0683,-4043.2,-4043.2
SingleFamilyHouse,task_occ_e0,winter,SingleFamilyHouse-0695,-5914.1,-5914.1
SingleFamilyHouse,task_occ_e0,winter,SingleFamilyHouse-0714,-4208.2,-4208.2
SingleFamilyHouse,task_occ_e0,winter,SingleFamilyHouse-0721,-4319.0,-4319.0
SingleFamilyHouse,task_occ_e0,winter,SingleFamilyHouse-0733,-5888.8,-5888.8
SingleFamilyHouse,task_occ_e0,winter,SingleFamilyHouse-0742,-4214.5,-4214.5
SingleFamilyHouse,task_occ_e0,winter,SingleFamilyHouse-0751,-4470.3,-4470.3
SingleFamilyHouse,task_occ_e0,winter,SingleFamilyHouse-0761,-3539.6,-3539.6
SingleFamilyHouse,task_occ_e0,winter,SingleFamilyHouse-0764,-4796.6,-4796.6
SingleFamilyHouse,task_occ_e0,winter,SingleFamilyHouse-0766,-3280.4,-3280.4
SingleFamilyHouse,task_occ_e0,winter,SingleFamilyHouse-0771,-4137.6,-4137.6
SingleFamilyHouse,task_occ_e0,winter,SingleFamilyHouse-0773,-3718.9,-3718.9
SingleFamilyHouse,task_occ_e0,winter,SingleFamilyHouse-0777,-4174.8,-4174.8
SingleFamilyHouse,task_occ_e0,winter,SingleFamilyHouse-0790,-6682.7,-6682.7
SingleFamilyHouse,task_occ_e0,winter,SingleFamilyHouse-0791,-4569.8,-4569.8
SingleFamilyHouse,task_occ_e0,winter,SingleFamilyHouse-0793,-3662.5,-3662.5
SingleFamilyHouse,task_occ_e0,winter,SingleFamilyHouse-0798,-4789.8,-4789.8
SingleFamilyHouse,task_occ_e0,winter,SingleFamilyHouse-0810,-5233.8,-5233.8
SingleFamilyHouse,task_occ_e0,winter,SingleFamilyHouse-0843,-3591.3,-3591.3
SingleFamilyHouse,task_occ_e0,winter,SingleFamilyHouse-0849,-3457.0,-3457.0
SingleFamilyHouse,task_occ_e0,winter,SingleFamilyHouse-0880,-3797.0,-3797.0
SingleFamilyHouse,task_occ_e0,winter,SingleFamilyHouse-0892,-3958.0,-3958.0
SingleFamilyHouse,task_occ_e0,winter,SingleFamilyHouse-0896,-3504.8,-3504.8
SingleFamilyHouse,task_occ_e0,winter,SingleFamilyHouse-0897,-6907.7,-6907.7
SingleFamilyHouse,task_occ_e0,winter,SingleFamilyHouse-0910,-3637.0,-3637.0
SingleFamilyHouse,task_occ_e0,winter,SingleFamilyHouse-0912,-7775.9,-7775.9
SingleFamilyHouse,task_occ_e0,winter,SingleFamilyHouse-0923,-4401.7,-4401.7
SingleFamilyHouse,task_occ_e0,winter,SingleFamilyHouse-0925,-4975.0,-4975.0
SingleFamilyHouse,task_occ_e0,winter,SingleFamilyHouse-0929,-3624.9,-3624.9
SingleFamilyHouse,task_occ_e0,winter,SingleFamilyHouse-0941,-3701.9,-3701.9
SingleFamilyHouse,task_occ_e0,winter,SingleFamilyHouse-0966,-3610.3,-3610.3
SingleFamilyHouse,task_occ_e05,full_year,SingleFamilyHouse-0002,-226659.8,-226659.8
SingleFamilyHouse,task_occ_e05,full_year,SingleFamilyHouse-0017,-231128.6,-231128.6
SingleFamilyHouse,task_occ_e05,full_year,SingleFamilyHouse-0019,-223332.5,-223332.5
SingleFamilyHouse,task_occ_e05,full_year,SingleFamilyHouse-0025,-295265.4,-295265.4
SingleFamilyHouse,task_occ_e05,full_year,SingleFamilyHouse-0034,-1181536.1,-1181536.1
SingleFamilyHouse,task_occ_e05,full_year,SingleFamilyHouse-0035,-230318.3,-230318.3
SingleFamilyHouse,task_occ_e05,full_year,SingleFamilyHouse-0039,-242529.7,-242529.7
SingleFamilyHouse,task_occ_e05,full_year,SingleFamilyHouse-0050,-357195.5,-357195.5
SingleFamilyHouse,task_occ_e05,full_year,SingleFamilyHouse-0054,-264038.0,-264038.0
SingleFamilyHouse,task_occ_e05,full_year,SingleFamilyHouse-0057,-253988.0,-253988.0
SingleFamilyHouse,task_occ_e05,full_year,SingleFamilyHouse-0077,-283758.2,-283758.2
SingleFamilyHouse,task_occ_e05,full_year,SingleFamilyHouse-0086,-317895.7,-317895.7
SingleFamilyHouse,task_occ_e05,full_year,SingleFamilyHouse-0114,-305062.5,-305062.5
SingleFamilyHouse,task_occ_e05,full_year,SingleFamilyHouse-0151,-286821.9,-286821.9
SingleFamilyHouse,task_occ_e05,full_year,SingleFamilyHouse-0175,-219292.4,-219292.4
SingleFamilyHouse,task_occ_e05,full_year,SingleFamilyHouse-0178,-1686748.1,-1686748.1
SingleFamilyHouse,task_occ_e05,full_year,SingleFamilyHouse-0185,-470471.5,-470471.5
SingleFamilyHouse,task_occ_e05,full_year,SingleFamilyHouse-0186,-238668.6,-238668.6
SingleFamilyHouse,task_occ_e05,full_year,SingleFamilyHouse-0190,-1107071.6,-1107071.6
SingleFamilyHouse,task_occ_e05,full_year,SingleFamilyHouse-0201,-493679.6,-493679.6
SingleFamilyHouse,task_occ_e05,full_year,SingleFamilyHouse-0203,-231911.7,-231911.7
SingleFamilyHouse,task_occ_e05,full_year,SingleFamilyHouse-0211,-315898.3,-315898.3
SingleFamilyHouse,task_occ_e05,full_year,SingleFamilyHouse-0222,-312031.3,-312031.3
SingleFamilyHouse,task_occ_e05,full_year,SingleFamilyHouse-0248,-248818.6,-248818.6
SingleFamilyHouse,task_occ_e05,full_year,SingleFamilyHouse-0265,-509133.5,-509133.5
SingleFamilyHouse,task_occ_e05,full_year,SingleFamilyHouse-0291,-282315.0,-282315.0
SingleFamilyHouse,task_occ_e05,full_year,SingleFamilyHouse-0294,-238791.3,-238791.3
SingleFamilyHouse,task_occ_e05,full_year,SingleFamilyHouse-0299,-1396716.4,-1396716.4
SingleFamilyHouse,task_occ_e05,full_year,SingleFamilyHouse-0300,-431658.8,-431658.8
SingleFamilyHouse,task_occ_e05,full_year,SingleFamilyHouse-0335,-323461.2,-323461.2
SingleFamilyHouse,task_occ_e05,full_year,SingleFamilyHouse-0337,-241208.5,-241208.5
SingleFamilyHouse,task_occ_e05,full_year,SingleFamilyHouse-0351,-246723.1,-246723.1
SingleFamilyHouse,task_occ_e05,full_year,SingleFamilyHouse-0355,-249193.2,-249193.2
SingleFamilyHouse,task_occ_e05,full_year,SingleFamilyHouse-0365,-265449.6,-265449.6
SingleFamilyHouse,task_occ_e05,full_year,SingleFamilyHouse-0366,-259205.2,-259205.2
SingleFamilyHouse,task_occ_e05,full_year,SingleFamilyHouse-0370,-209772.0,-209772.0
SingleFamilyHouse,task_occ_e05,full_year,SingleFamilyHouse-0387,-204427.5,-204427.5
SingleFamilyHouse,task_occ_e05,full_year,SingleFamilyHouse-0399,-279010.6,-279010.6
SingleFamilyHouse,task_occ_e05,full_year,SingleFamilyHouse-0415,-241902.4,-241902.4
SingleFamilyHouse,task_occ_e05,full_year,SingleFamilyHouse-0419,-281168.5,-281168.5
SingleFamilyHouse,task_occ_e05,full_year,SingleFamilyHouse-0425,-200620.3,-200620.3
SingleFamilyHouse,task_occ_e05,full_year,SingleFamilyHouse-0427,-526034.7,-526034.7
SingleFamilyHouse,task_occ_e05,full_year,SingleFamilyHouse-0429,-202747.4,-202747.4
SingleFamilyHouse,task_occ_e05,full_year,SingleFamilyHouse-0451,-226003.8,-226003.8
SingleFamilyHouse,task_occ_e05,full_year,SingleFamilyHouse-0467,-229939.8,-229939.8
SingleFamilyHouse,task_occ_e05,full_year,SingleFamilyHouse-0468,-1021855.1,-1021855.1
SingleFamilyHouse,task_occ_e05,full_year,SingleFamilyHouse-0477,-240384.3,-240384.3
SingleFamilyHouse,task_occ_e05,full_year,SingleFamilyHouse-0484,-216388.5,-216388.5
SingleFamilyHouse,task_occ_e05,full_year,SingleFamilyHouse-0494,-1275267.3,-1275267.3
SingleFamilyHouse,task_occ_e05,full_year,SingleFamilyHouse-0497,-334602.2,-334602.2
SingleFamilyHouse,task_occ_e05,full_year,SingleFamilyHouse-0502,-246655.2,-246655.2
SingleFamilyHouse,task_occ_e05,full_year,SingleFamilyHouse-0507,-229820.4,-229820.4
SingleFamilyHouse,task_occ_e05,full_year,SingleFamilyHouse-0508,-760222.0,-760222.0
SingleFamilyHouse,task_occ_e05,full_year,SingleFamilyHouse-0509,-665334.8,-665334.8
SingleFamilyHouse,task_occ_e05,full_year,SingleFamilyHouse-0524,-226606.7,-226606.7
SingleFamilyHouse,task_occ_e05,full_year,SingleFamilyHouse-0529,-436016.3,-436016.3
SingleFamilyHouse,task_occ_e05,full_year,SingleFamilyHouse-0539,-303101.7,-303101.7
SingleFamilyHouse,task_occ_e05,full_year,SingleFamilyHouse-0555,-251654.7,-251654.7
SingleFamilyHouse,task_occ_e05,full_year,SingleFamilyHouse-0582,-523307.0,-523307.0
SingleFamilyHouse,task_occ_e05,full_year,SingleFamilyHouse-0587,-689461.0,-689461.0
SingleFamilyHouse,task_occ_e05,full_year,SingleFamilyHouse-0590,-196803.0,-196803.0
SingleFamilyHouse,task_occ_e05,full_year,SingleFamilyHouse-0597,-279094.8,-279094.8
SingleFamilyHouse,task_occ_e05,full_year,SingleFamilyHouse-0608,-284286.9,-284286.9
SingleFamilyHouse,task_occ_e05,full_year,SingleFamilyHouse-0615,-252863.4,-252863.4
SingleFamilyHouse,task_occ_e05,full_year,SingleFamilyHouse-0616,-410185.0,-410185.0
SingleFamilyHouse,task_occ_e05,full_year,SingleFamilyHouse-0623,-257671.6,-257671.6
SingleFamilyHouse,task_occ_e05,full_year,SingleFamilyHouse-0631,-382814.3,-382814.3
SingleFamilyHouse,task_occ_e05,full_year,SingleFamilyHouse-0639,-413833.1,-413833.1
SingleFamilyHouse,task_occ_e05,full_year,SingleFamilyHouse-0667,-257586.0,-257586.0
SingleFamilyHouse,task_occ_e05,full_year,SingleFamilyHouse-0683,-220262.9,-220262.9
SingleFamilyHouse,task_occ_e05,full_year,SingleFamilyHouse-0695,-287484.7,-287484.7
SingleFamilyHouse,task_occ_e05,full_year,SingleFamilyHouse-0714,-272123.9,-272123.9
SingleFamilyHouse,task_occ_e05,full_year,SingleFamilyHouse-0721,-255699.8,-255699.8
SingleFamilyHouse,task_occ_e05,full_year,SingleFamilyHouse-0733,-339220.1,-339220.1
SingleFamilyHouse,task_occ_e05,full_year,SingleFamilyHouse-0742,-243350.4,-243350.4
SingleFamilyHouse,task_occ_e05,full_year,SingleFamilyHouse-0751,-250765.6,-250765.6
SingleFamilyHouse,task_occ_e05,full_year,SingleFamilyHouse-0761,-233390.5,-233390.5
SingleFamilyHouse,task_occ_e05,full_year,SingleFamilyHouse-0764,-245643.7,-245643.7
SingleFamilyHouse,task_occ_e05,full_year,SingleFamilyHouse-0766,-217625.1,-217625.1
SingleFamilyHouse,task_occ_e05,full_year,SingleFamilyHouse-0771,-244423.0,-244423.0
SingleFamilyHouse,task_occ_e05,full_year,SingleFamilyHouse-0773,-260593.6,-260593.6
SingleFamilyHouse,task_occ_e05,full_year,SingleFamilyHouse-0777,-253663.9,-253663.9
SingleFamilyHouse,task_occ_e05,full_year,SingleFamilyHouse-0790,-425191.5,-425191.5
SingleFamilyHouse,task_occ_e05,full_year,SingleFamilyHouse-0791,-253179.5,-253179.5
SingleFamilyHouse,task_occ_e05,full_year,SingleFamilyHouse-0793,-309911.2,-309911.2
SingleFamilyHouse,task_occ_e05,full_year,SingleFamilyHouse-0798,-242991.3,-242991.3
SingleFamilyHouse,task_occ_e05,full_year,SingleFamilyHouse-0810,-293450.3,-293450.3
SingleFamilyHouse,task_occ_e05,full_year,SingleFamilyHouse-0843,-421512.7,-421512.7
SingleFamilyHouse,task_occ_e05,full_year,SingleFamilyHouse-0849,-209142.7,-209142.7
SingleFamilyHouse,task_occ_e05,full_year,SingleFamilyHouse-0880,-233477.3,-233477.3
SingleFamilyHouse,task_occ_e05,full_year,SingleFamilyHouse-0892,-264828.8,-264828.8
SingleFamilyHouse,task_occ_e05,full_year,SingleFamilyHouse-0896,-237258.4,-237258.4
SingleFamilyHouse,task_occ_e05,full_year,SingleFamilyHouse-0897,-273211.9,-273211.9
SingleFamilyHouse,task_occ_e05,full_year,SingleFamilyHouse-0910,-789468.5,-789468.5
SingleFamilyHouse,task_occ_e05,full_year,SingleFamilyHouse-0912,-342164.4,-342164.4
SingleFamilyHouse,task_occ_e05,full_year,SingleFamilyHouse-0923,-245215.7,-245215.7
SingleFamilyHouse,task_occ_e05,full_year,SingleFamilyHouse-0925,-303328.1,-303328.1
SingleFamilyHouse,task_occ_e05,full_year,SingleFamilyHouse-0929,-960575.7,-960575.7
SingleFamilyHouse,task_occ_e05,full_year,SingleFamilyHouse-0941,-1637666.6,-1637666.6
SingleFamilyHouse,task_occ_e05,full_year,SingleFamilyHouse-0966,-1322290.9,-1322290.9
SingleFamilyHouse,task_occ_e05,summer,SingleFamilyHouse-0002,-74521.3,-74521.3
SingleFamilyHouse,task_occ_e05,summer,SingleFamilyHouse-0017,-69651.1,-69651.1
SingleFamilyHouse,task_occ_e05,summer,SingleFamilyHouse-0019,-75001.5,-75001.5
SingleFamilyHouse,task_occ_e05,summer,SingleFamilyHouse-0025,-65659.4,-65659.4
SingleFamilyHouse,task_occ_e05,summer,SingleFamilyHouse-0034,-47360.7,-47360.7
SingleFamilyHouse,task_occ_e05,summer,SingleFamilyHouse-0035,-95836.2,-95836.2
SingleFamilyHouse,task_occ_e05,summer,SingleFamilyHouse-0039,-87303.7,-87303.7
SingleFamilyHouse,task_occ_e05,summer,SingleFamilyHouse-0050,-76456.3,-76456.3
SingleFamilyHouse,task_occ_e05,summer,SingleFamilyHouse-0054,-83966.1,-83966.1
SingleFamilyHouse,task_occ_e05,summer,SingleFamilyHouse-0057,-82600.5,-82600.5
SingleFamilyHouse,task_occ_e05,summer,SingleFamilyHouse-0077,-75151.5,-75151.5
SingleFamilyHouse,task_occ_e05,summer,SingleFamilyHouse-0086,-74798.0,-74798.0
SingleFamilyHouse,task_occ_e05,summer,SingleFamilyHouse-0114,-102623.1,-102623.1
SingleFamilyHouse,task_occ_e05,summer,SingleFamilyHouse-0151,-77372.8,-77372.8
SingleFamilyHouse,task_occ_e05,summer,SingleFamilyHouse-0175,-73142.2,-73142.2
SingleFamilyHouse,task_occ_e05,summer,SingleFamilyHouse-0178,-59149.0,-59149.0
SingleFamilyHouse,task_occ_e05,summer,SingleFamilyHouse-0185,-80190.7,-80190.7
SingleFamilyHouse,task_occ_e05,summer,SingleFamilyHouse-0186,-80102.8,-80102.8
SingleFamilyHouse,task_occ_e05,summer,SingleFamilyHouse-0190,-56366.9,-56366.9
SingleFamilyHouse,task_occ_e05,summer,SingleFamilyHouse-0201,-273366.8,-273366.8
SingleFamilyHouse,task_occ_e05,summer,SingleFamilyHouse-0203,-82917.8,-82917.8
SingleFamilyHouse,task_occ_e05,summer,SingleFamilyHouse-0211,-56802.2,-56802.2
SingleFamilyHouse,task_occ_e05,summer,SingleFamilyHouse-0222,-68502.1,-68502.1
SingleFamilyHouse,task_occ_e05,summer,SingleFamilyHouse-0248,-69082.4,-69082.4
SingleFamilyHouse,task_occ_e05,summer,SingleFamilyHouse-0265,-72913.8,-72913.8
SingleFamilyHouse,task_occ_e05,summer,SingleFamilyHouse-0291,-125056.3,-125056.3
SingleFamilyHouse,task_occ_e05,summer,SingleFamilyHouse-0294,-75236.8,-75236.8
SingleFamilyHouse,task_occ_e05,summer,SingleFamilyHouse-0299,-68493.0,-68493.0
SingleFamilyHouse,task_occ_e05,summer,SingleFamilyHouse-0300,-754111.7,-754111.7
SingleFamilyHouse,task_occ_e05,summer,SingleFamilyHouse-0335,-724855.9,-724855.9
SingleFamilyHouse,task_occ_e05,summer,SingleFamilyHouse-0337,-73464.5,-73464.5
SingleFamilyHouse,task_occ_e05,summer,SingleFamilyHouse-0351,-73194.2,-73194.2
SingleFamilyHouse,task_occ_e05,summer,SingleFamilyHouse-0355,-71375.6,-71375.6
SingleFamilyHouse,task_occ_e05,summer,SingleFamilyHouse-0365,-62060.6,-62060.6
SingleFamilyHouse,task_occ_e05,summer,SingleFamilyHouse-0366,-90724.7,-90724.7
SingleFamilyHouse,task_occ_e05,summer,SingleFamilyHouse-0370,-58690.0,-58690.0
SingleFamilyHouse,task_occ_e05,summer,SingleFamilyHouse-0387,-57746.9,-57746.9
SingleFamilyHouse,task_occ_e05,summer,SingleFamilyHouse-0399,-66902.9,-66902.9
SingleFamilyHouse,task_occ_e05,summer,SingleFamilyHouse-0415,-70093.7,-70093.7
SingleFamilyHouse,task_occ_e05,summer,SingleFamilyHouse-0419,-79099.8,-79099.8
SingleFamilyHouse,task_occ_e05,summer,SingleFamilyHouse-0425,-58557.3,-58557.3
SingleFamilyHouse,task_occ_e05,summer,SingleFamilyHouse-0427,-748564.0,-748564.0
SingleFamilyHouse,task_occ_e05,summer,SingleFamilyHouse-0429,-75488.0,-75488.0
SingleFamilyHouse,task_occ_e05,summer,SingleFamilyHouse-0451,-71264.6,-71264.6
SingleFamilyHouse,task_occ_e05,summer,SingleFamilyHouse-0467,-78633.8,-78633.8
SingleFamilyHouse,task_occ_e05,summer,SingleFamilyHouse-0468,-80750.0,-80750.0
SingleFamilyHouse,task_occ_e05,summer,SingleFamilyHouse-0477,-85607.5,-85607.5
SingleFamilyHouse,task_occ_e05,summer,SingleFamilyHouse-0484,-74003.5,-74003.5
SingleFamilyHouse,task_occ_e05,summer,SingleFamilyHouse-0494,-50545.8,-50545.8
SingleFamilyHouse,task_occ_e05,summer,SingleFamilyHouse-0497,-80414.9,-80414.9
SingleFamilyHouse,task_occ_e05,summer,SingleFamilyHouse-0502,-75751.3,-75751.3
SingleFamilyHouse,task_occ_e05,summer,SingleFamilyHouse-0507,-86371.1,-86371.1
SingleFamilyHouse,task_occ_e05,summer,SingleFamilyHouse-0508,-370811.2,-370811.2
SingleFamilyHouse,task_occ_e05,summer,SingleFamilyHouse-0509,-68579.9,-68579.9
SingleFamilyHouse,task_occ_e05,summer,SingleFamilyHouse-0524,-67583.5,-67583.5
SingleFamilyHouse,task_occ_e05,summer,SingleFamilyHouse-0529,-89272.2,-89272.2
SingleFamilyHouse,task_occ_e05,summer,SingleFamilyHouse-0539,-61228.8,-61228.8
SingleFamilyHouse,task_occ_e05,summer,SingleFamilyHouse-0555,-80901.2,-80901.2
SingleFamilyHouse,task_occ_e05,summer,SingleFamilyHouse-0582,-98794.2,-98794.2
SingleFamilyHouse,task_occ_e05,summer,SingleFamilyHouse-0587,-67965.6,-67965.6
SingleFamilyHouse,task_occ_e05,summer,SingleFamilyHouse-0590,-59127.1,-59127.1
SingleFamilyHouse,task_occ_e05,summer,SingleFamilyHouse-0597,-66436.8,-66436.8
SingleFamilyHouse,task_occ_e05,summer,SingleFamilyHouse-0608,-59213.7,-59213.7
SingleFamilyHouse,task_occ_e05,summer,SingleFamilyHouse-0615,-77301.0,-77301.0
SingleFamilyHouse,task_occ_e05,summer,SingleFamilyHouse-0616,-108302.6,-108302.6
SingleFamilyHouse,task_occ_e05,summer,SingleFamilyHouse-0623,-88066.2,-88066.2
SingleFamilyHouse,task_occ_e05,summer,SingleFamilyHouse-0631,-338779.3,-338779.3
SingleFamilyHouse,task_occ_e05,summer,SingleFamilyHouse-0639,-657764.5,-657764.5
SingleFamilyHouse,task_occ_e05,summer,SingleFamilyHouse-0667,-81309.8,-81309.8
SingleFamilyHouse,task_occ_e05,summer,SingleFamilyHouse-0683,-61650.9,-61650.9
SingleFamilyHouse,task_occ_e05,summer,SingleFamilyHouse-0695,-77507.7,-77507.7
SingleFamilyHouse,task_occ_e05,summer,SingleFamilyHouse-0714,-77456.8,-77456.8
SingleFamilyHouse,task_occ_e05,summer,SingleFamilyHouse-0721,-80147.5,-80147.5
SingleFamilyHouse,task_occ_e05,summer,SingleFamilyHouse-0733,-74906.7,-74906.7
SingleFamilyHouse,task_occ_e05,summer,SingleFamilyHouse-0742,-68949.5,-68949.5
SingleFamilyHouse,task_occ_e05,summer,SingleFamilyHouse-0751,-65187.5,-65187.5
SingleFamilyHouse,task_occ_e05,summer,SingleFamilyHouse-0761,-70420.0,-70420.0
SingleFamilyHouse,task_occ_e05,summer,SingleFamilyHouse-0764,-62042.3,-62042.3
SingleFamilyHouse,task_occ_e05,summer,SingleFamilyHouse-0766,-59334.1,-59334.1
SingleFamilyHouse,task_occ_e05,summer,SingleFamilyHouse-0771,-81111.0,-81111.0
SingleFamilyHouse,task_occ_e05,summer,SingleFamilyHouse-0773,-72730.7,-72730.7
SingleFamilyHouse,task_occ_e05,summer,SingleFamilyHouse-0777,-82992.9,-82992.9
SingleFamilyHouse,task_occ_e05,summer,SingleFamilyHouse-0790,-332141.3,-332141.3
SingleFamilyHouse,task_occ_e05,summer,SingleFamilyHouse-0791,-83592.4,-83592.4
SingleFamilyHouse,task_occ_e05,summer,SingleFamilyHouse-0793,-80402.1,-80402.1
SingleFamilyHouse,task_occ_e05,summer,SingleFamilyHouse-0798,-69504.1,-69504.1
SingleFamilyHouse,task_occ_e05,summer,SingleFamilyHouse-0810,-88743.5,-88743.5
SingleFamilyHouse,task_occ_e05,summer,SingleFamilyHouse-0843,-77276.5,-77276.5
SingleFamilyHouse,task_occ_e05,summer,SingleFamilyHouse-0849,-72696.5,-72696.5
SingleFamilyHouse,task_occ_e05,summer,SingleFamilyHouse-0880,-85174.7,-85174.7
SingleFamilyHouse,task_occ_e05,summer,SingleFamilyHouse-0892,-66677.2,-66677.2
SingleFamilyHouse,task_occ_e05,summer,SingleFamilyHouse-0896,-72208.3,-72208.3
SingleFamilyHouse,task_occ_e05,summer,SingleFamilyHouse-0897,-61981.8,-61981.8
SingleFamilyHouse,task_occ_e05,summer,SingleFamilyHouse-0910,-61922.1,-61922.1
SingleFamilyHouse,task_occ_e05,summer,SingleFamilyHouse-0912,-82629.9,-82629.9
SingleFamilyHouse,task_occ_e05,summer,SingleFamilyHouse-0923,-77550.0,-77550.0
SingleFamilyHouse,task_occ_e05,summer,SingleFamilyHouse-0925,-76103.1,-76103.1
SingleFamilyHouse,task_occ_e05,summer,SingleFamilyHouse-0929,-67780.5,-67780.5
SingleFamilyHouse,task_occ_e05,summer,SingleFamilyHouse-0941,-151642.0,-151642.0
SingleFamilyHouse,task_occ_e05,summer,SingleFamilyHouse-0966,-55682.4,-55682.4
SingleFamilyHouse,task_occ_e05,winter,SingleFamilyHouse-0002,-63002.2,-63002.2
SingleFamilyHouse,task_occ_e05,winter,SingleFamilyHouse-0017,-76181.5,-76181.5
SingleFamilyHouse,task_occ_e05,winter,SingleFamilyHouse-0019,-63098.4,-63098.4
SingleFamilyHouse,task_occ_e05,winter,SingleFamilyHouse-0025,-137447.8,-137447.8
SingleFamilyHouse,task_occ_e05,winter,SingleFamilyHouse-0034,-84693.2,-84693.2
SingleFamilyHouse,task_occ_e05,winter,SingleFamilyHouse-0035,-69600.1,-69600.1
SingleFamilyHouse,task_occ_e05,winter,SingleFamilyHouse-0039,-82805.3,-82805.3
SingleFamilyHouse,task_occ_e05,winter,SingleFamilyHouse-0050,-136881.1,-136881.1
SingleFamilyHouse,task_occ_e05,winter,SingleFamilyHouse-0054,-71683.7,-71683.7
SingleFamilyHouse,task_occ_e05,winter,SingleFamilyHouse-0057,-71365.1,-71365.1
SingleFamilyHouse,task_occ_e05,winter,SingleFamilyHouse-0077,-82455.1,-82455.1
SingleFamilyHouse,task_occ_e05,winter,SingleFamilyHouse-0086,-125238.8,-125238.8
SingleFamilyHouse,task_occ_e05,winter,SingleFamilyHouse-0114,-83426.3,-83426.3
SingleFamilyHouse,task_occ_e05,winter,SingleFamilyHouse-0151,-75268.8,-75268.8
SingleFamilyHouse,task_occ_e05,winter,SingleFamilyHouse-0175,-68242.4,-68242.4
SingleFamilyHouse,task_occ_e05,winter,SingleFamilyHouse-0178,-79411.9,-79411.9
SingleFamilyHouse,task_occ_e05,winter,SingleFamilyHouse-0185,-75649.2,-75649.2
SingleFamilyHouse,task_occ_e05,winter,SingleFamilyHouse-0186,-68516.9,-68516.9
SingleFamilyHouse,task_occ_e05,winter,SingleFamilyHouse-0190,-70434.2,-70434.2
SingleFamilyHouse,task_occ_e05,winter,SingleFamilyHouse-0201,-246684.3,-246684.3
SingleFamilyHouse,task_occ_e05,winter,SingleFamilyHouse-0203,-65387.9,-65387.9
SingleFamilyHouse,task_occ_e05,winter,SingleFamilyHouse-0211,-153244.9,-153244.9
SingleFamilyHouse,task_occ_e05,winter,SingleFamilyHouse-0222,-107616.6,-107616.6
SingleFamilyHouse,task_occ_e05,winter,SingleFamilyHouse-0248,-75587.8,-75587.8
SingleFamilyHouse,task_occ_e05,winter,SingleFamilyHouse-0265,-76136.8,-76136.8
SingleFamilyHouse,task_occ_e05,winter,SingleFamilyHouse-0291,-94055.8,-94055.8
SingleFamilyHouse,task_occ_e05,winter,SingleFamilyHouse-0294,-75896.9,-75896.9
SingleFamilyHouse,task_occ_e05,winter,SingleFamilyHouse-0299,-75110.4,-75110.4
SingleFamilyHouse,task_occ_e05,winter,SingleFamilyHouse-0300,-120733.7,-120733.7
SingleFamilyHouse,task_occ_e05,winter,SingleFamilyHouse-0335,-81309.4,-81309.4
SingleFamilyHouse,task_occ_e05,winter,SingleFamilyHouse-0337,-70854.0,-70854.0
SingleFamilyHouse,task_occ_e05,winter,SingleFamilyHouse-0351,-68884.4,-68884.4
SingleFamilyHouse,task_occ_e05,winter,SingleFamilyHouse-0355,-73423.7,-73423.7
SingleFamilyHouse,task_occ_e05,winter,SingleFamilyHouse-0365,-74002.0,-74002.0
SingleFamilyHouse,task_occ_e05,winter,SingleFamilyHouse-0366,-84157.0,-84157.0
SingleFamilyHouse,task_occ_e05,winter,SingleFamilyHouse-0370,-66557.2,-66557.2
SingleFamilyHouse,task_occ_e05,winter,SingleFamilyHouse-0387,-56973.4,-56973.4
SingleFamilyHouse,task_occ_e05,winter,SingleFamilyHouse-0399,-120287.0,-120287.0
SingleFamilyHouse,task_occ_e05,winter,SingleFamilyHouse-0415,-72479.8,-72479.8
SingleFamilyHouse,task_occ_e05,winter,SingleFamilyHouse-0419,-102682.7,-102682.7
SingleFamilyHouse,task_occ_e05,winter,SingleFamilyHouse-0425,-62886.6,-62886.6
SingleFamilyHouse,task_occ_e05,winter,SingleFamilyHouse-0427,-136268.5,-136268.5
SingleFamilyHouse,task_occ_e05,winter,SingleFamilyHouse-0429,-61467.9,-61467.9
SingleFamilyHouse,task_occ_e05,winter,SingleFamilyHouse-0451,-74768.3,-74768.3
SingleFamilyHouse,task_occ_e05,winter,SingleFamilyHouse-0467,-70950.2,-70950.2
SingleFamilyHouse,task_occ_e05,winter,SingleFamilyHouse-0468,-746466.7,-746466.7
SingleFamilyHouse,task_occ_e05,winter,SingleFamilyHouse-0477,-71962.4,-71962.4
SingleFamilyHouse,task_occ_e05,winter,SingleFamilyHouse-0484,-62557.0,-62557.0
SingleFamilyHouse,task_occ_e05,winter,SingleFamilyHouse-0494,-73460.0,-73460.0
SingleFamilyHouse,task_occ_e05,winter,SingleFamilyHouse-0497,-89458.6,-89458.6
SingleFamilyHouse,task_occ_e05,winter,SingleFamilyHouse-0502,-69432.2,-69432.2
SingleFamilyHouse,task_occ_e05,winter,SingleFamilyHouse-0507,-64730.8,-64730.8
SingleFamilyHouse,task_occ_e05,winter,SingleFamilyHouse-0508,-353909.7,-353909.7
SingleFamilyHouse,task_occ_e05,winter,SingleFamilyHouse-0509,-71965.3,-71965.3
SingleFamilyHouse,task_occ_e05,winter,SingleFamilyHouse-0524,-68981.9,-68981.9
SingleFamilyHouse,task_occ_e05,winter,SingleFamilyHouse-0529,-199517.9,-199517.9
SingleFamilyHouse,task_occ_e05,winter,SingleFamilyHouse-0539,-141109.6,-141109.6
SingleFamilyHouse,task_occ_e05,winter,SingleFamilyHouse-0555,-70350.8,-70350.8
SingleFamilyHouse,task_occ_e05,winter,SingleFamilyHouse-0582,-271756.5,-271756.5
SingleFamilyHouse,task_occ_e05,winter,SingleFamilyHouse-0587,-71837.2,-71837.2
SingleFamilyHouse,task_occ_e05,winter,SingleFamilyHouse-0590,-58840.9,-58840.9
SingleFamilyHouse,task_occ_e05,winter,SingleFamilyHouse-0597,-70198.8,-70198.8
SingleFamilyHouse,task_occ_e05,winter,SingleFamilyHouse-0608,-113793.7,-113793.7
SingleFamilyHouse,task_occ_e05,winter,SingleFamilyHouse-0615,-69757.3,-69757.3
SingleFamilyHouse,task_occ_e05,winter,SingleFamilyHouse-0616,-176644.9,-176644.9
SingleFamilyHouse,task_occ_e05,winter,SingleFamilyHouse-0623,-78312.0,-78312.0
SingleFamilyHouse,task_occ_e05,winter,SingleFamilyHouse-0631,-129554.5,-129554.5
SingleFamilyHouse,task_occ_e05,winter,SingleFamilyHouse-0639,-94811.3,-94811.3
SingleFamilyHouse,task_occ_e05,winter,SingleFamilyHouse-0667,-69184.1,-69184.1
SingleFamilyHouse,task_occ_e05,winter,SingleFamilyHouse-0683,-67543.0,-67543.0
SingleFamilyHouse,task_occ_e05,winter,SingleFamilyHouse-0695,-107659.5,-107659.5
SingleFamilyHouse,task_occ_e05,winter,SingleFamilyHouse-0714,-84108.4,-84108.4
SingleFamilyHouse,task_occ_e05,winter,SingleFamilyHouse-0721,-82477.5,-82477.5
SingleFamilyHouse,task_occ_e05,winter,SingleFamilyHouse-0733,-117743.0,-117743.0
SingleFamilyHouse,task_occ_e05,winter,SingleFamilyHouse-0742,-77573.7,-77573.7
SingleFamilyHouse,task_occ_e05,winter,SingleFamilyHouse-0751,-83462.4,-83462.4
SingleFamilyHouse,task_occ_e05,winter,SingleFamilyHouse-0761,-69011.5,-69011.5
SingleFamilyHouse,task_occ_e05,winter,SingleFamilyHouse-0764,-83674.5,-83674.5
SingleFamilyHouse,task_occ_e05,winter,SingleFamilyHouse-0766,-57140.6,-57140.6
SingleFamilyHouse,task_occ_e05,winter,SingleFamilyHouse-0771,-76584.4,-76584.4
SingleFamilyHouse,task_occ_e05,winter,SingleFamilyHouse-0773,-75445.7,-75445.7
SingleFamilyHouse,task_occ_e05,winter,SingleFamilyHouse-0777,-79700.0,-79700.0
SingleFamilyHouse,task_occ_e05,winter,SingleFamilyHouse-0790,-126640.9,-126640.9
SingleFamilyHouse,task_occ_e05,winter,SingleFamilyHouse-0791,-83477.4,-83477.4
SingleFamilyHouse,task_occ_e05,winter,SingleFamilyHouse-0793,-82662.3,-82662.3
SingleFamilyHouse,task_occ_e05,winter,SingleFamilyHouse-0798,-86152.8,-86152.8
SingleFamilyHouse,task_occ_e05,winter,SingleFamilyHouse-0810,-101175.6,-101175.6
SingleFamilyHouse,task_occ_e05,winter,SingleFamilyHouse-0843,-66223.1,-66223.1
SingleFamilyHouse,task_occ_e05,winter,SingleFamilyHouse-0849,-63701.4,-63701.4
SingleFamilyHouse,task_occ_e05,winter,SingleFamilyHouse-0880,-69778.3,-69778.3
SingleFamilyHouse,task_occ_e05,winter,SingleFamilyHouse-0892,-79652.9,-79652.9
SingleFamilyHouse,task_occ_e05,winter,SingleFamilyHouse-0896,-68372.8,-68372.8
SingleFamilyHouse,task_occ_e05,winter,SingleFamilyHouse-0897,-116142.7,-116142.7
SingleFamilyHouse,task_occ_e05,winter,SingleFamilyHouse-0910,-72230.2,-72230.2
SingleFamilyHouse,task_occ_e05,winter,SingleFamilyHouse-0912,-142019.1,-142019.1
SingleFamilyHouse,task_occ_e05,winter,SingleFamilyHouse-0923,-81207.1,-81207.1
SingleFamilyHouse,task_occ_e05,winter,SingleFamilyHouse-0925,-99040.2,-99040.2
SingleFamilyHouse,task_occ_e05,winter,SingleFamilyHouse-0929,-71134.0,-71134.0
SingleFamilyHouse,task_occ_e05,winter,SingleFamilyHouse-0941,-62771.2,-62771.2
SingleFamilyHouse,task_occ_e05,winter,SingleFamilyHouse-0966,-73261.7,-73261.7
SingleFamilyHouse,task_rand_e0,full_year,SingleFamilyHouse-0002,-9778.6,-9778.6
SingleFamilyHouse,task_rand_e0,full_year,SingleFamilyHouse-0017,-12192.5,-12192.5
SingleFamilyHouse,task_rand_e0,full_year,SingleFamilyHouse-0019,-9280.8,-9280.8
SingleFamilyHouse,task_rand_e0,full_year,SingleFamilyHouse-0025,-22258.0,-22258.0
SingleFamilyHouse,task_rand_e0,full_year,SingleFamilyHouse-0034,-90769.1,-90769.1
SingleFamilyHouse,task_rand_e0,full_year,SingleFamilyHouse-0035,-11538.7,-11538.7
SingleFamilyHouse,task_rand_e0,full_year,SingleFamilyHouse-0039,-14613.2,-14613.2
SingleFamilyHouse,task_rand_e0,full_year,SingleFamilyHouse-0050,-20447.2,-20447.2
SingleFamilyHouse,task_rand_e0,full_year,SingleFamilyHouse-0054,-9927.9,-9927.9
SingleFamilyHouse,task_rand_e0,full_year,SingleFamilyHouse-0057,-10612.8,-10612.8
SingleFamilyHouse,task_rand_e0,full_year,SingleFamilyHouse-0077,-10564.9,-10564.9
SingleFamilyHouse,task_rand_e0,full_year,SingleFamilyHouse-0086,-18838.4,-18838.4
SingleFamilyHouse,task_rand_e0,full_year,SingleFamilyHouse-0114,-12011.4,-12011.4
SingleFamilyHouse,task_rand_e0,full_year,SingleFamilyHouse-0151,-9750.7,-9750.7
SingleFamilyHouse,task_rand_e0,full_year,SingleFamilyHouse-0175,-9408.4,-9408.4
SingleFamilyHouse,task_rand_e0,full_year,SingleFamilyHouse-0178,-116809.9,-116809.9
SingleFamilyHouse,task_rand_e0,full_year,SingleFamilyHouse-0185,-34105.9,-34105.9
SingleFamilyHouse,task_rand_e0,full_year,SingleFamilyHouse-0186,-10243.0,-10243.0
SingleFamilyHouse,task_rand_e0,full_year,SingleFamilyHouse-0190,-88869.4,-88869.4
SingleFamilyHouse,task_rand_e0,full_year,SingleFamilyHouse-0201,-8389.9,-8389.9
SingleFamilyHouse,task_rand_e0,full_year,SingleFamilyHouse-0203,-10560.1,-10560.1
SingleFamilyHouse,task_rand_e0,full_year,SingleFamilyHouse-0211,-23125.7,-23125.7
SingleFamilyHouse,task_rand_e0,full_year,SingleFamilyHouse-0222,-15057.1,-15057.1
SingleFamilyHouse,task_rand_e0,full_year,SingleFamilyHouse-0248,-9819.7,-9819.7
SingleFamilyHouse,task_rand_e0,full_year,SingleFamilyHouse-0265,-34375.8,-34375.8
SingleFamilyHouse,task_rand_e0,full_year,SingleFamilyHouse-0291,-16660.7,-16660.7
SingleFamilyHouse,task_rand_e0,full_year,SingleFamilyHouse-0294,-12376.2,-12376.2
SingleFamilyHouse,task_rand_e0,full_year,SingleFamilyHouse-0299,-97164.3,-97164.3
SingleFamilyHouse,task_rand_e0,full_year,SingleFamilyHouse-0300,-17738.5,-17738.5
SingleFamilyHouse,task_rand_e0,full_year,SingleFamilyHouse-0335,-26765.4,-26765.4
SingleFamilyHouse,task_rand_e0,full_year,SingleFamilyHouse-0337,-9829.1,-9829.1
SingleFamilyHouse,task_rand_e0,full_year,SingleFamilyHouse-0351,-9513.4,-9513.4
SingleFamilyHouse,task_rand_e0,full_year,SingleFamilyHouse-0355,-10116.7,-10116.7
SingleFamilyHouse,task_rand_e0,full_year,SingleFamilyHouse-0365,-10370.0,-10370.0
SingleFamilyHouse,task_rand_e0,full_year,SingleFamilyHouse-0366,-13821.8,-13821.8
SingleFamilyHouse,task_rand_e0,full_year,SingleFamilyHouse-0370,-10578.5,-10578.5
SingleFamilyHouse,task_rand_e0,full_year,SingleFamilyHouse-0387,-9574.7,-9574.7
SingleFamilyHouse,task_rand_e0,full_year,SingleFamilyHouse-0399,-19276.4,-19276.4
SingleFamilyHouse,task_rand_e0,full_year,SingleFamilyHouse-0415,-10291.6,-10291.6
SingleFamilyHouse,task_rand_e0,full_year,SingleFamilyHouse-0419,-15983.9,-15983.9
SingleFamilyHouse,task_rand_e0,full_year,SingleFamilyHouse-0425,-10782.9,-10782.9
SingleFamilyHouse,task_rand_e0,full_year,SingleFamilyHouse-0427,-18424.7,-18424.7
SingleFamilyHouse,task_rand_e0,full_year,SingleFamilyHouse-0429,-9422.4,-9422.4
SingleFamilyHouse,task_rand_e0,full_year,SingleFamilyHouse-0451,-13924.5,-13924.5
SingleFamilyHouse,task_rand_e0,full_year,SingleFamilyHouse-0467,-10736.3,-10736.3
SingleFamilyHouse,task_rand_e0,full_year,SingleFamilyHouse-0468,-82028.8,-82028.8
SingleFamilyHouse,task_rand_e0,full_year,SingleFamilyHouse-0477,-11494.8,-11494.8
SingleFamilyHouse,task_rand_e0,full_year,SingleFamilyHouse-0484,-9680.1,-9680.1
SingleFamilyHouse,task_rand_e0,full_year,SingleFamilyHouse-0494,-91324.0,-91324.0
SingleFamilyHouse,task_rand_e0,full_year,SingleFamilyHouse-0497,-10039.1,-10039.1
SingleFamilyHouse,task_rand_e0,full_year,SingleFamilyHouse-0502,-9456.5,-9456.5
SingleFamilyHouse,task_rand_e0,full_year,SingleFamilyHouse-0507,-10393.5,-10393.5
SingleFamilyHouse,task_rand_e0,full_year,SingleFamilyHouse-0508,-13730.9,-13730.9
SingleFamilyHouse,task_rand_e0,full_year,SingleFamilyHouse-0509,-52834.1,-52834.1
SingleFamilyHouse,task_rand_e0,full_year,SingleFamilyHouse-0524,-9327.2,-9327.2
SingleFamilyHouse,task_rand_e0,full_year,SingleFamilyHouse-0529,-28979.9,-28979.9
SingleFamilyHouse,task_rand_e0,full_year,SingleFamilyHouse-0539,-21704.3,-21704.3
SingleFamilyHouse,task_rand_e0,full_year,SingleFamilyHouse-0555,-10821.4,-10821.4
SingleFamilyHouse,task_rand_e0,full_year,SingleFamilyHouse-0582,-38024.7,-38024.7
SingleFamilyHouse,task_rand_e0,full_year,SingleFamilyHouse-0587,-50363.9,-50363.9
SingleFamilyHouse,task_rand_e0,full_year,SingleFamilyHouse-0590,-10242.8,-10242.8
SingleFamilyHouse,task_rand_e0,full_year,SingleFamilyHouse-0597,-10520.4,-10520.4
SingleFamilyHouse,task_rand_e0,full_year,SingleFamilyHouse-0608,-17099.7,-17099.7
SingleFamilyHouse,task_rand_e0,full_year,SingleFamilyHouse-0615,-9609.4,-9609.4
SingleFamilyHouse,task_rand_e0,full_year,SingleFamilyHouse-0616,-26218.4,-26218.4
SingleFamilyHouse,task_rand_e0,full_year,SingleFamilyHouse-0623,-12518.6,-12518.6
SingleFamilyHouse,task_rand_e0,full_year,SingleFamilyHouse-0631,-11774.3,-11774.3
SingleFamilyHouse,task_rand_e0,full_year,SingleFamilyHouse-0639,-33955.8,-33955.8
SingleFamilyHouse,task_rand_e0,full_year,SingleFamilyHouse-0667,-8816.8,-8816.8
SingleFamilyHouse,task_rand_e0,full_year,SingleFamilyHouse-0683,-10735.0,-10735.0
SingleFamilyHouse,task_rand_e0,full_year,SingleFamilyHouse-0695,-17965.6,-17965.6
SingleFamilyHouse,task_rand_e0,full_year,SingleFamilyHouse-0714,-11828.2,-11828.2
SingleFamilyHouse,task_rand_e0,full_year,SingleFamilyHouse-0721,-13134.0,-13134.0
SingleFamilyHouse,task_rand_e0,full_year,SingleFamilyHouse-0733,-15413.0,-15413.0
SingleFamilyHouse,task_rand_e0,full_year,SingleFamilyHouse-0742,-13211.7,-13211.7
SingleFamilyHouse,task_rand_e0,full_year,SingleFamilyHouse-0751,-12314.5,-12314.5
SingleFamilyHouse,task_rand_e0,full_year,SingleFamilyHouse-0761,-10073.7,-10073.7
SingleFamilyHouse,task_rand_e0,full_year,SingleFamilyHouse-0764,-13433.6,-13433.6
SingleFamilyHouse,task_rand_e0,full_year,SingleFamilyHouse-0766,-9756.1,-9756.1
SingleFamilyHouse,task_rand_e0,full_year,SingleFamilyHouse-0771,-12362.4,-12362.4
SingleFamilyHouse,task_rand_e0,full_year,SingleFamilyHouse-0773,-10428.5,-10428.5
SingleFamilyHouse,task_rand_e0,full_year,SingleFamilyHouse-0777,-12304.2,-12304.2
SingleFamilyHouse,task_rand_e0,full_year,SingleFamilyHouse-0790,-23427.8,-23427.8
SingleFamilyHouse,task_rand_e0,full_year,SingleFamilyHouse-0791,-12755.5,-12755.5
SingleFamilyHouse,task_rand_e0,full_year,SingleFamilyHouse-0793,-10246.8,-10246.8
SingleFamilyHouse,task_rand_e0,full_year,SingleFamilyHouse-0798,-14230.9,-14230.9
SingleFamilyHouse,task_rand_e0,full_year,SingleFamilyHouse-0810,-11823.1,-11823.1
SingleFamilyHouse,task_rand_e0,full_year,SingleFamilyHouse-0843,-32649.7,-32649.7
SingleFamilyHouse,task_rand_e0,full_year,SingleFamilyHouse-0849,-10347.9,-10347.9
SingleFamilyHouse,task_rand_e0,full_year,SingleFamilyHouse-0880,-11789.9,-11789.9
SingleFamilyHouse,task_rand_e0,full_year,SingleFamilyHouse-0892,-10825.8,-10825.8
SingleFamilyHouse,task_rand_e0,full_year,SingleFamilyHouse-0896,-9556.3,-9556.3
SingleFamilyHouse,task_rand_e0,full_year,SingleFamilyHouse-0897,-18982.6,-18982.6
SingleFamilyHouse,task_rand_e0,full_year,SingleFamilyHouse-0910,-65088.7,-65088.7
SingleFamilyHouse,task_rand_e0,full_year,SingleFamilyHouse-0912,-20352.1,-20352.1
SingleFamilyHouse,task_rand_e0,full_year,SingleFamilyHouse-0923,-13263.9,-13263.9
SingleFamilyHouse,task_rand_e0,full_year,SingleFamilyHouse-0925,-13640.8,-13640.8
SingleFamilyHouse,task_rand_e0,full_year,SingleFamilyHouse-0929,-69787.1,-69787.1
SingleFamilyHouse,task_rand_e0,full_year,SingleFamilyHouse-0941,-110159.3,-110159.3
SingleFamilyHouse,task_rand_e0,full_year,SingleFamilyHouse-0966,-102758.5,-102758.5
SingleFamilyHouse,task_rand_e0,summer,SingleFamilyHouse-0002,-4155.7,-4155.7
SingleFamilyHouse,task_rand_e0,summer,SingleFamilyHouse-0017,-4599.4,-4599.4
SingleFamilyHouse,task_rand_e0,summer,SingleFamilyHouse-0019,-4023.3,-4023.3
SingleFamilyHouse,task_rand_e0,summer,SingleFamilyHouse-0025,-4357.4,-4357.4
SingleFamilyHouse,task_rand_e0,summer,SingleFamilyHouse-0034,-21960.2,-21960.2
SingleFamilyHouse,task_rand_e0,summer,SingleFamilyHouse-0035,-5602.5,-5602.5
SingleFamilyHouse,task_rand_e0,summer,SingleFamilyHouse-0039,-5075.8,-5075.8
SingleFamilyHouse,task_rand_e0,summer,SingleFamilyHouse-0050,-3724.3,-3724.3
SingleFamilyHouse,task_rand_e0,summer,SingleFamilyHouse-0054,-4147.0,-4147.0
SingleFamilyHouse,task_rand_e0,summer,SingleFamilyHouse-0057,-4672.2,-4672.2
SingleFamilyHouse,task_rand_e0,summer,SingleFamilyHouse-0077,-3545.4,-3545.4
SingleFamilyHouse,task_rand_e0,summer,SingleFamilyHouse-0086,-3637.8,-3637.8
SingleFamilyHouse,task_rand_e0,summer,SingleFamilyHouse-0114,-4955.2,-4955.2
SingleFamilyHouse,task_rand_e0,summer,SingleFamilyHouse-0151,-3849.7,-3849.7
SingleFamilyHouse,task_rand_e0,summer,SingleFamilyHouse-0175,-3108.5,-3108.5
SingleFamilyHouse,task_rand_e0,summer,SingleFamilyHouse-0178,-11363.0,-11363.0
SingleFamilyHouse,task_rand_e0,summer,SingleFamilyHouse-0185,-6864.2,-6864.2
SingleFamilyHouse,task_rand_e0,summer,SingleFamilyHouse-0186,-4685.1,-4685.1
SingleFamilyHouse,task_rand_e0,summer,SingleFamilyHouse-0190,-8604.3,-8604.3
SingleFamilyHouse,task_rand_e0,summer,SingleFamilyHouse-0201,-4496.6,-4496.6
SingleFamilyHouse,task_rand_e0,summer,SingleFamilyHouse-0203,-5367.9,-5367.9
SingleFamilyHouse,task_rand_e0,summer,SingleFamilyHouse-0211,-3699.6,-3699.6
SingleFamilyHouse,task_rand_e0,summer,SingleFamilyHouse-0222,-3732.6,-3732.6
SingleFamilyHouse,task_rand_e0,summer,SingleFamilyHouse-0248,-3319.3,-3319.3
SingleFamilyHouse,task_rand_e0,summer,SingleFamilyHouse-0265,-4145.7,-4145.7
SingleFamilyHouse,task_rand_e0,summer,SingleFamilyHouse-0291,-5905.9,-5905.9
SingleFamilyHouse,task_rand_e0,summer,SingleFamilyHouse-0294,-4066.8,-4066.8
SingleFamilyHouse,task_rand_e0,summer,SingleFamilyHouse-0299,-31858.6,-31858.6
SingleFamilyHouse,task_rand_e0,summer,SingleFamilyHouse-0300,-10138.2,-10138.2
SingleFamilyHouse,task_rand_e0,summer,SingleFamilyHouse-0335,-12553.3,-12553.3
SingleFamilyHouse,task_rand_e0,summer,SingleFamilyHouse-0337,-3811.4,-3811.4
SingleFamilyHouse,task_rand_e0,summer,SingleFamilyHouse-0351,-4535.1,-4535.1
SingleFamilyHouse,task_rand_e0,summer,SingleFamilyHouse-0355,-3507.9,-3507.9
SingleFamilyHouse,task_rand_e0,summer,SingleFamilyHouse-0365,-3745.8,-3745.8
SingleFamilyHouse,task_rand_e0,summer,SingleFamilyHouse-0366,-5423.8,-5423.8
SingleFamilyHouse,task_rand_e0,summer,SingleFamilyHouse-0370,-3478.5,-3478.5
SingleFamilyHouse,task_rand_e0,summer,SingleFamilyHouse-0387,-3871.0,-3871.0
SingleFamilyHouse,task_rand_e0,summer,SingleFamilyHouse-0399,-4026.4,-4026.4
SingleFamilyHouse,task_rand_e0,summer,SingleFamilyHouse-0415,-3215.2,-3215.2
SingleFamilyHouse,task_rand_e0,summer,SingleFamilyHouse-0419,-5046.2,-5046.2
SingleFamilyHouse,task_rand_e0,summer,SingleFamilyHouse-0425,-3476.7,-3476.7
SingleFamilyHouse,task_rand_e0,summer,SingleFamilyHouse-0427,-12038.1,-12038.1
SingleFamilyHouse,task_rand_e0,summer,SingleFamilyHouse-0429,-3622.7,-3622.7
SingleFamilyHouse,task_rand_e0,summer,SingleFamilyHouse-0451,-4722.1,-4722.1
SingleFamilyHouse,task_rand_e0,summer,SingleFamilyHouse-0467,-4117.5,-4117.5
SingleFamilyHouse,task_rand_e0,summer,SingleFamilyHouse-0468,-4665.6,-4665.6
SingleFamilyHouse,task_rand_e0,summer,SingleFamilyHouse-0477,-4476.9,-4476.9
SingleFamilyHouse,task_rand_e0,summer,SingleFamilyHouse-0484,-3868.4,-3868.4
SingleFamilyHouse,task_rand_e0,summer,SingleFamilyHouse-0494,-22087.6,-22087.6
SingleFamilyHouse,task_rand_e0,summer,SingleFamilyHouse-0497,-3626.4,-3626.4
SingleFamilyHouse,task_rand_e0,summer,SingleFamilyHouse-0502,-4460.5,-4460.5
SingleFamilyHouse,task_rand_e0,summer,SingleFamilyHouse-0507,-5434.2,-5434.2
SingleFamilyHouse,task_rand_e0,summer,SingleFamilyHouse-0508,-8253.5,-8253.5
SingleFamilyHouse,task_rand_e0,summer,SingleFamilyHouse-0509,-4444.5,-4444.5
SingleFamilyHouse,task_rand_e0,summer,SingleFamilyHouse-0524,-3221.6,-3221.6
SingleFamilyHouse,task_rand_e0,summer,SingleFamilyHouse-0529,-4494.0,-4494.0
SingleFamilyHouse,task_rand_e0,summer,SingleFamilyHouse-0539,-3616.6,-3616.6
SingleFamilyHouse,task_rand_e0,summer,SingleFamilyHouse-0555,-4098.4,-4098.4
SingleFamilyHouse,task_rand_e0,summer,SingleFamilyHouse-0582,-4647.7,-4647.7
SingleFamilyHouse,task_rand_e0,summer,SingleFamilyHouse-0587,-4504.4,-4504.4
SingleFamilyHouse,task_rand_e0,summer,SingleFamilyHouse-0590,-3811.4,-3811.4
SingleFamilyHouse,task_rand_e0,summer,SingleFamilyHouse-0597,-3550.4,-3550.4
SingleFamilyHouse,task_rand_e0,summer,SingleFamilyHouse-0608,-3626.5,-3626.5
SingleFamilyHouse,task_rand_e0,summer,SingleFamilyHouse-0615,-3887.3,-3887.3
SingleFamilyHouse,task_rand_e0,summer,SingleFamilyHouse-0616,-5058.6,-5058.6
SingleFamilyHouse,task_rand_e0,summer,SingleFamilyHouse-0623,-4578.7,-4578.7
SingleFamilyHouse,task_rand_e0,summer,SingleFamilyHouse-0631,-6478.1,-6478.1
SingleFamilyHouse,task_rand_e0,summer,SingleFamilyHouse-0639,-13557.7,-13557.7
SingleFamilyHouse,task_rand_e0,summer,SingleFamilyHouse-0667,-4353.3,-4353.3
SingleFamilyHouse,task_rand_e0,summer,SingleFamilyHouse-0683,-3737.8,-3737.8
SingleFamilyHouse,task_rand_e0,summer,SingleFamilyHouse-0695,-4731.9,-4731.9
SingleFamilyHouse,task_rand_e0,summer,SingleFamilyHouse-0714,-3648.2,-3648.2
SingleFamilyHouse,task_rand_e0,summer,SingleFamilyHouse-0721,-4198.0,-4198.0
SingleFamilyHouse,task_rand_e0,summer,SingleFamilyHouse-0733,-3800.2,-3800.2
SingleFamilyHouse,task_rand_e0,summer,SingleFamilyHouse-0742,-3650.8,-3650.8
SingleFamilyHouse,task_rand_e0,summer,SingleFamilyHouse-0751,-3178.0,-3178.0
SingleFamilyHouse,task_rand_e0,summer,SingleFamilyHouse-0761,-3400.3,-3400.3
SingleFamilyHouse,task_rand_e0,summer,SingleFamilyHouse-0764,-3960.7,-3960.7
SingleFamilyHouse,task_rand_e0,summer,SingleFamilyHouse-0766,-4632.7,-4632.7
SingleFamilyHouse,task_rand_e0,summer,SingleFamilyHouse-0771,-4768.0,-4768.0
SingleFamilyHouse,task_rand_e0,summer,SingleFamilyHouse-0773,-3331.6,-3331.6
SingleFamilyHouse,task_rand_e0,summer,SingleFamilyHouse-0777,-4303.7,-4303.7
SingleFamilyHouse,task_rand_e0,summer,SingleFamilyHouse-0790,-6603.8,-6603.8
SingleFamilyHouse,task_rand_e0,summer,SingleFamilyHouse-0791,-4156.4,-4156.4
SingleFamilyHouse,task_rand_e0,summer,SingleFamilyHouse-0793,-3831.4,-3831.4
SingleFamilyHouse,task_rand_e0,summer,SingleFamilyHouse-0798,-3423.4,-3423.4
SingleFamilyHouse,task_rand_e0,summer,SingleFamilyHouse-0810,-4107.5,-4107.5
SingleFamilyHouse,task_rand_e0,summer,SingleFamilyHouse-0843,-4866.9,-4866.9
SingleFamilyHouse,task_rand_e0,summer,SingleFamilyHouse-0849,-3432.5,-3432.5
SingleFamilyHouse,task_rand_e0,summer,SingleFamilyHouse-0880,-5153.1,-5153.1
SingleFamilyHouse,task_rand_e0,summer,SingleFamilyHouse-0892,-3425.4,-3425.4
SingleFamilyHouse,task_rand_e0,summer,SingleFamilyHouse-0896,-3950.5,-3950.5
SingleFamilyHouse,task_rand_e0,summer,SingleFamilyHouse-0897,-4330.2,-4330.2
SingleFamilyHouse,task_rand_e0,summer,SingleFamilyHouse-0910,-4814.7,-4814.7
SingleFamilyHouse,task_rand_e0,summer,SingleFamilyHouse-0912,-4500.6,-4500.6
SingleFamilyHouse,task_rand_e0,summer,SingleFamilyHouse-0923,-4240.1,-4240.1
SingleFamilyHouse,task_rand_e0,summer,SingleFamilyHouse-0925,-3494.7,-3494.7
SingleFamilyHouse,task_rand_e0,summer,SingleFamilyHouse-0929,-5077.7,-5077.7
SingleFamilyHouse,task_rand_e0,summer,SingleFamilyHouse-0941,-55069.5,-55069.5
SingleFamilyHouse,task_rand_e0,summer,SingleFamilyHouse-0966,-38627.6,-38627.6
SingleFamilyHouse,task_rand_e0,winter,SingleFamilyHouse-0002,-4430.6,-4430.6
SingleFamilyHouse,task_rand_e0,winter,SingleFamilyHouse-0017,-7540.5,-7540.5
SingleFamilyHouse,task_rand_e0,winter,SingleFamilyHouse-0019,-4168.2,-4168.2
SingleFamilyHouse,task_rand_e0,winter,SingleFamilyHouse-0025,-19629.7,-19629.7
SingleFamilyHouse,task_rand_e0,winter,SingleFamilyHouse-0034,-5678.6,-5678.6
SingleFamilyHouse,task_rand_e0,winter,SingleFamilyHouse-0035,-6681.2,-6681.2
SingleFamilyHouse,task_rand_e0,winter,SingleFamilyHouse-0039,-9974.2,-9974.2
SingleFamilyHouse,task_rand_e0,winter,SingleFamilyHouse-0050,-16769.5,-16769.5
SingleFamilyHouse,task_rand_e0,winter,SingleFamilyHouse-0054,-4650.8,-4650.8
SingleFamilyHouse,task_rand_e0,winter,SingleFamilyHouse-0057,-5402.5,-5402.5
SingleFamilyHouse,task_rand_e0,winter,SingleFamilyHouse-0077,-5371.1,-5371.1
SingleFamilyHouse,task_rand_e0,winter,SingleFamilyHouse-0086,-15092.7,-15092.7
SingleFamilyHouse,task_rand_e0,winter,SingleFamilyHouse-0114,-6489.2,-6489.2
SingleFamilyHouse,task_rand_e0,winter,SingleFamilyHouse-0151,-4333.3,-4333.3
SingleFamilyHouse,task_rand_e0,winter,SingleFamilyHouse-0175,-4294.5,-4294.5
SingleFamilyHouse,task_rand_e0,winter,SingleFamilyHouse-0178,-5297.7,-5297.7
SingleFamilyHouse,task_rand_e0,winter,SingleFamilyHouse-0185,-5687.6,-5687.6
SingleFamilyHouse,task_rand_e0,winter,SingleFamilyHouse-0186,-5505.9,-5505.9
SingleFamilyHouse,task_rand_e0,winter,SingleFamilyHouse-0190,-4827.5,-4827.5
SingleFamilyHouse,task_rand_e0,winter,SingleFamilyHouse-0201,-2852.9,-2852.9
SingleFamilyHouse,task_rand_e0,winter,SingleFamilyHouse-0203,-5354.8,-5354.8
SingleFamilyHouse,task_rand_e0,winter,SingleFamilyHouse-0211,-20557.3,-20557.3
SingleFamilyHouse,task_rand_e0,winter,SingleFamilyHouse-0222,-10700.0,-10700.0
SingleFamilyHouse,task_rand_e0,winter,SingleFamilyHouse-0248,-4677.9,-4677.9
SingleFamilyHouse,task_rand_e0,winter,SingleFamilyHouse-0265,-6149.7,-6149.7
SingleFamilyHouse,task_rand_e0,winter,SingleFamilyHouse-0291,-12725.3,-12725.3
SingleFamilyHouse,task_rand_e0,winter,SingleFamilyHouse-0294,-7628.2,-7628.2
SingleFamilyHouse,task_rand_e0,winter,SingleFamilyHouse-0299,-3713.6,-3713.6
SingleFamilyHouse,task_rand_e0,winter,SingleFamilyHouse-0300,-9200.3,-9200.3
SingleFamilyHouse,task_rand_e0,winter,SingleFamilyHouse-0335,-14821.6,-14821.6
SingleFamilyHouse,task_rand_e0,winter,SingleFamilyHouse-0337,-4900.3,-4900.3
SingleFamilyHouse,task_rand_e0,winter,SingleFamilyHouse-0351,-4605.5,-4605.5
SingleFamilyHouse,task_rand_e0,winter,SingleFamilyHouse-0355,-5274.6,-5274.6
SingleFamilyHouse,task_rand_e0,winter,SingleFamilyHouse-0365,-4594.6,-4594.6
SingleFamilyHouse,task_rand_e0,winter,SingleFamilyHouse-0366,-9387.4,-9387.4
SingleFamilyHouse,task_rand_e0,winter,SingleFamilyHouse-0370,-5934.7,-5934.7
SingleFamilyHouse,task_rand_e0,winter,SingleFamilyHouse-0387,-3958.6,-3958.6
SingleFamilyHouse,task_rand_e0,winter,SingleFamilyHouse-0399,-15694.2,-15694.2
SingleFamilyHouse,task_rand_e0,winter,SingleFamilyHouse-0415,-5398.3,-5398.3
SingleFamilyHouse,task_rand_e0,winter,SingleFamilyHouse-0419,-12317.0,-12317.0
SingleFamilyHouse,task_rand_e0,winter,SingleFamilyHouse-0425,-5679.9,-5679.9
SingleFamilyHouse,task_rand_e0,winter,SingleFamilyHouse-0427,-7366.1,-7366.1
SingleFamilyHouse,task_rand_e0,winter,SingleFamilyHouse-0429,-4109.3,-4109.3
SingleFamilyHouse,task_rand_e0,winter,SingleFamilyHouse-0451,-9223.8,-9223.8
SingleFamilyHouse,task_rand_e0,winter,SingleFamilyHouse-0467,-5670.7,-5670.7
SingleFamilyHouse,task_rand_e0,winter,SingleFamilyHouse-0468,-87638.4,-87638.4
SingleFamilyHouse,task_rand_e0,winter,SingleFamilyHouse-0477,-6815.8,-6815.8
SingleFamilyHouse,task_rand_e0,winter,SingleFamilyHouse-0484,-4335.2,-4335.2
SingleFamilyHouse,task_rand_e0,winter,SingleFamilyHouse-0494,-4441.2,-4441.2
SingleFamilyHouse,task_rand_e0,winter,SingleFamilyHouse-0497,-5018.8,-5018.8
SingleFamilyHouse,task_rand_e0,winter,SingleFamilyHouse-0502,-4442.5,-4442.5
SingleFamilyHouse,task_rand_e0,winter,SingleFamilyHouse-0507,-5317.6,-5317.6
SingleFamilyHouse,task_rand_e0,winter,SingleFamilyHouse-0508,-5096.4,-5096.4
SingleFamilyHouse,task_rand_e0,winter,SingleFamilyHouse-0509,-4465.8,-4465.8
SingleFamilyHouse,task_rand_e0,winter,SingleFamilyHouse-0524,-4505.0,-4505.0
SingleFamilyHouse,task_rand_e0,winter,SingleFamilyHouse-0529,-26665.4,-26665.4
SingleFamilyHouse,task_rand_e0,winter,SingleFamilyHouse-0539,-18892.2,-18892.2
SingleFamilyHouse,task_rand_e0,winter,SingleFamilyHouse-0555,-5260.2,-5260.2
SingleFamilyHouse,task_rand_e0,winter,SingleFamilyHouse-0582,-39763.1,-39763.1
SingleFamilyHouse,task_rand_e0,winter,SingleFamilyHouse-0587,-4994.6,-4994.6
SingleFamilyHouse,task_rand_e0,winter,SingleFamilyHouse-0590,-4785.3,-4785.3
SingleFamilyHouse,task_rand_e0,winter,SingleFamilyHouse-0597,-4056.7,-4056.7
SingleFamilyHouse,task_rand_e0,winter,SingleFamilyHouse-0608,-13467.7,-13467.7
SingleFamilyHouse,task_rand_e0,winter,SingleFamilyHouse-0615,-4442.7,-4442.7
SingleFamilyHouse,task_rand_e0,winter,SingleFamilyHouse-0616,-24898.1,-24898.1
SingleFamilyHouse,task_rand_e0,winter,SingleFamilyHouse-0623,-7250.9,-7250.9
SingleFamilyHouse,task_rand_e0,winter,SingleFamilyHouse-0631,-4383.7,-4383.7
SingleFamilyHouse,task_rand_e0,winter,SingleFamilyHouse-0639,-19006.4,-19006.4
SingleFamilyHouse,task_rand_e0,winter,SingleFamilyHouse-0667,-3895.2,-3895.2
SingleFamilyHouse,task_rand_e0,winter,SingleFamilyHouse-0683,-5817.4,-5817.4
SingleFamilyHouse,task_rand_e0,winter,SingleFamilyHouse-0695,-14498.9,-14498.9
SingleFamilyHouse,task_rand_e0,winter,SingleFamilyHouse-0714,-6961.4,-6961.4
SingleFamilyHouse,task_rand_e0,winter,SingleFamilyHouse-0721,-8736.9,-8736.9
SingleFamilyHouse,task_rand_e0,winter,SingleFamilyHouse-0733,-10928.4,-10928.4
SingleFamilyHouse,task_rand_e0,winter,SingleFamilyHouse-0742,-8159.6,-8159.6
SingleFamilyHouse,task_rand_e0,winter,SingleFamilyHouse-0751,-7707.5,-7707.5
SingleFamilyHouse,task_rand_e0,winter,SingleFamilyHouse-0761,-5068.7,-5068.7
SingleFamilyHouse,task_rand_e0,winter,SingleFamilyHouse-0764,-8742.8,-8742.8
SingleFamilyHouse,task_rand_e0,winter,SingleFamilyHouse-0766,-3709.2,-3709.2
SingleFamilyHouse,task_rand_e0,winter,SingleFamilyHouse-0771,-7540.4,-7540.4
SingleFamilyHouse,task_rand_e0,winter,SingleFamilyHouse-0773,-5301.1,-5301.1
SingleFamilyHouse,task_rand_e0,winter,SingleFamilyHouse-0777,-7419.2,-7419.2
SingleFamilyHouse,task_rand_e0,winter,SingleFamilyHouse-0790,-13682.9,-13682.9
SingleFamilyHouse,task_rand_e0,winter,SingleFamilyHouse-0791,-7811.3,-7811.3
SingleFamilyHouse,task_rand_e0,winter,SingleFamilyHouse-0793,-4836.9,-4836.9
SingleFamilyHouse,task_rand_e0,winter,SingleFamilyHouse-0798,-9642.7,-9642.7
SingleFamilyHouse,task_rand_e0,winter,SingleFamilyHouse-0810,-7161.3,-7161.3
SingleFamilyHouse,task_rand_e0,winter,SingleFamilyHouse-0843,-5256.1,-5256.1
SingleFamilyHouse,task_rand_e0,winter,SingleFamilyHouse-0849,-4568.2,-4568.2
SingleFamilyHouse,task_rand_e0,winter,SingleFamilyHouse-0880,-6686.5,-6686.5
SingleFamilyHouse,task_rand_e0,winter,SingleFamilyHouse-0892,-5792.8,-5792.8
SingleFamilyHouse,task_rand_e0,winter,SingleFamilyHouse-0896,-4701.2,-4701.2
SingleFamilyHouse,task_rand_e0,winter,SingleFamilyHouse-0897,-16031.3,-16031.3
SingleFamilyHouse,task_rand_e0,winter,SingleFamilyHouse-0910,-5049.1,-5049.1
SingleFamilyHouse,task_rand_e0,winter,SingleFamilyHouse-0912,-16672.9,-16672.9
SingleFamilyHouse,task_rand_e0,winter,SingleFamilyHouse-0923,-8521.5,-8521.5
SingleFamilyHouse,task_rand_e0,winter,SingleFamilyHouse-0925,-9094.4,-9094.4
SingleFamilyHouse,task_rand_e0,winter,SingleFamilyHouse-0929,-5359.1,-5359.1
SingleFamilyHouse,task_rand_e0,winter,SingleFamilyHouse-0941,-4560.4,-4560.4
SingleFamilyHouse,task_rand_e0,winter,SingleFamilyHouse-0966,-5432.8,-5432.8
SingleFamilyHouse,task_rand_e05,full_year,SingleFamilyHouse-0002,-278192.3,-278192.3
SingleFamilyHouse,task_rand_e05,full_year,SingleFamilyHouse-0017,-306602.1,-306602.1
SingleFamilyHouse,task_rand_e05,full_year,SingleFamilyHouse-0019,-266613.1,-266613.1
SingleFamilyHouse,task_rand_e05,full_year,SingleFamilyHouse-0025,-541858.0,-541858.0
SingleFamilyHouse,task_rand_e05,full_year,SingleFamilyHouse-0034,-2242398.3,-2242398.3
SingleFamilyHouse,task_rand_e05,full_year,SingleFamilyHouse-0035,-311314.8,-311314.8
SingleFamilyHouse,task_rand_e05,full_year,SingleFamilyHouse-0039,-383981.2,-383981.2
SingleFamilyHouse,task_rand_e05,full_year,SingleFamilyHouse-0050,-583422.4,-583422.4
SingleFamilyHouse,task_rand_e05,full_year,SingleFamilyHouse-0054,-312185.9,-312185.9
SingleFamilyHouse,task_rand_e05,full_year,SingleFamilyHouse-0057,-308298.0,-308298.0
SingleFamilyHouse,task_rand_e05,full_year,SingleFamilyHouse-0077,-354281.3,-354281.3
SingleFamilyHouse,task_rand_e05,full_year,SingleFamilyHouse-0086,-516905.9,-516905.9
SingleFamilyHouse,task_rand_e05,full_year,SingleFamilyHouse-0114,-357544.9,-357544.9
SingleFamilyHouse,task_rand_e05,full_year,SingleFamilyHouse-0151,-330325.2,-330325.2
SingleFamilyHouse,task_rand_e05,full_year,SingleFamilyHouse-0175,-283101.5,-283101.5
SingleFamilyHouse,task_rand_e05,full_year,SingleFamilyHouse-0178,-2828322.9,-2828322.9
SingleFamilyHouse,task_rand_e05,full_year,SingleFamilyHouse-0185,-866270.4,-866270.4
SingleFamilyHouse,task_rand_e05,full_year,SingleFamilyHouse-0186,-287964.9,-287964.9
SingleFamilyHouse,task_rand_e05,full_year,SingleFamilyHouse-0190,-2164252.2,-2164252.2
SingleFamilyHouse,task_rand_e05,full_year,SingleFamilyHouse-0201,-217812.2,-217812.2
SingleFamilyHouse,task_rand_e05,full_year,SingleFamilyHouse-0203,-283833.1,-283833.1
SingleFamilyHouse,task_rand_e05,full_year,SingleFamilyHouse-0211,-569952.7,-569952.7
SingleFamilyHouse,task_rand_e05,full_year,SingleFamilyHouse-0222,-454780.5,-454780.5
SingleFamilyHouse,task_rand_e05,full_year,SingleFamilyHouse-0248,-309691.7,-309691.7
SingleFamilyHouse,task_rand_e05,full_year,SingleFamilyHouse-0265,-868593.6,-868593.6
SingleFamilyHouse,task_rand_e05,full_year,SingleFamilyHouse-0291,-448360.7,-448360.7
SingleFamilyHouse,task_rand_e05,full_year,SingleFamilyHouse-0294,-331300.8,-331300.8
SingleFamilyHouse,task_rand_e05,full_year,SingleFamilyHouse-0299,-2397563.7,-2397563.7
SingleFamilyHouse,task_rand_e05,full_year,SingleFamilyHouse-0300,-463290.2,-463290.2
SingleFamilyHouse,task_rand_e05,full_year,SingleFamilyHouse-0335,-684114.4,-684114.4
SingleFamilyHouse,task_rand_e05,full_year,SingleFamilyHouse-0337,-291780.1,-291780.1
SingleFamilyHouse,task_rand_e05,full_year,SingleFamilyHouse-0351,-281142.5,-281142.5
SingleFamilyHouse,task_rand_e05,full_year,SingleFamilyHouse-0355,-305504.8,-305504.8
SingleFamilyHouse,task_rand_e05,full_year,SingleFamilyHouse-0365,-327586.4,-327586.4
SingleFamilyHouse,task_rand_e05,full_year,SingleFamilyHouse-0366,-370376.1,-370376.1
SingleFamilyHouse,task_rand_e05,full_year,SingleFamilyHouse-0370,-263518.2,-263518.2
SingleFamilyHouse,task_rand_e05,full_year,SingleFamilyHouse-0387,-237343.4,-237343.4
SingleFamilyHouse,task_rand_e05,full_year,SingleFamilyHouse-0399,-476181.1,-476181.1
SingleFamilyHouse,task_rand_e05,full_year,SingleFamilyHouse-0415,-307676.4,-307676.4
SingleFamilyHouse,task_rand_e05,full_year,SingleFamilyHouse-0419,-426832.9,-426832.9
SingleFamilyHouse,task_rand_e05,full_year,SingleFamilyHouse-0425,-265350.9,-265350.9
SingleFamilyHouse,task_rand_e05,full_year,SingleFamilyHouse-0427,-506310.4,-506310.4
SingleFamilyHouse,task_rand_e05,full_year,SingleFamilyHouse-0429,-272075.5,-272075.5
SingleFamilyHouse,task_rand_e05,full_year,SingleFamilyHouse-0451,-343005.9,-343005.9
SingleFamilyHouse,task_rand_e05,full_year,SingleFamilyHouse-0467,-305852.1,-305852.1
SingleFamilyHouse,task_rand_e05,full_year,SingleFamilyHouse-0468,-1961548.1,-1961548.1
SingleFamilyHouse,task_rand_e05,full_year,SingleFamilyHouse-0477,-307234.9,-307234.9
SingleFamilyHouse,task_rand_e05,full_year,SingleFamilyHouse-0484,-269652.0,-269652.0
SingleFamilyHouse,task_rand_e05,full_year,SingleFamilyHouse-0494,-2240862.7,-2240862.7
SingleFamilyHouse,task_rand_e05,full_year,SingleFamilyHouse-0497,-385093.9,-385093.9
SingleFamilyHouse,task_rand_e05,full_year,SingleFamilyHouse-0502,-282352.0,-282352.0
SingleFamilyHouse,task_rand_e05,full_year,SingleFamilyHouse-0507,-280008.3,-280008.3
SingleFamilyHouse,task_rand_e05,full_year,SingleFamilyHouse-0508,-378883.7,-378883.7
SingleFamilyHouse,task_rand_e05,full_year,SingleFamilyHouse-0509,-1317311.0,-1317311.0
SingleFamilyHouse,task_rand_e05,full_year,SingleFamilyHouse-0524,-275706.0,-275706.0
SingleFamilyHouse,task_rand_e05,full_year,SingleFamilyHouse-0529,-780072.1,-780072.1
SingleFamilyHouse,task_rand_e05,full_year,SingleFamilyHouse-0539,-535314.3,-535314.3
SingleFamilyHouse,task_rand_e05,full_year,SingleFamilyHouse-0555,-313706.3,-313706.3
SingleFamilyHouse,task_rand_e05,full_year,SingleFamilyHouse-0582,-1001897.9,-1001897.9
SingleFamilyHouse,task_rand_e05,full_year,SingleFamilyHouse-0587,-1250193.1,-1250193.1
SingleFamilyHouse,task_rand_e05,full_year,SingleFamilyHouse-0590,-257346.8,-257346.8
SingleFamilyHouse,task_rand_e05,full_year,SingleFamilyHouse-0597,-338838.3,-338838.3
SingleFamilyHouse,task_rand_e05,full_year,SingleFamilyHouse-0608,-440167.2,-440167.2
SingleFamilyHouse,task_rand_e05,full_year,SingleFamilyHouse-0615,-298671.5,-298671.5
SingleFamilyHouse,task_rand_e05,full_year,SingleFamilyHouse-0616,-717983.3,-717983.3
SingleFamilyHouse,task_rand_e05,full_year,SingleFamilyHouse-0623,-355237.6,-355237.6
SingleFamilyHouse,task_rand_e05,full_year,SingleFamilyHouse-0631,-351316.5,-351316.5
SingleFamilyHouse,task_rand_e05,full_year,SingleFamilyHouse-0639,-865910.9,-865910.9
SingleFamilyHouse,task_rand_e05,full_year,SingleFamilyHouse-0667,-282551.6,-282551.6
SingleFamilyHouse,task_rand_e05,full_year,SingleFamilyHouse-0683,-265574.8,-265574.8
SingleFamilyHouse,task_rand_e05,full_year,SingleFamilyHouse-0695,-472096.5,-472096.5
SingleFamilyHouse,task_rand_e05,full_year,SingleFamilyHouse-0714,-358491.4,-358491.4
SingleFamilyHouse,task_rand_e05,full_year,SingleFamilyHouse-0721,-367333.6,-367333.6
SingleFamilyHouse,task_rand_e05,full_year,SingleFamilyHouse-0733,-474189.6,-474189.6
SingleFamilyHouse,task_rand_e05,full_year,SingleFamilyHouse-0742,-355600.3,-355600.3
SingleFamilyHouse,task_rand_e05,full_year,SingleFamilyHouse-0751,-346342.8,-346342.8
SingleFamilyHouse,task_rand_e05,full_year,SingleFamilyHouse-0761,-293744.2,-293744.2
SingleFamilyHouse,task_rand_e05,full_year,SingleFamilyHouse-0764,-349328.6,-349328.6
SingleFamilyHouse,task_rand_e05,full_year,SingleFamilyHouse-0766,-247435.3,-247435.3
SingleFamilyHouse,task_rand_e05,full_year,SingleFamilyHouse-0771,-335893.2,-335893.2
SingleFamilyHouse,task_rand_e05,full_year,SingleFamilyHouse-0773,-320764.1,-320764.1
SingleFamilyHouse,task_rand_e05,full_year,SingleFamilyHouse-0777,-348980.5,-348980.5
SingleFamilyHouse,task_rand_e05,full_year,SingleFamilyHouse-0790,-620974.2,-620974.2
SingleFamilyHouse,task_rand_e05,full_year,SingleFamilyHouse-0791,-344885.9,-344885.9
SingleFamilyHouse,task_rand_e05,full_year,SingleFamilyHouse-0793,-359672.3,-359672.3
SingleFamilyHouse,task_rand_e05,full_year,SingleFamilyHouse-0798,-372756.4,-372756.4
SingleFamilyHouse,task_rand_e05,full_year,SingleFamilyHouse-0810,-353234.5,-353234.5
SingleFamilyHouse,task_rand_e05,full_year,SingleFamilyHouse-0843,-805990.5,-805990.5
SingleFamilyHouse,task_rand_e05,full_year,SingleFamilyHouse-0849,-280173.6,-280173.6
SingleFamilyHouse,task_rand_e05,full_year,SingleFamilyHouse-0880,-314047.6,-314047.6
SingleFamilyHouse,task_rand_e05,full_year,SingleFamilyHouse-0892,-330689.7,-330689.7
SingleFamilyHouse,task_rand_e05,full_year,SingleFamilyHouse-0896,-278369.2,-278369.2
SingleFamilyHouse,task_rand_e05,full_year,SingleFamilyHouse-0897,-468619.5,-468619.5
SingleFamilyHouse,task_rand_e05,full_year,SingleFamilyHouse-0910,-1598708.7,-1598708.7
SingleFamilyHouse,task_rand_e05,full_year,SingleFamilyHouse-0912,-553139.9,-553139.9
SingleFamilyHouse,task_rand_e05,full_year,SingleFamilyHouse-0923,-359957.0,-359957.0
SingleFamilyHouse,task_rand_e05,full_year,SingleFamilyHouse-0925,-414238.2,-414238.2
SingleFamilyHouse,task_rand_e05,full_year,SingleFamilyHouse-0929,-1706379.4,-1706379.4
SingleFamilyHouse,task_rand_e05,full_year,SingleFamilyHouse-0941,-2636076.5,-2636076.5
SingleFamilyHouse,task_rand_e05,full_year,SingleFamilyHouse-0966,-2500800.6,-2500800.6
SingleFamilyHouse,task_rand_e05,summer,SingleFamilyHouse-0002,-63567.1,-63567.1
SingleFamilyHouse,task_rand_e05,summer,SingleFamilyHouse-0017,-59480.6,-59480.6
SingleFamilyHouse,task_rand_e05,summer,SingleFamilyHouse-0019,-61992.3,-61992.3
SingleFamilyHouse,task_rand_e05,summer,SingleFamilyHouse-0025,-55727.4,-55727.4
SingleFamilyHouse,task_rand_e05,summer,SingleFamilyHouse-0034,-273030.8,-273030.8
SingleFamilyHouse,task_rand_e05,summer,SingleFamilyHouse-0035,-80213.4,-80213.4
SingleFamilyHouse,task_rand_e05,summer,SingleFamilyHouse-0039,-72185.5,-72185.5
SingleFamilyHouse,task_rand_e05,summer,SingleFamilyHouse-0050,-60064.5,-60064.5
SingleFamilyHouse,task_rand_e05,summer,SingleFamilyHouse-0054,-66357.6,-66357.6
SingleFamilyHouse,task_rand_e05,summer,SingleFamilyHouse-0057,-70298.4,-70298.4
SingleFamilyHouse,task_rand_e05,summer,SingleFamilyHouse-0077,-58803.3,-58803.3
SingleFamilyHouse,task_rand_e05,summer,SingleFamilyHouse-0086,-55518.8,-55518.8
SingleFamilyHouse,task_rand_e05,summer,SingleFamilyHouse-0114,-72939.3,-72939.3
SingleFamilyHouse,task_rand_e05,summer,SingleFamilyHouse-0151,-63214.6,-63214.6
SingleFamilyHouse,task_rand_e05,summer,SingleFamilyHouse-0175,-51009.9,-51009.9
SingleFamilyHouse,task_rand_e05,summer,SingleFamilyHouse-0178,-142946.7,-142946.7
SingleFamilyHouse,task_rand_e05,summer,SingleFamilyHouse-0185,-89129.6,-89129.6
SingleFamilyHouse,task_rand_e05,summer,SingleFamilyHouse-0186,-68903.3,-68903.3
SingleFamilyHouse,task_rand_e05,summer,SingleFamilyHouse-0190,-108845.5,-108845.5
SingleFamilyHouse,task_rand_e05,summer,SingleFamilyHouse-0201,-61000.9,-61000.9
SingleFamilyHouse,task_rand_e05,summer,SingleFamilyHouse-0203,-76443.6,-76443.6
SingleFamilyHouse,task_rand_e05,summer,SingleFamilyHouse-0211,-48833.6,-48833.6
SingleFamilyHouse,task_rand_e05,summer,SingleFamilyHouse-0222,-59450.9,-59450.9
SingleFamilyHouse,task_rand_e05,summer,SingleFamilyHouse-0248,-55376.9,-55376.9
SingleFamilyHouse,task_rand_e05,summer,SingleFamilyHouse-0265,-56508.0,-56508.0
SingleFamilyHouse,task_rand_e05,summer,SingleFamilyHouse-0291,-86040.4,-86040.4
SingleFamilyHouse,task_rand_e05,summer,SingleFamilyHouse-0294,-58768.4,-58768.4
SingleFamilyHouse,task_rand_e05,summer,SingleFamilyHouse-0299,-396069.8,-396069.8
SingleFamilyHouse,task_rand_e05,summer,SingleFamilyHouse-0300,-130937.2,-130937.2
SingleFamilyHouse,task_rand_e05,summer,SingleFamilyHouse-0335,-156733.2,-156733.2
SingleFamilyHouse,task_rand_e05,summer,SingleFamilyHouse-0337,-57923.3,-57923.3
SingleFamilyHouse,task_rand_e05,summer,SingleFamilyHouse-0351,-67348.9,-67348.9
SingleFamilyHouse,task_rand_e05,summer,SingleFamilyHouse-0355,-54111.3,-54111.3
SingleFamilyHouse,task_rand_e05,summer,SingleFamilyHouse-0365,-58137.5,-58137.5
SingleFamilyHouse,task_rand_e05,summer,SingleFamilyHouse-0366,-77955.3,-77955.3
SingleFamilyHouse,task_rand_e05,summer,SingleFamilyHouse-0370,-46616.1,-46616.1
SingleFamilyHouse,task_rand_e05,summer,SingleFamilyHouse-0387,-50867.0,-50867.0
SingleFamilyHouse,task_rand_e05,summer,SingleFamilyHouse-0399,-52927.5,-52927.5
SingleFamilyHouse,task_rand_e05,summer,SingleFamilyHouse-0415,-49272.9,-49272.9
SingleFamilyHouse,task_rand_e05,summer,SingleFamilyHouse-0419,-73353.4,-73353.4
SingleFamilyHouse,task_rand_e05,summer,SingleFamilyHouse-0425,-45583.0,-45583.0
SingleFamilyHouse,task_rand_e05,summer,SingleFamilyHouse-0427,-156275.8,-156275.8
SingleFamilyHouse,task_rand_e05,summer,SingleFamilyHouse-0429,-56282.9,-56282.9
SingleFamilyHouse,task_rand_e05,summer,SingleFamilyHouse-0451,-60161.7,-60161.7
SingleFamilyHouse,task_rand_e05,summer,SingleFamilyHouse-0467,-62152.9,-62152.9
SingleFamilyHouse,task_rand_e05,summer,SingleFamilyHouse-0468,-59597.5,-59597.5
SingleFamilyHouse,task_rand_e05,summer,SingleFamilyHouse-0477,-63146.2,-63146.2
SingleFamilyHouse,task_rand_e05,summer,SingleFamilyHouse-0484,-57955.9,-57955.9
SingleFamilyHouse,task_rand_e05,summer,SingleFamilyHouse-0494,-274009.6,-274009.6
SingleFamilyHouse,task_rand_e05,summer,SingleFamilyHouse-0497,-63560.1,-63560.1
SingleFamilyHouse,task_rand_e05,summer,SingleFamilyHouse-0502,-67258.4,-67258.4
SingleFamilyHouse,task_rand_e05,summer,SingleFamilyHouse-0507,-76619.1,-76619.1
SingleFamilyHouse,task_rand_e05,summer,SingleFamilyHouse-0508,-110206.2,-110206.2
SingleFamilyHouse,task_rand_e05,summer,SingleFamilyHouse-0509,-59594.2,-59594.2
SingleFamilyHouse,task_rand_e05,summer,SingleFamilyHouse-0524,-49806.1,-49806.1
SingleFamilyHouse,task_rand_e05,summer,SingleFamilyHouse-0529,-70785.8,-70785.8
SingleFamilyHouse,task_rand_e05,summer,SingleFamilyHouse-0539,-47581.4,-47581.4
SingleFamilyHouse,task_rand_e05,summer,SingleFamilyHouse-0555,-60550.9,-60550.9
SingleFamilyHouse,task_rand_e05,summer,SingleFamilyHouse-0582,-72216.9,-72216.9
SingleFamilyHouse,task_rand_e05,summer,SingleFamilyHouse-0587,-59892.4,-59892.4
SingleFamilyHouse,task_rand_e05,summer,SingleFamilyHouse-0590,-50869.7,-50869.7
SingleFamilyHouse,task_rand_e05,summer,SingleFamilyHouse-0597,-56747.4,-56747.4
SingleFamilyHouse,task_rand_e05,summer,SingleFamilyHouse-0608,-50180.4,-50180.4
SingleFamilyHouse,task_rand_e05,summer,SingleFamilyHouse-0615,-61465.6,-61465.6
SingleFamilyHouse,task_rand_e05,summer,SingleFamilyHouse-0616,-80505.8,-80505.8
SingleFamilyHouse,task_rand_e05,summer,SingleFamilyHouse-0623,-70498.0,-70498.0
SingleFamilyHouse,task_rand_e05,summer,SingleFamilyHouse-0631,-83929.6,-83929.6
SingleFamilyHouse,task_rand_e05,summer,SingleFamilyHouse-0639,-168846.4,-168846.4
SingleFamilyHouse,task_rand_e05,summer,SingleFamilyHouse-0667,-68271.8,-68271.8
SingleFamilyHouse,task_rand_e05,summer,SingleFamilyHouse-0683,-49149.2,-49149.2
SingleFamilyHouse,task_rand_e05,summer,SingleFamilyHouse-0695,-67534.4,-67534.4
SingleFamilyHouse,task_rand_e05,summer,SingleFamilyHouse-0714,-58805.5,-58805.5
SingleFamilyHouse,task_rand_e05,summer,SingleFamilyHouse-0721,-63748.3,-63748.3
SingleFamilyHouse,task_rand_e05,summer,SingleFamilyHouse-0733,-63026.5,-63026.5
SingleFamilyHouse,task_rand_e05,summer,SingleFamilyHouse-0742,-52663.3,-52663.3
SingleFamilyHouse,task_rand_e05,summer,SingleFamilyHouse-0751,-48223.1,-48223.1
SingleFamilyHouse,task_rand_e05,summer,SingleFamilyHouse-0761,-51785.7,-51785.7
SingleFamilyHouse,task_rand_e05,summer,SingleFamilyHouse-0764,-53765.4,-53765.4
SingleFamilyHouse,task_rand_e05,summer,SingleFamilyHouse-0766,-59192.0,-59192.0
SingleFamilyHouse,task_rand_e05,summer,SingleFamilyHouse-0771,-70103.8,-70103.8
SingleFamilyHouse,task_rand_e05,summer,SingleFamilyHouse-0773,-53391.9,-53391.9
SingleFamilyHouse,task_rand_e05,summer,SingleFamilyHouse-0777,-66094.3,-66094.3
SingleFamilyHouse,task_rand_e05,summer,SingleFamilyHouse-0790,-85526.9,-85526.9
SingleFamilyHouse,task_rand_e05,summer,SingleFamilyHouse-0791,-60371.4,-60371.4
SingleFamilyHouse,task_rand_e05,summer,SingleFamilyHouse-0793,-64978.9,-64978.9
SingleFamilyHouse,task_rand_e05,summer,SingleFamilyHouse-0798,-48813.4,-48813.4
SingleFamilyHouse,task_rand_e05,summer,SingleFamilyHouse-0810,-66812.1,-66812.1
SingleFamilyHouse,task_rand_e05,summer,SingleFamilyHouse-0843,-64848.8,-64848.8
SingleFamilyHouse,task_rand_e05,summer,SingleFamilyHouse-0849,-49620.4,-49620.4
SingleFamilyHouse,task_rand_e05,summer,SingleFamilyHouse-0880,-73998.7,-73998.7
SingleFamilyHouse,task_rand_e05,summer,SingleFamilyHouse-0892,-52868.3,-52868.3
SingleFamilyHouse,task_rand_e05,summer,SingleFamilyHouse-0896,-58787.3,-58787.3
SingleFamilyHouse,task_rand_e05,summer,SingleFamilyHouse-0897,-56324.1,-56324.1
SingleFamilyHouse,task_rand_e05,summer,SingleFamilyHouse-0910,-62217.1,-62217.1
SingleFamilyHouse,task_rand_e05,summer,SingleFamilyHouse-0912,-69040.6,-69040.6
SingleFamilyHouse,task_rand_e05,summer,SingleFamilyHouse-0923,-62393.4,-62393.4
SingleFamilyHouse,task_rand_e05,summer,SingleFamilyHouse-0925,-57540.7,-57540.7
SingleFamilyHouse,task_rand_e05,summer,SingleFamilyHouse-0929,-65816.4,-65816.4
SingleFamilyHouse,task_rand_e05,summer,SingleFamilyHouse-0941,-679963.6,-679963.6
SingleFamilyHouse,task_rand_e05,summer,SingleFamilyHouse-0966,-476451.4,-476451.4
SingleFamilyHouse,task_rand_e05,winter,SingleFamilyHouse-0002,-83232.1,-83232.1
SingleFamilyHouse,task_rand_e05,winter,SingleFamilyHouse-0017,-127059.7,-127059.7
SingleFamilyHouse,task_rand_e05,winter,SingleFamilyHouse-0019,-79119.6,-79119.6
SingleFamilyHouse,task_rand_e05,winter,SingleFamilyHouse-0025,-325802.8,-325802.8
SingleFamilyHouse,task_rand_e05,winter,SingleFamilyHouse-0034,-117501.9,-117501.9
SingleFamilyHouse,task_rand_e05,winter,SingleFamilyHouse-0035,-118692.8,-118692.8
SingleFamilyHouse,task_rand_e05,winter,SingleFamilyHouse-0039,-173601.2,-173601.2
SingleFamilyHouse,task_rand_e05,winter,SingleFamilyHouse-0050,-299067.9,-299067.9
SingleFamilyHouse,task_rand_e05,winter,SingleFamilyHouse-0054,-94087.5,-94087.5
SingleFamilyHouse,task_rand_e05,winter,SingleFamilyHouse-0057,-101784.7,-101784.7
SingleFamilyHouse,task_rand_e05,winter,SingleFamilyHouse-0077,-112591.6,-112591.6
SingleFamilyHouse,task_rand_e05,winter,SingleFamilyHouse-0086,-264544.8,-264544.8
SingleFamilyHouse,task_rand_e05,winter,SingleFamilyHouse-0114,-123280.1,-123280.1
SingleFamilyHouse,task_rand_e05,winter,SingleFamilyHouse-0151,-92670.3,-92670.3
SingleFamilyHouse,task_rand_e05,winter,SingleFamilyHouse-0175,-84930.5,-84930.5
SingleFamilyHouse,task_rand_e05,winter,SingleFamilyHouse-0178,-101709.7,-101709.7
SingleFamilyHouse,task_rand_e05,winter,SingleFamilyHouse-0185,-109027.6,-109027.6
SingleFamilyHouse,task_rand_e05,winter,SingleFamilyHouse-0186,-101845.6,-101845.6
SingleFamilyHouse,task_rand_e05,winter,SingleFamilyHouse-0190,-94315.0,-94315.0
SingleFamilyHouse,task_rand_e05,winter,SingleFamilyHouse-0201,-48170.9,-48170.9
SingleFamilyHouse,task_rand_e05,winter,SingleFamilyHouse-0203,-95451.5,-95451.5
SingleFamilyHouse,task_rand_e05,winter,SingleFamilyHouse-0211,-342098.2,-342098.2
SingleFamilyHouse,task_rand_e05,winter,SingleFamilyHouse-0222,-198842.0,-198842.0
SingleFamilyHouse,task_rand_e05,winter,SingleFamilyHouse-0248,-93618.0,-93618.0
SingleFamilyHouse,task_rand_e05,winter,SingleFamilyHouse-0265,-115805.5,-115805.5
SingleFamilyHouse,task_rand_e05,winter,SingleFamilyHouse-0291,-222472.9,-222472.9
SingleFamilyHouse,task_rand_e05,winter,SingleFamilyHouse-0294,-134488.5,-134488.5
SingleFamilyHouse,task_rand_e05,winter,SingleFamilyHouse-0299,-84794.6,-84794.6
SingleFamilyHouse,task_rand_e05,winter,SingleFamilyHouse-0300,-161708.3,-161708.3
SingleFamilyHouse,task_rand_e05,winter,SingleFamilyHouse-0335,-258598.4,-258598.4
SingleFamilyHouse,task_rand_e05,winter,SingleFamilyHouse-0337,-95225.5,-95225.5
SingleFamilyHouse,task_rand_e05,winter,SingleFamilyHouse-0351,-88864.7,-88864.7
SingleFamilyHouse,task_rand_e05,winter,SingleFamilyHouse-0355,-102356.8,-102356.8
SingleFamilyHouse,task_rand_e05,winter,SingleFamilyHouse-0365,-93765.8,-93765.8
SingleFamilyHouse,task_rand_e05,winter,SingleFamilyHouse-0366,-164786.8,-164786.8
SingleFamilyHouse,task_rand_e05,winter,SingleFamilyHouse-0370,-98914.1,-98914.1
SingleFamilyHouse,task_rand_e05,winter,SingleFamilyHouse-0387,-66035.5,-66035.5
SingleFamilyHouse,task_rand_e05,winter,SingleFamilyHouse-0399,-261348.8,-261348.8
SingleFamilyHouse,task_rand_e05,winter,SingleFamilyHouse-0415,-103619.7,-103619.7
SingleFamilyHouse,task_rand_e05,winter,SingleFamilyHouse-0419,-214255.7,-214255.7
SingleFamilyHouse,task_rand_e05,winter,SingleFamilyHouse-0425,-94422.4,-94422.4
SingleFamilyHouse,task_rand_e05,winter,SingleFamilyHouse-0427,-138291.3,-138291.3
SingleFamilyHouse,task_rand_e05,winter,SingleFamilyHouse-0429,-78067.8,-78067.8
SingleFamilyHouse,task_rand_e05,winter,SingleFamilyHouse-0451,-154006.7,-154006.7
SingleFamilyHouse,task_rand_e05,winter,SingleFamilyHouse-0467,-105604.4,-105604.4
SingleFamilyHouse,task_rand_e05,winter,SingleFamilyHouse-0468,-1447670.9,-1447670.9
SingleFamilyHouse,task_rand_e05,winter,SingleFamilyHouse-0477,-120931.4,-120931.4
SingleFamilyHouse,task_rand_e05,winter,SingleFamilyHouse-0484,-80328.3,-80328.3
SingleFamilyHouse,task_rand_e05,winter,SingleFamilyHouse-0494,-92037.8,-92037.8
SingleFamilyHouse,task_rand_e05,winter,SingleFamilyHouse-0497,-115955.7,-115955.7
SingleFamilyHouse,task_rand_e05,winter,SingleFamilyHouse-0502,-87257.8,-87257.8
SingleFamilyHouse,task_rand_e05,winter,SingleFamilyHouse-0507,-94828.0,-94828.0
SingleFamilyHouse,task_rand_e05,winter,SingleFamilyHouse-0508,-94683.3,-94683.3
SingleFamilyHouse,task_rand_e05,winter,SingleFamilyHouse-0509,-90257.8,-90257.8
SingleFamilyHouse,task_rand_e05,winter,SingleFamilyHouse-0524,-87340.4,-87340.4
SingleFamilyHouse,task_rand_e05,winter,SingleFamilyHouse-0529,-460645.9,-460645.9
SingleFamilyHouse,task_rand_e05,winter,SingleFamilyHouse-0539,-314553.8,-314553.8
SingleFamilyHouse,task_rand_e05,winter,SingleFamilyHouse-0555,-99959.5,-99959.5
SingleFamilyHouse,task_rand_e05,winter,SingleFamilyHouse-0582,-679568.2,-679568.2
SingleFamilyHouse,task_rand_e05,winter,SingleFamilyHouse-0587,-96779.6,-96779.6
SingleFamilyHouse,task_rand_e05,winter,SingleFamilyHouse-0590,-80332.2,-80332.2
SingleFamilyHouse,task_rand_e05,winter,SingleFamilyHouse-0597,-86803.3,-86803.3
SingleFamilyHouse,task_rand_e05,winter,SingleFamilyHouse-0608,-227067.5,-227067.5
SingleFamilyHouse,task_rand_e05,winter,SingleFamilyHouse-0615,-89097.0,-89097.0
SingleFamilyHouse,task_rand_e05,winter,SingleFamilyHouse-0616,-433307.1,-433307.1
SingleFamilyHouse,task_rand_e05,winter,SingleFamilyHouse-0623,-132697.7,-132697.7
SingleFamilyHouse,task_rand_e05,winter,SingleFamilyHouse-0631,-90305.3,-90305.3
SingleFamilyHouse,task_rand_e05,winter,SingleFamilyHouse-0639,-329809.3,-329809.3
SingleFamilyHouse,task_rand_e05,winter,SingleFamilyHouse-0667,-81443.7,-81443.7
SingleFamilyHouse,task_rand_e05,winter,SingleFamilyHouse-0683,-97001.3,-97001.3
SingleFamilyHouse,task_rand_e05,winter,SingleFamilyHouse-0695,-250452.6,-250452.6
SingleFamilyHouse,task_rand_e05,winter,SingleFamilyHouse-0714,-132814.1,-132814.1
SingleFamilyHouse,task_rand_e05,winter,SingleFamilyHouse-0721,-156968.1,-156968.1
SingleFamilyHouse,task_rand_e05,winter,SingleFamilyHouse-0733,-204443.9,-204443.9
SingleFamilyHouse,task_rand_e05,winter,SingleFamilyHouse-0742,-143882.7,-143882.7
SingleFamilyHouse,task_rand_e05,winter,SingleFamilyHouse-0751,-138991.8,-138991.8
SingleFamilyHouse,task_rand_e05,winter,SingleFamilyHouse-0761,-96225.7,-96225.7
SingleFamilyHouse,task_rand_e05,winter,SingleFamilyHouse-0764,-148461.8,-148461.8
SingleFamilyHouse,task_rand_e05,winter,SingleFamilyHouse-0766,-64881.3,-64881.3
SingleFamilyHouse,task_rand_e05,winter,SingleFamilyHouse-0771,-134405.9,-134405.9
SingleFamilyHouse,task_rand_e05,winter,SingleFamilyHouse-0773,-103708.5,-103708.5
SingleFamilyHouse,task_rand_e05,winter,SingleFamilyHouse-0777,-135171.5,-135171.5
SingleFamilyHouse,task_rand_e05,winter,SingleFamilyHouse-0790,-242206.0,-242206.0
SingleFamilyHouse,task_rand_e05,winter,SingleFamilyHouse-0791,-138445.7,-138445.7
SingleFamilyHouse,task_rand_e05,winter,SingleFamilyHouse-0793,-105487.4,-105487.4
SingleFamilyHouse,task_rand_e05,winter,SingleFamilyHouse-0798,-167658.6,-167658.6
SingleFamilyHouse,task_rand_e05,winter,SingleFamilyHouse-0810,-135185.8,-135185.8
SingleFamilyHouse,task_rand_e05,winter,SingleFamilyHouse-0843,-94898.0,-94898.0
SingleFamilyHouse,task_rand_e05,winter,SingleFamilyHouse-0849,-83412.0,-83412.0
SingleFamilyHouse,task_rand_e05,winter,SingleFamilyHouse-0880,-118704.5,-118704.5
SingleFamilyHouse,task_rand_e05,winter,SingleFamilyHouse-0892,-111977.4,-111977.4
SingleFamilyHouse,task_rand_e05,winter,SingleFamilyHouse-0896,-90174.0,-90174.0
SingleFamilyHouse,task_rand_e05,winter,SingleFamilyHouse-0897,-266742.4,-266742.4
SingleFamilyHouse,task_rand_e05,winter,SingleFamilyHouse-0910,-97653.7,-97653.7
SingleFamilyHouse,task_rand_e05,winter,SingleFamilyHouse-0912,-290734.9,-290734.9
SingleFamilyHouse,task_rand_e05,winter,SingleFamilyHouse-0923,-150615.1,-150615.1
SingleFamilyHouse,task_rand_e05,winter,SingleFamilyHouse-0925,-169940.5,-169940.5
SingleFamilyHouse,task_rand_e05,winter,SingleFamilyHouse-0929,-101896.7,-101896.7
SingleFamilyHouse,task_rand_e05,winter,SingleFamilyHouse-0941,-77013.4,-77013.4
SingleFamilyHouse,task_rand_e05,winter,SingleFamilyHouse-0966,-105789.3,-105789.3
Warehouse,task_const_e0,full_year,Warehouse-0015,-1683.0,-1683.0
Warehouse,task_const_e0,full_year,Warehouse-0027,-2538.6,-2538.6
Warehouse,task_const_e0,full_year,Warehouse-0033,-3208.1,-3208.1
Warehouse,task_const_e0,full_year,Warehouse-0035,-2980.4,-2980.4
Warehouse,task_const_e0,full_year,Warehouse-0038,-2955.4,-2955.4
Warehouse,task_const_e0,full_year,Warehouse-0043,-9389.4,-9389.4
Warehouse,task_const_e0,full_year,Warehouse-0074,-2950.4,-2950.4
Warehouse,task_const_e0,full_year,Warehouse-0078,-6470.7,-6470.7
Warehouse,task_const_e0,full_year,Warehouse-0083,-1762.1,-1762.1
Warehouse,task_const_e0,full_year,Warehouse-0099,-3066.8,-3066.8
Warehouse,task_const_e0,full_year,Warehouse-0113,-1895.2,-1895.2
Warehouse,task_const_e0,full_year,Warehouse-0131,-2049.4,-2049.4
Warehouse,task_const_e0,full_year,Warehouse-0135,-1986.1,-1986.1
Warehouse,task_const_e0,full_year,Warehouse-0145,-1903.2,-1903.2
Warehouse,task_const_e0,full_year,Warehouse-0160,-3077.2,-3077.2
Warehouse,task_const_e0,full_year,Warehouse-0165,-2040.4,-2040.4
Warehouse,task_const_e0,full_year,Warehouse-0170,-3313.0,-3313.0
Warehouse,task_const_e0,full_year,Warehouse-0185,-2478.8,-2478.8
Warehouse,task_const_e0,full_year,Warehouse-0190,-8019.0,-8019.0
Warehouse,task_const_e0,full_year,Warehouse-0207,-2290.1,-2290.1
Warehouse,task_const_e0,full_year,Warehouse-0209,-1787.4,-1787.4
Warehouse,task_const_e0,full_year,Warehouse-0212,-1814.5,-1814.5
Warehouse,task_const_e0,full_year,Warehouse-0218,-2531.7,-2531.7
Warehouse,task_const_e0,full_year,Warehouse-0251,-2262.4,-2262.4
Warehouse,task_const_e0,full_year,Warehouse-0274,-1822.5,-1822.5
Warehouse,task_const_e0,full_year,Warehouse-0286,-6545.9,-6545.9
Warehouse,task_const_e0,full_year,Warehouse-0288,-5228.6,-5228.6
Warehouse,task_const_e0,full_year,Warehouse-0314,-3906.5,-3906.5
Warehouse,task_const_e0,full_year,Warehouse-0317,-1659.2,-1659.2
Warehouse,task_const_e0,full_year,Warehouse-0322,-5238.2,-5238.2
Warehouse,task_const_e0,full_year,Warehouse-0338,-1997.8,-1997.8
Warehouse,task_const_e0,full_year,Warehouse-0394,-2774.8,-2774.8
Warehouse,task_const_e0,full_year,Warehouse-0401,-1709.8,-1709.8
Warehouse,task_const_e0,full_year,Warehouse-0424,-3040.0,-3040.0
Warehouse,task_const_e0,full_year,Warehouse-0425,-1632.6,-1632.6
Warehouse,task_const_e0,full_year,Warehouse-0428,-2054.8,-2054.8
Warehouse,task_const_e0,full_year,Warehouse-0433,-2144.8,-2144.8
Warehouse,task_const_e0,full_year,Warehouse-0440,-1860.2,-1860.2
Warehouse,task_const_e0,full_year,Warehouse-0448,-2232.1,-2232.1
Warehouse,task_const_e0,full_year,Warehouse-0450,-5203.7,-5203.7
Warehouse,task_const_e0,full_year,Warehouse-0452,-1950.3,-1950.3
Warehouse,task_const_e0,full_year,Warehouse-0457,-1523.9,-1523.9
Warehouse,task_const_e0,full_year,Warehouse-0462,-8916.8,-8916.8
Warehouse,task_const_e0,full_year,Warehouse-0469,-3132.0,-3132.0
Warehouse,task_const_e0,full_year,Warehouse-0475,-1895.4,-1895.4
Warehouse,task_const_e0,full_year,Warehouse-0479,-3293.2,-3293.2
Warehouse,task_const_e0,full_year,Warehouse-0488,-2612.5,-2612.5
Warehouse,task_const_e0,full_year,Warehouse-0493,-5157.2,-5157.2
Warehouse,task_const_e0,full_year,Warehouse-0500,-3184.1,-3184.1
Warehouse,task_const_e0,full_year,Warehouse-0511,-2072.9,-2072.9
Warehouse,task_const_e0,full_year,Warehouse-0514,-2481.0,-2481.0
Warehouse,task_const_e0,full_year,Warehouse-0518,-1898.9,-1898.9
Warehouse,task_const_e0,full_year,Warehouse-0519,-6479.4,-6479.4
Warehouse,task_const_e0,full_year,Warehouse-0523,-2015.7,-2015.7
Warehouse,task_const_e0,full_year,Warehouse-0531,-3710.2,-3710.2
Warehouse,task_const_e0,full_year,Warehouse-0543,-3467.5,-3467.5
Warehouse,task_const_e0,full_year,Warehouse-0547,-1740.8,-1740.8
Warehouse,task_const_e0,full_year,Warehouse-0548,-3798.0,-3798.0
Warehouse,task_const_e0,full_year,Warehouse-0550,-1657.2,-1657.2
Warehouse,task_const_e0,full_year,Warehouse-0552,-1698.6,-1698.6
Warehouse,task_const_e0,full_year,Warehouse-0560,-2181.9,-2181.9
Warehouse,task_const_e0,full_year,Warehouse-0584,-1662.4,-1662.4
Warehouse,task_const_e0,full_year,Warehouse-0609,-8079.3,-8079.3
Warehouse,task_const_e0,full_year,Warehouse-0615,-2112.2,-2112.2
Warehouse,task_const_e0,full_year,Warehouse-0625,-5050.8,-5050.8
Warehouse,task_const_e0,full_year,Warehouse-0646,-1652.7,-1652.7
Warehouse,task_const_e0,full_year,Warehouse-0647,-1823.3,-1823.3
Warehouse,task_const_e0,full_year,Warehouse-0648,-1893.7,-1893.7
Warehouse,task_const_e0,full_year,Warehouse-0665,-6726.5,-6726.5
Warehouse,task_const_e0,full_year,Warehouse-0680,-2277.5,-2277.5
Warehouse,task_const_e0,full_year,Warehouse-0682,-2825.7,-2825.7
Warehouse,task_const_e0,full_year,Warehouse-0685,-2873.6,-2873.6
Warehouse,task_const_e0,full_year,Warehouse-0702,-5154.3,-5154.3
Warehouse,task_const_e0,full_year,Warehouse-0704,-1833.8,-1833.8
Warehouse,task_const_e0,full_year,Warehouse-0711,-1710.4,-1710.4
Warehouse,task_const_e0,full_year,Warehouse-0730,-3246.5,-3246.5
Warehouse,task_const_e0,full_year,Warehouse-0742,-8521.1,-8521.1
Warehouse,task_const_e0,full_year,Warehouse-0772,-1680.0,-1680.0
Warehouse,task_const_e0,full_year,Warehouse-0792,-1637.2,-1637.2
Warehouse,task_const_e0,full_year,Warehouse-0797,-6217.7,-6217.7
Warehouse,task_const_e0,full_year,Warehouse-0809,-5809.2,-5809.2
Warehouse,task_const_e0,full_year,Warehouse-0827,-2106.1,-2106.1
Warehouse,task_const_e0,full_year,Warehouse-0868,-2186.9,-2186.9
Warehouse,task_const_e0,full_year,Warehouse-0876,-1992.7,-1992.7
Warehouse,task_const_e0,full_year,Warehouse-0898,-1644.0,-1644.0
Warehouse,task_const_e0,full_year,Warehouse-0903,-6431.8,-6431.8
Warehouse,task_const_e0,full_year,Warehouse-0909,-1931.4,-1931.4
Warehouse,task_const_e0,full_year,Warehouse-0919,-2596.3,-2596.3
Warehouse,task_const_e0,full_year,Warehouse-0944,-3577.3,-3577.3
Warehouse,task_const_e0,full_year,Warehouse-0951,-2366.4,-2366.4
Warehouse,task_const_e0,full_year,Warehouse-0956,-1819.4,-1819.4
Warehouse,task_const_e0,full_year,Warehouse-0966,-3397.6,-3397.6
Warehouse,task_const_e0,full_year,Warehouse-0979,-3380.8,-3380.8
Warehouse,task_const_e0,full_year,Warehouse-0981,-1591.3,-1591.3
Warehouse,task_const_e0,full_year,Warehouse-0993,-3253.1,-3253.1
Warehouse,task_const_e0,full_year,Warehouse-0995,-2030.2,-2030.2
Warehouse,task_const_e0,full_year,Warehouse-0997,-1925.2,-1925.2
Warehouse,task_const_e0,full_year,Warehouse-0998,-1719.7,-1719.7
Warehouse,task_const_e0,full_year,Warehouse-0999,-1743.3,-1743.3
Warehouse,task_const_e0,full_year,Warehouse-1000,-6852.6,-6852.6
Warehouse,task_const_e0,summer,Warehouse-0015,-1094.1,-1094.1
Warehouse,task_const_e0,summer,Warehouse-0027,-12575.7,-12575.7
Warehouse,task_const_e0,summer,Warehouse-0033,-1266.4,-1266.4
Warehouse,task_const_e0,summer,Warehouse-0035,-8626.1,-8626.1
Warehouse,task_const_e0,summer,Warehouse-0038,-8282.6,-8282.6
Warehouse,task_const_e0,summer,Warehouse-0043,-723.5,-723.5
Warehouse,task_const_e0,summer,Warehouse-0074,-1456.4,-1456.4
Warehouse,task_const_e0,summer,Warehouse-0078,-9027.4,-9027.4
Warehouse,task_const_e0,summer,Warehouse-0083,-966.3,-966.3
Warehouse,task_const_e0,summer,Warehouse-0099,-1360.7,-1360.7
Warehouse,task_const_e0,summer,Warehouse-0113,-3753.6,-3753.6
Warehouse,task_const_e0,summer,Warehouse-0131,-5064.4,-5064.4
Warehouse,task_const_e0,summer,Warehouse-0135,-8740.5,-8740.5
Warehouse,task_const_e0,summer,Warehouse-0145,-10550.4,-10550.4
Warehouse,task_const_e0,summer,Warehouse-0160,-9321.1,-9321.1
Warehouse,task_const_e0,summer,Warehouse-0165,-1045.8,-1045.8
Warehouse,task_const_e0,summer,Warehouse-0170,-12507.1,-12507.1
Warehouse,task_const_e0,summer,Warehouse-0185,-8826.1,-8826.1
Warehouse,task_const_e0,summer,Warehouse-0190,-22029.1,-22029.1
Warehouse,task_const_e0,summer,Warehouse-0207,-8988.6,-8988.6
Warehouse,task_const_e0,summer,Warehouse-0209,-15911.3,-15911.3
Warehouse,task_const_e0,summer,Warehouse-0212,-6586.9,-6586.9
Warehouse,task_const_e0,summer,Warehouse-0218,-15660.7,-15660.7
Warehouse,task_const_e0,summer,Warehouse-0251,-8644.2,-8644.2
Warehouse,task_const_e0,summer,Warehouse-0274,-4767.7,-4767.7
Warehouse,task_const_e0,summer,Warehouse-0286,-7144.9,-7144.9
Warehouse,task_const_e0,summer,Warehouse-0288,-2452.3,-2452.3
Warehouse,task_const_e0,summer,Warehouse-0314,-9358.4,-9358.4
Warehouse,task_const_e0,summer,Warehouse-0317,-7614.7,-7614.7
Warehouse,task_const_e0,summer,Warehouse-0322,-12223.4,-12223.4
Warehouse,task_const_e0,summer,Warehouse-0338,-9837.1,-9837.1
Warehouse,task_const_e0,summer,Warehouse-0394,-15101.6,-15101.6
Warehouse,task_const_e0,summer,Warehouse-0401,-2363.1,-2363.1
Warehouse,task_const_e0,summer,Warehouse-0424,-9849.1,-9849.1
Warehouse,task_const_e0,summer,Warehouse-0425,-783.8,-783.8
Warehouse,task_const_e0,summer,Warehouse-0428,-16221.2,-16221.2
Warehouse,task_const_e0,summer,Warehouse-0433,-3089.2,-3089.2
Warehouse,task_const_e0,summer,Warehouse-0440,-776.6,-776.6
Warehouse,task_const_e0,summer,Warehouse-0448,-8900.3,-8900.3
Warehouse,task_const_e0,summer,Warehouse-0450,-2338.6,-2338.6
Warehouse,task_const_e0,summer,Warehouse-0452,-902.7,-902.7
Warehouse,task_const_e0,summer,Warehouse-0457,-610.0,-610.0
Warehouse,task_const_e0,summer,Warehouse-0462,-680.3,-680.3
Warehouse,task_const_e0,summer,Warehouse-0469,-10119.2,-10119.2
Warehouse,task_const_e0,summer,Warehouse-0475,-6837.9,-6837.9
Warehouse,task_const_e0,summer,Warehouse-0479,-9935.6,-9935.6
Warehouse,task_const_e0,summer,Warehouse-0488,-9306.1,-9306.1
Warehouse,task_const_e0,summer,Warehouse-0493,-563.1,-563.1
Warehouse,task_const_e0,summer,Warehouse-0500,-1271.5,-1271.5
Warehouse,task_const_e0,summer,Warehouse-0511,-8934.4,-8934.4
Warehouse,task_const_e0,summer,Warehouse-0514,-12010.3,-12010.3
Warehouse,task_const_e0,summer,Warehouse-0518,-781.6,-781.6
Warehouse,task_const_e0,summer,Warehouse-0519,-597.4,-597.4
Warehouse,task_const_e0,summer,Warehouse-0523,-16143.9,-16143.9
Warehouse,task_const_e0,summer,Warehouse-0531,-3774.6,-3774.6
Warehouse,task_const_e0,summer,Warehouse-0543,-3662.1,-3662.1
Warehouse,task_const_e0,summer,Warehouse-0547,-787.9,-787.9
Warehouse,task_const_e0,summer,Warehouse-0548,-3694.5,-3694.5
Warehouse,task_const_e0,summer,Warehouse-0550,-697.2,-697.2
Warehouse,task_const_e0,summer,Warehouse-0552,-763.2,-763.2
Warehouse,task_const_e0,summer,Warehouse-0560,-11761.6,-11761.6
Warehouse,task_const_e0,summer,Warehouse-0584,-7572.8,-7572.8
Warehouse,task_const_e0,summer,Warehouse-0609,-22515.4,-22515.4
Warehouse,task_const_e0,summer,Warehouse-0615,-17236.6,-17236.6
Warehouse,task_const_e0,summer,Warehouse-0625,-2835.0,-2835.0
Warehouse,task_const_e0,summer,Warehouse-0646,-3875.1,-3875.1
Warehouse,task_const_e0,summer,Warehouse-0647,-9890.4,-9890.4
Warehouse,task_const_e0,summer,Warehouse-0648,-4115.0,-4115.0
Warehouse,task_const_e0,summer,Warehouse-0665,-15432.0,-15432.0
Warehouse,task_const_e0,summer,Warehouse-0680,-16411.1,-16411.1
Warehouse,task_const_e0,summer,Warehouse-0682,-15301.1,-15301.1
Warehouse,task_const_e0,summer,Warehouse-0685,-1793.5,-1793.5
Warehouse,task_const_e0,summer,Warehouse-0702,-2913.7,-2913.7
Warehouse,task_const_e0,summer,Warehouse-0704,-10365.5,-10365.5
Warehouse,task_const_e0,summer,Warehouse-0711,-6924.0,-6924.0
Warehouse,task_const_e0,summer,Warehouse-0730,-1271.5,-1271.5
Warehouse,task_const_e0,summer,Warehouse-0742,-699.5,-699.5
Warehouse,task_const_e0,summer,Warehouse-0772,-4151.7,-4151.7
Warehouse,task_const_e0,summer,Warehouse-0792,-695.7,-695.7
Warehouse,task_const_e0,summer,Warehouse-0797,-2349.7,-2349.7
Warehouse,task_const_e0,summer,Warehouse-0809,-524.0,-524.0
Warehouse,task_const_e0,summer,Warehouse-0827,-16225.7,-16225.7
Warehouse,task_const_e0,summer,Warehouse-0868,-11734.2,-11734.2
Warehouse,task_const_e0,summer,Warehouse-0876,-4116.3,-4116.3
Warehouse,task_const_e0,summer,Warehouse-0898,-2176.6,-2176.6
Warehouse,task_const_e0,summer,Warehouse-0903,-2041.7,-2041.7
Warehouse,task_const_e0,summer,Warehouse-0909,-10962.2,-10962.2
Warehouse,task_const_e0,summer,Warehouse-0919,-15456.7,-15456.7
Warehouse,task_const_e0,summer,Warehouse-0944,-3174.5,-3174.5
Warehouse,task_const_e0,summer,Warehouse-0951,-17881.9,-17881.9
Warehouse,task_const_e0,summer,Warehouse-0956,-2563.1,-2563.1
Warehouse,task_const_e0,summer,Warehouse-0966,-16338.7,-16338.7
Warehouse,task_const_e0,summer,Warehouse-0979,-4672.2,-4672.2
Warehouse,task_const_e0,summer,Warehouse-0981,-9049.5,-9049.5
Warehouse,task_const_e0,summer,Warehouse-0993,-10347.1,-10347.1
Warehouse,task_const_e0,summer,Warehouse-0995,-3296.5,-3296.5
Warehouse,task_const_e0,summer,Warehouse-0997,-10898.6,-10898.6
Warehouse,task_const_e0,summer,Warehouse-0998,-10764.0,-10764.0
Warehouse,task_const_e0,summer,Warehouse-0999,-852.6,-852.6
Warehouse,task_const_e0,summer,Warehouse-1000,-7805.3,-7805.3
Warehouse,task_const_e0,winter,Warehouse-0015,-379.9,-379.9
Warehouse,task_const_e0,winter,Warehouse-0027,-309.9,-309.9
Warehouse,task_const_e0,winter,Warehouse-0033,-778.0,-778.0
Warehouse,task_const_e0,winter,Warehouse-0035,-549.5,-549.5
Warehouse,task_const_e0,winter,Warehouse-0038,-556.1,-556.1
Warehouse,task_const_e0,winter,Warehouse-0043,-4447.6,-4447.6
Warehouse,task_const_e0,winter,Warehouse-0074,-747.7,-747.7
Warehouse,task_const_e0,winter,Warehouse-0078,-1447.4,-1447.4
Warehouse,task_const_e0,winter,Warehouse-0083,-372.2,-372.2
Warehouse,task_const_e0,winter,Warehouse-0099,-771.3,-771.3
Warehouse,task_const_e0,winter,Warehouse-0113,-502.3,-502.3
Warehouse,task_const_e0,winter,Warehouse-0131,-300.3,-300.3
Warehouse,task_const_e0,winter,Warehouse-0135,-436.0,-436.0
Warehouse,task_const_e0,winter,Warehouse-0145,-402.6,-402.6
Warehouse,task_const_e0,winter,Warehouse-0160,-571.4,-571.4
Warehouse,task_const_e0,winter,Warehouse-0165,-413.5,-413.5
Warehouse,task_const_e0,winter,Warehouse-0170,-874.6,-874.6
Warehouse,task_const_e0,winter,Warehouse-0185,-466.2,-466.2
Warehouse,task_const_e0,winter,Warehouse-0190,-1132.9,-1132.9
Warehouse,task_const_e0,winter,Warehouse-0207,-498.9,-498.9
Warehouse,task_const_e0,winter,Warehouse-0209,-365.1,-365.1
Warehouse,task_const_e0,winter,Warehouse-0212,-424.5,-424.5
Warehouse,task_const_e0,winter,Warehouse-0218,-542.6,-542.6
Warehouse,task_const_e0,winter,Warehouse-0251,-397.5,-397.5
Warehouse,task_const_e0,winter,Warehouse-0274,-459.0,-459.0
Warehouse,task_const_e0,winter,Warehouse-0286,-1475.1,-1475.1
Warehouse,task_const_e0,winter,Warehouse-0288,-1949.4,-1949.4
Warehouse,task_const_e0,winter,Warehouse-0314,-835.8,-835.8
Warehouse,task_const_e0,winter,Warehouse-0317,-398.3,-398.3
Warehouse,task_const_e0,winter,Warehouse-0322,-882.3,-882.3
Warehouse,task_const_e0,winter,Warehouse-0338,-418.2,-418.2
Warehouse,task_const_e0,winter,Warehouse-0394,-656.7,-656.7
Warehouse,task_const_e0,winter,Warehouse-0401,-406.4,-406.4
Warehouse,task_const_e0,winter,Warehouse-0424,-538.5,-538.5
Warehouse,task_const_e0,winter,Warehouse-0425,-377.8,-377.8
Warehouse,task_const_e0,winter,Warehouse-0428,-335.9,-335.9
Warehouse,task_const_e0,winter,Warehouse-0433,-511.2,-511.2
Warehouse,task_const_e0,winter,Warehouse-0440,-431.4,-431.4
Warehouse,task_const_e0,winter,Warehouse-0448,-489.9,-489.9
Warehouse,task_const_e0,winter,Warehouse-0450,-1912.1,-1912.1
Warehouse,task_const_e0,winter,Warehouse-0452,-414.5,-414.5
Warehouse,task_const_e0,winter,Warehouse-0457,-360.3,-360.3
Warehouse,task_const_e0,winter,Warehouse-0462,-4160.8,-4160.8
Warehouse,task_const_e0,winter,Warehouse-0469,-565.9,-565.9
Warehouse,task_const_e0,winter,Warehouse-0475,-414.0,-414.0
Warehouse,task_const_e0,winter,Warehouse-0479,-589.1,-589.1
Warehouse,task_const_e0,winter,Warehouse-0488,-448.5,-448.5
Warehouse,task_const_e0,winter,Warehouse-0493,-1863.9,-1863.9
Warehouse,task_const_e0,winter,Warehouse-0500,-812.8,-812.8
Warehouse,task_const_e0,winter,Warehouse-0511,-393.6,-393.6
Warehouse,task_const_e0,winter,Warehouse-0514,-309.6,-309.6
Warehouse,task_const_e0,winter,Warehouse-0518,-456.9,-456.9
Warehouse,task_const_e0,winter,Warehouse-0519,-2667.6,-2667.6
Warehouse,task_const_e0,winter,Warehouse-0523,-333.9,-333.9
Warehouse,task_const_e0,winter,Warehouse-0531,-1164.0,-1164.0
Warehouse,task_const_e0,winter,Warehouse-0543,-1020.4,-1020.4
Warehouse,task_const_e0,winter,Warehouse-0547,-361.3,-361.3
Warehouse,task_const_e0,winter,Warehouse-0548,-1144.8,-1144.8
Warehouse,task_const_e0,winter,Warehouse-0550,-357.9,-357.9
Warehouse,task_const_e0,winter,Warehouse-0552,-383.2,-383.2
Warehouse,task_const_e0,winter,Warehouse-0560,-313.3,-313.3
Warehouse,task_const_e0,winter,Warehouse-0584,-395.8,-395.8
Warehouse,task_const_e0,winter,Warehouse-0609,-1084.8,-1084.8
Warehouse,task_const_e0,winter,Warehouse-0615,-347.4,-347.4
Warehouse,task_const_e0,winter,Warehouse-0625,-1722.6,-1722.6
Warehouse,task_const_e0,winter,Warehouse-0646,-351.5,-351.5
Warehouse,task_const_e0,winter,Warehouse-0647,-406.1,-406.1
Warehouse,task_const_e0,winter,Warehouse-0648,-482.5,-482.5
Warehouse,task_const_e0,winter,Warehouse-0665,-1284.9,-1284.9
Warehouse,task_const_e0,winter,Warehouse-0680,-364.3,-364.3
Warehouse,task_const_e0,winter,Warehouse-0682,-667.6,-667.6
Warehouse,task_const_e0,winter,Warehouse-0685,-717.6,-717.6
Warehouse,task_const_e0,winter,Warehouse-0702,-1861.3,-1861.3
Warehouse,task_const_e0,winter,Warehouse-0704,-336.6,-336.6
Warehouse,task_const_e0,winter,Warehouse-0711,-405.2,-405.2
Warehouse,task_const_e0,winter,Warehouse-0730,-780.6,-780.6
Warehouse,task_const_e0,winter,Warehouse-0742,-3869.4,-3869.4
Warehouse,task_const_e0,winter,Warehouse-0772,-315.1,-315.1
Warehouse,task_const_e0,winter,Warehouse-0792,-359.3,-359.3
Warehouse,task_const_e0,winter,Warehouse-0797,-2631.0,-2631.0
Warehouse,task_const_e0,winter,Warehouse-0809,-2279.9,-2279.9
Warehouse,task_const_e0,winter,Warehouse-0827,-353.7,-353.7
Warehouse,task_const_e0,winter,Warehouse-0868,-328.0,-328.0
Warehouse,task_const_e0,winter,Warehouse-0876,-489.8,-489.8
Warehouse,task_const_e0,winter,Warehouse-0898,-387.4,-387.4
Warehouse,task_const_e0,winter,Warehouse-0903,-2808.1,-2808.1
Warehouse,task_const_e0,winter,Warehouse-0909,-312.6,-312.6
Warehouse,task_const_e0,winter,Warehouse-0919,-600.4,-600.4
Warehouse,task_const_e0,winter,Warehouse-0944,-1087.2,-1087.2
Warehouse,task_const_e0,winter,Warehouse-0951,-381.6,-381.6
Warehouse,task_const_e0,winter,Warehouse-0956,-431.3,-431.3
Warehouse,task_const_e0,winter,Warehouse-0966,-812.1,-812.1
Warehouse,task_const_e0,winter,Warehouse-0979,-945.5,-945.5
Warehouse,task_const_e0,winter,Warehouse-0981,-393.4,-393.4
Warehouse,task_const_e0,winter,Warehouse-0993,-549.8,-549.8
Warehouse,task_const_e0,winter,Warehouse-0995,-561.4,-561.4
Warehouse,task_const_e0,winter,Warehouse-0997,-317.9,-317.9
Warehouse,task_const_e0,winter,Warehouse-0998,-336.4,-336.4
Warehouse,task_const_e0,winter,Warehouse-0999,-380.2,-380.2
Warehouse,task_const_e0,winter,Warehouse-1000,-1507.7,-1507.7
Warehouse,task_const_e05,full_year,Warehouse-0015,-125967.3,-125967.3
Warehouse,task_const_e05,full_year,Warehouse-0027,-200559.0,-200559.0
Warehouse,task_const_e05,full_year,Warehouse-0033,-128359.8,-128359.8
Warehouse,task_const_e05,full_year,Warehouse-0035,-230367.4,-230367.4
Warehouse,task_const_e05,full_year,Warehouse-0038,-220445.8,-220445.8
Warehouse,task_const_e05,full_year,Warehouse-0043,-235508.8,-235508.8
Warehouse,task_const_e05,full_year,Warehouse-0074,-116793.8,-116793.8
Warehouse,task_const_e05,full_year,Warehouse-0078,-761461.7,-761461.7
Warehouse,task_const_e05,full_year,Warehouse-0083,-135015.7,-135015.7
Warehouse,task_const_e05,full_year,Warehouse-0099,-122795.1,-122795.1
Warehouse,task_const_e05,full_year,Warehouse-0113,-128059.2,-128059.2
Warehouse,task_const_e05,full_year,Warehouse-0131,-152655.2,-152655.2
Warehouse,task_const_e05,full_year,Warehouse-0135,-120961.5,-120961.5
Warehouse,task_const_e05,full_year,Warehouse-0145,-108479.3,-108479.3
Warehouse,task_const_e05,full_year,Warehouse-0160,-286210.8,-286210.8
Warehouse,task_const_e05,full_year,Warehouse-0165,-170203.4,-170203.4
Warehouse,task_const_e05,full_year,Warehouse-0170,-126296.2,-126296.2
Warehouse,task_const_e05,full_year,Warehouse-0185,-182909.1,-182909.1
Warehouse,task_const_e05,full_year,Warehouse-0190,-930327.9,-930327.9
Warehouse,task_const_e05,full_year,Warehouse-0207,-133270.3,-133270.3
Warehouse,task_const_e05,full_year,Warehouse-0209,-173674.5,-173674.5
Warehouse,task_const_e05,full_year,Warehouse-0212,-197380.7,-197380.7
Warehouse,task_const_e05,full_year,Warehouse-0218,-263990.6,-263990.6
Warehouse,task_const_e05,full_year,Warehouse-0251,-166833.6,-166833.6
Warehouse,task_const_e05,full_year,Warehouse-0274,-124018.9,-124018.9
Warehouse,task_const_e05,full_year,Warehouse-0286,-771605.7,-771605.7
Warehouse,task_const_e05,full_year,Warehouse-0288,-137756.9,-137756.9
Warehouse,task_const_e05,full_year,Warehouse-0314,-379445.3,-379445.3
Warehouse,task_const_e05,full_year,Warehouse-0317,-159555.1,-159555.1
Warehouse,task_const_e05,full_year,Warehouse-0322,-615788.1,-615788.1
Warehouse,task_const_e05,full_year,Warehouse-0338,-112703.5,-112703.5
Warehouse,task_const_e05,full_year,Warehouse-0394,-275856.6,-275856.6
Warehouse,task_const_e05,full_year,Warehouse-0401,-152642.4,-152642.4
Warehouse,task_const_e05,full_year,Warehouse-0424,-275725.6,-275725.6
Warehouse,task_const_e05,full_year,Warehouse-0425,-128464.8,-128464.8
Warehouse,task_const_e05,full_year,Warehouse-0428,-178306.7,-178306.7
Warehouse,task_const_e05,full_year,Warehouse-0433,-162707.4,-162707.4
Warehouse,task_const_e05,full_year,Warehouse-0440,-125528.7,-125528.7
Warehouse,task_const_e05,full_year,Warehouse-0448,-131891.1,-131891.1
Warehouse,task_const_e05,full_year,Warehouse-0450,-138723.4,-138723.4
Warehouse,task_const_e05,full_year,Warehouse-0452,-156369.9,-156369.9
Warehouse,task_const_e05,full_year,Warehouse-0457,-109431.5,-109431.5
Warehouse,task_const_e05,full_year,Warehouse-0462,-222312.8,-222312.8
Warehouse,task_const_e05,full_year,Warehouse-0469,-288790.7,-288790.7
Warehouse,task_const_e05,full_year,Warehouse-0475,-192175.9,-192175.9
Warehouse,task_const_e05,full_year,Warehouse-0479,-291039.5,-291039.5
Warehouse,task_const_e05,full_year,Warehouse-0488,-193731.0,-193731.0
Warehouse,task_const_e05,full_year,Warehouse-0493,-138636.7,-138636.7
Warehouse,task_const_e05,full_year,Warehouse-0500,-134713.4,-134713.4
Warehouse,task_const_e05,full_year,Warehouse-0511,-160774.5,-160774.5
Warehouse,task_const_e05,full_year,Warehouse-0514,-197983.7,-197983.7
Warehouse,task_const_e05,full_year,Warehouse-0518,-131201.8,-131201.8
Warehouse,task_const_e05,full_year,Warehouse-0519,-169580.6,-169580.6
Warehouse,task_const_e05,full_year,Warehouse-0523,-174153.2,-174153.2
Warehouse,task_const_e05,full_year,Warehouse-0531,-155104.7,-155104.7
Warehouse,task_const_e05,full_year,Warehouse-0543,-145359.9,-145359.9
Warehouse,task_const_e05,full_year,Warehouse-0547,-115039.6,-115039.6
Warehouse,task_const_e05,full_year,Warehouse-0548,-156688.3,-156688.3
Warehouse,task_const_e05,full_year,Warehouse-0550,-111831.7,-111831.7
Warehouse,task_const_e05,full_year,Warehouse-0552,-142035.9,-142035.9
Warehouse,task_const_e05,full_year,Warehouse-0560,-183339.9,-183339.9
Warehouse,task_const_e05,full_year,Warehouse-0584,-162623.9,-162623.9
Warehouse,task_const_e05,full_year,Warehouse-0609,-937998.7,-937998.7
Warehouse,task_const_e05,full_year,Warehouse-0615,-213411.8,-213411.8
Warehouse,task_const_e05,full_year,Warehouse-0625,-130130.0,-130130.0
Warehouse,task_const_e05,full_year,Warehouse-0646,-134561.3,-134561.3
Warehouse,task_const_e05,full_year,Warehouse-0647,-106360.8,-106360.8
Warehouse,task_const_e05,full_year,Warehouse-0648,-129762.2,-129762.2
Warehouse,task_const_e05,full_year,Warehouse-0665,-783575.1,-783575.1
Warehouse,task_const_e05,full_year,Warehouse-0680,-197700.5,-197700.5
Warehouse,task_const_e05,full_year,Warehouse-0682,-288049.2,-288049.2
Warehouse,task_const_e05,full_year,Warehouse-0685,-106243.5,-106243.5
Warehouse,task_const_e05,full_year,Warehouse-0702,-132344.9,-132344.9
Warehouse,task_const_e05,full_year,Warehouse-0704,-199555.8,-199555.8
Warehouse,task_const_e05,full_year,Warehouse-0711,-178587.9,-178587.9
Warehouse,task_const_e05,full_year,Warehouse-0730,-128777.6,-128777.6
Warehouse,task_const_e05,full_year,Warehouse-0742,-210101.6,-210101.6
Warehouse,task_const_e05,full_year,Warehouse-0772,-134054.7,-134054.7
Warehouse,task_const_e05,full_year,Warehouse-0792,-112258.5,-112258.5
Warehouse,task_const_e05,full_year,Warehouse-0797,-163727.8,-163727.8
Warehouse,task_const_e05,full_year,Warehouse-0809,-153994.9,-153994.9
Warehouse,task_const_e05,full_year,Warehouse-0827,-174873.8,-174873.8
Warehouse,task_const_e05,full_year,Warehouse-0868,-186767.0,-186767.0
Warehouse,task_const_e05,full_year,Warehouse-0876,-139344.1,-139344.1
Warehouse,task_const_e05,full_year,Warehouse-0898,-147680.1,-147680.1
Warehouse,task_const_e05,full_year,Warehouse-0903,-174372.9,-174372.9
Warehouse,task_const_e05,full_year,Warehouse-0909,-181321.8,-181321.8
Warehouse,task_const_e05,full_year,Warehouse-0919,-258589.3,-258589.3
Warehouse,task_const_e05,full_year,Warehouse-0944,-149278.8,-149278.8
Warehouse,task_const_e05,full_year,Warehouse-0951,-234392.7,-234392.7
Warehouse,task_const_e05,full_year,Warehouse-0956,-166057.8,-166057.8
Warehouse,task_const_e05,full_year,Warehouse-0966,-382496.2,-382496.2
Warehouse,task_const_e05,full_year,Warehouse-0979,-138181.6,-138181.6
Warehouse,task_const_e05,full_year,Warehouse-0981,-144966.4,-144966.4
Warehouse,task_const_e05,full_year,Warehouse-0993,-280605.5,-280605.5
Warehouse,task_const_e05,full_year,Warehouse-0995,-144700.1,-144700.1
Warehouse,task_const_e05,full_year,Warehouse-0997,-184374.7,-184374.7
Warehouse,task_const_e05,full_year,Warehouse-0998,-171131.8,-171131.8
Warehouse,task_const_e05,full_year,Warehouse-0999,-135462.8,-135462.8
Warehouse,task_const_e05,full_year,Warehouse-1000,-806939.4,-806939.4
Warehouse,task_const_e05,summer,Warehouse-0015,-48367.8,-48367.8
Warehouse,task_const_e05,summer,Warehouse-0027,-668359.7,-668359.7
Warehouse,task_const_e05,summer,Warehouse-0033,-56586.7,-56586.7
Warehouse,task_const_e05,summer,Warehouse-0035,-342108.0,-342108.0
Warehouse,task_const_e05,summer,Warehouse-0038,-326737.9,-326737.9
Warehouse,task_const_e05,summer,Warehouse-0043,-36612.0,-36612.0
Warehouse,task_const_e05,summer,Warehouse-0074,-61324.1,-61324.1
Warehouse,task_const_e05,summer,Warehouse-0078,-894539.5,-894539.5
Warehouse,task_const_e05,summer,Warehouse-0083,-45264.6,-45264.6
Warehouse,task_const_e05,summer,Warehouse-0099,-59233.6,-59233.6
Warehouse,task_const_e05,summer,Warehouse-0113,-176837.1,-176837.1
Warehouse,task_const_e05,summer,Warehouse-0131,-272581.0,-272581.0
Warehouse,task_const_e05,summer,Warehouse-0135,-408843.7,-408843.7
Warehouse,task_const_e05,summer,Warehouse-0145,-485346.1,-485346.1
Warehouse,task_const_e05,summer,Warehouse-0160,-701909.4,-701909.4
Warehouse,task_const_e05,summer,Warehouse-0165,-55381.9,-55381.9
Warehouse,task_const_e05,summer,Warehouse-0170,-459585.6,-459585.6
Warehouse,task_const_e05,summer,Warehouse-0185,-340860.1,-340860.1
Warehouse,task_const_e05,summer,Warehouse-0190,-2166586.7,-2166586.7
Warehouse,task_const_e05,summer,Warehouse-0207,-422170.8,-422170.8
Warehouse,task_const_e05,summer,Warehouse-0209,-1184957.2,-1184957.2
Warehouse,task_const_e05,summer,Warehouse-0212,-257978.2,-257978.2
Warehouse,task_const_e05,summer,Warehouse-0218,-1176109.6,-1176109.6
Warehouse,task_const_e05,summer,Warehouse-0251,-331586.4,-331586.4
Warehouse,task_const_e05,summer,Warehouse-0274,-223042.2,-223042.2
Warehouse,task_const_e05,summer,Warehouse-0286,-711357.9,-711357.9
Warehouse,task_const_e05,summer,Warehouse-0288,-86270.0,-86270.0
Warehouse,task_const_e05,summer,Warehouse-0314,-716680.7,-716680.7
Warehouse,task_const_e05,summer,Warehouse-0317,-288673.7,-288673.7
Warehouse,task_const_e05,summer,Warehouse-0322,-1206734.8,-1206734.8
Warehouse,task_const_e05,summer,Warehouse-0338,-453178.1,-453178.1
Warehouse,task_const_e05,summer,Warehouse-0394,-1133951.3,-1133951.3
Warehouse,task_const_e05,summer,Warehouse-0401,-139789.2,-139789.2
Warehouse,task_const_e05,summer,Warehouse-0424,-737975.8,-737975.8
Warehouse,task_const_e05,summer,Warehouse-0425,-38318.5,-38318.5
Warehouse,task_const_e05,summer,Warehouse-0428,-865979.4,-865979.4
Warehouse,task_const_e05,summer,Warehouse-0433,-152909.4,-152909.4
Warehouse,task_const_e05,summer,Warehouse-0440,-37946.7,-37946.7
Warehouse,task_const_e05,summer,Warehouse-0448,-418881.6,-418881.6
Warehouse,task_const_e05,summer,Warehouse-0450,-83252.5,-83252.5
Warehouse,task_const_e05,summer,Warehouse-0452,-45202.3,-45202.3
Warehouse,task_const_e05,summer,Warehouse-0457,-31319.4,-31319.4
Warehouse,task_const_e05,summer,Warehouse-0462,-33407.9,-33407.9
Warehouse,task_const_e05,summer,Warehouse-0469,-759448.5,-759448.5
Warehouse,task_const_e05,summer,Warehouse-0475,-266104.6,-266104.6
Warehouse,task_const_e05,summer,Warehouse-0479,-743496.8,-743496.8
Warehouse,task_const_e05,summer,Warehouse-0488,-358764.0,-358764.0
Warehouse,task_const_e05,summer,Warehouse-0493,-25383.1,-25383.1
Warehouse,task_const_e05,summer,Warehouse-0500,-59077.2,-59077.2
Warehouse,task_const_e05,summer,Warehouse-0511,-341624.7,-341624.7
Warehouse,task_const_e05,summer,Warehouse-0514,-639543.7,-639543.7
Warehouse,task_const_e05,summer,Warehouse-0518,-38443.4,-38443.4
Warehouse,task_const_e05,summer,Warehouse-0519,-28072.2,-28072.2
Warehouse,task_const_e05,summer,Warehouse-0523,-860600.3,-860600.3
Warehouse,task_const_e05,summer,Warehouse-0531,-145623.0,-145623.0
Warehouse,task_const_e05,summer,Warehouse-0543,-141572.4,-141572.4
Warehouse,task_const_e05,summer,Warehouse-0547,-35582.5,-35582.5
Warehouse,task_const_e05,summer,Warehouse-0548,-143130.1,-143130.1
Warehouse,task_const_e05,summer,Warehouse-0550,-32725.6,-32725.6
Warehouse,task_const_e05,summer,Warehouse-0552,-39508.0,-39508.0
Warehouse,task_const_e05,summer,Warehouse-0560,-627379.3,-627379.3
Warehouse,task_const_e05,summer,Warehouse-0584,-287424.4,-287424.4
Warehouse,task_const_e05,summer,Warehouse-0609,-2214096.8,-2214096.8
Warehouse,task_const_e05,summer,Warehouse-0615,-930876.7,-930876.7
Warehouse,task_const_e05,summer,Warehouse-0625,-98074.0,-98074.0
Warehouse,task_const_e05,summer,Warehouse-0646,-212865.8,-212865.8
Warehouse,task_const_e05,summer,Warehouse-0647,-456174.1,-456174.1
Warehouse,task_const_e05,summer,Warehouse-0648,-193870.4,-193870.4
Warehouse,task_const_e05,summer,Warehouse-0665,-1520665.5,-1520665.5
Warehouse,task_const_e05,summer,Warehouse-0680,-878288.1,-878288.1
Warehouse,task_const_e05,summer,Warehouse-0682,-1150367.7,-1150367.7
Warehouse,task_const_e05,summer,Warehouse-0685,-72120.0,-72120.0
Warehouse,task_const_e05,summer,Warehouse-0702,-100193.6,-100193.6
Warehouse,task_const_e05,summer,Warehouse-0704,-568717.4,-568717.4
Warehouse,task_const_e05,summer,Warehouse-0711,-266500.8,-266500.8
Warehouse,task_const_e05,summer,Warehouse-0730,-56718.8,-56718.8
Warehouse,task_const_e05,summer,Warehouse-0742,-34920.8,-34920.8
Warehouse,task_const_e05,summer,Warehouse-0772,-226645.9,-226645.9
Warehouse,task_const_e05,summer,Warehouse-0792,-33355.9,-33355.9
Warehouse,task_const_e05,summer,Warehouse-0797,-83814.5,-83814.5
Warehouse,task_const_e05,summer,Warehouse-0809,-25230.1,-25230.1
Warehouse,task_const_e05,summer,Warehouse-0827,-863796.0,-863796.0
Warehouse,task_const_e05,summer,Warehouse-0868,-626940.6,-626940.6
Warehouse,task_const_e05,summer,Warehouse-0876,-194262.8,-194262.8
Warehouse,task_const_e05,summer,Warehouse-0898,-129151.2,-129151.2
Warehouse,task_const_e05,summer,Warehouse-0903,-79764.0,-79764.0
Warehouse,task_const_e05,summer,Warehouse-0909,-591089.9,-591089.9
Warehouse,task_const_e05,summer,Warehouse-0919,-1158929.7,-1158929.7
Warehouse,task_const_e05,summer,Warehouse-0944,-123800.1,-123800.1
Warehouse,task_const_e05,summer,Warehouse-0951,-966066.0,-966066.0
Warehouse,task_const_e05,summer,Warehouse-0956,-151789.5,-151789.5
Warehouse,task_const_e05,summer,Warehouse-0966,-1242045.1,-1242045.1
Warehouse,task_const_e05,summer,Warehouse-0979,-177931.3,-177931.3
Warehouse,task_const_e05,summer,Warehouse-0981,-337709.9,-337709.9
Warehouse,task_const_e05,summer,Warehouse-0993,-772079.0,-772079.0
Warehouse,task_const_e05,summer,Warehouse-0995,-157219.9,-157219.9
Warehouse,task_const_e05,summer,Warehouse-0997,-589200.4,-589200.4
Warehouse,task_const_e05,summer,Warehouse-0998,-581637.7,-581637.7
Warehouse,task_const_e05,summer,Warehouse-0999,-42122.6,-42122.6
Warehouse,task_const_e05,summer,Warehouse-1000,-776190.1,-776190.1
Warehouse,task_const_e05,winter,Warehouse-0015,-30303.3,-30303.3
Warehouse,task_const_e05,winter,Warehouse-0027,-33725.0,-33725.0
Warehouse,task_const_e05,winter,Warehouse-0033,-31975.1,-31975.1
Warehouse,task_const_e05,winter,Warehouse-0035,-41570.5,-41570.5
Warehouse,task_const_e05,winter,Warehouse-0038,-40484.7,-40484.7
Warehouse,task_const_e05,winter,Warehouse-0043,-96699.8,-96699.8
Warehouse,task_const_e05,winter,Warehouse-0074,-29609.1,-29609.1
Warehouse,task_const_e05,winter,Warehouse-0078,-186216.4,-186216.4
Warehouse,task_const_e05,winter,Warehouse-0083,-30843.2,-30843.2
Warehouse,task_const_e05,winter,Warehouse-0099,-30768.3,-30768.3
Warehouse,task_const_e05,winter,Warehouse-0113,-32716.3,-32716.3
Warehouse,task_const_e05,winter,Warehouse-0131,-25040.2,-25040.2
Warehouse,task_const_e05,winter,Warehouse-0135,-25313.7,-25313.7
Warehouse,task_const_e05,winter,Warehouse-0145,-22888.2,-22888.2
Warehouse,task_const_e05,winter,Warehouse-0160,-54792.0,-54792.0
Warehouse,task_const_e05,winter,Warehouse-0165,-35618.0,-35618.0
Warehouse,task_const_e05,winter,Warehouse-0170,-32959.7,-32959.7
Warehouse,task_const_e05,winter,Warehouse-0185,-34751.7,-34751.7
Warehouse,task_const_e05,winter,Warehouse-0190,-150676.8,-150676.8
Warehouse,task_const_e05,winter,Warehouse-0207,-27812.1,-27812.1
Warehouse,task_const_e05,winter,Warehouse-0209,-36879.3,-36879.3
Warehouse,task_const_e05,winter,Warehouse-0212,-44231.4,-44231.4
Warehouse,task_const_e05,winter,Warehouse-0218,-58209.8,-58209.8
Warehouse,task_const_e05,winter,Warehouse-0251,-30767.2,-30767.2
Warehouse,task_const_e05,winter,Warehouse-0274,-30234.3,-30234.3
Warehouse,task_const_e05,winter,Warehouse-0286,-190094.0,-190094.0
Warehouse,task_const_e05,winter,Warehouse-0288,-46194.9,-46194.9
Warehouse,task_const_e05,winter,Warehouse-0314,-81487.5,-81487.5
Warehouse,task_const_e05,winter,Warehouse-0317,-39939.9,-39939.9
Warehouse,task_const_e05,winter,Warehouse-0322,-118302.6,-118302.6
Warehouse,task_const_e05,winter,Warehouse-0338,-23865.9,-23865.9
Warehouse,task_const_e05,winter,Warehouse-0394,-65038.2,-65038.2
Warehouse,task_const_e05,winter,Warehouse-0401,-35972.1,-35972.1
Warehouse,task_const_e05,winter,Warehouse-0424,-50586.7,-50586.7
Warehouse,task_const_e05,winter,Warehouse-0425,-30691.2,-30691.2
Warehouse,task_const_e05,winter,Warehouse-0428,-32078.2,-32078.2
Warehouse,task_const_e05,winter,Warehouse-0433,-36570.2,-36570.2
Warehouse,task_const_e05,winter,Warehouse-0440,-29380.8,-29380.8
Warehouse,task_const_e05,winter,Warehouse-0448,-27765.9,-27765.9
Warehouse,task_const_e05,winter,Warehouse-0450,-45564.5,-45564.5
Warehouse,task_const_e05,winter,Warehouse-0452,-34852.1,-34852.1
Warehouse,task_const_e05,winter,Warehouse-0457,-26138.3,-26138.3
Warehouse,task_const_e05,winter,Warehouse-0462,-91060.6,-91060.6
Warehouse,task_const_e05,winter,Warehouse-0469,-54130.6,-54130.6
Warehouse,task_const_e05,winter,Warehouse-0475,-43270.3,-43270.3
Warehouse,task_const_e05,winter,Warehouse-0479,-53129.7,-53129.7
Warehouse,task_const_e05,winter,Warehouse-0488,-34862.5,-34862.5
Warehouse,task_const_e05,winter,Warehouse-0493,-45263.8,-45263.8
Warehouse,task_const_e05,winter,Warehouse-0500,-33477.6,-33477.6
Warehouse,task_const_e05,winter,Warehouse-0511,-31655.3,-31655.3
Warehouse,task_const_e05,winter,Warehouse-0514,-33643.9,-33643.9
Warehouse,task_const_e05,winter,Warehouse-0518,-31535.5,-31535.5
Warehouse,task_const_e05,winter,Warehouse-0519,-61660.8,-61660.8
Warehouse,task_const_e05,winter,Warehouse-0523,-32099.3,-32099.3
Warehouse,task_const_e05,winter,Warehouse-0531,-43516.7,-43516.7
Warehouse,task_const_e05,winter,Warehouse-0543,-39121.3,-39121.3
Warehouse,task_const_e05,winter,Warehouse-0547,-25726.5,-25726.5
Warehouse,task_const_e05,winter,Warehouse-0548,-42950.1,-42950.1
Warehouse,task_const_e05,winter,Warehouse-0550,-25503.4,-25503.4
Warehouse,task_const_e05,winter,Warehouse-0552,-33232.7,-33232.7
Warehouse,task_const_e05,winter,Warehouse-0560,-34199.1,-34199.1
Warehouse,task_const_e05,winter,Warehouse-0584,-39645.9,-39645.9
Warehouse,task_const_e05,winter,Warehouse-0609,-145502.5,-145502.5
Warehouse,task_const_e05,winter,Warehouse-0615,-37641.2,-37641.2
Warehouse,task_const_e05,winter,Warehouse-0625,-41348.2,-41348.2
Warehouse,task_const_e05,winter,Warehouse-0646,-29340.9,-29340.9
Warehouse,task_const_e05,winter,Warehouse-0647,-23142.2,-23142.2
Warehouse,task_const_e05,winter,Warehouse-0648,-31655.8,-31655.8
Warehouse,task_const_e05,winter,Warehouse-0665,-166237.2,-166237.2
Warehouse,task_const_e05,winter,Warehouse-0680,-34792.6,-34792.6
Warehouse,task_const_e05,winter,Warehouse-0682,-67882.2,-67882.2
Warehouse,task_const_e05,winter,Warehouse-0685,-26909.2,-26909.2
Warehouse,task_const_e05,winter,Warehouse-0702,-43773.6,-43773.6
Warehouse,task_const_e05,winter,Warehouse-0704,-42407.0,-42407.0
Warehouse,task_const_e05,winter,Warehouse-0711,-41960.9,-41960.9
Warehouse,task_const_e05,winter,Warehouse-0730,-31393.9,-31393.9
Warehouse,task_const_e05,winter,Warehouse-0742,-82108.4,-82108.4
Warehouse,task_const_e05,winter,Warehouse-0772,-26544.7,-26544.7
Warehouse,task_const_e05,winter,Warehouse-0792,-25760.8,-25760.8
Warehouse,task_const_e05,winter,Warehouse-0797,-60301.3,-60301.3
Warehouse,task_const_e05,winter,Warehouse-0809,-54109.0,-54109.0
Warehouse,task_const_e05,winter,Warehouse-0827,-32217.0,-32217.0
Warehouse,task_const_e05,winter,Warehouse-0868,-35495.9,-35495.9
Warehouse,task_const_e05,winter,Warehouse-0876,-32486.4,-32486.4
Warehouse,task_const_e05,winter,Warehouse-0898,-34735.8,-34735.8
Warehouse,task_const_e05,winter,Warehouse-0903,-63865.2,-63865.2
Warehouse,task_const_e05,winter,Warehouse-0909,-36239.4,-36239.4
Warehouse,task_const_e05,winter,Warehouse-0919,-59698.7,-59698.7
Warehouse,task_const_e05,winter,Warehouse-0944,-40948.8,-40948.8
Warehouse,task_const_e05,winter,Warehouse-0951,-40985.0,-40985.0
Warehouse,task_const_e05,winter,Warehouse-0956,-39192.3,-39192.3
Warehouse,task_const_e05,winter,Warehouse-0966,-90371.4,-90371.4
Warehouse,task_const_e05,winter,Warehouse-0979,-36569.9,-36569.9
Warehouse,task_const_e05,winter,Warehouse-0981,-36861.2,-36861.2
Warehouse,task_const_e05,winter,Warehouse-0993,-48712.0,-48712.0
Warehouse,task_const_e05,winter,Warehouse-0995,-37575.7,-37575.7
Warehouse,task_const_e05,winter,Warehouse-0997,-37063.9,-37063.9
Warehouse,task_const_e05,winter,Warehouse-0998,-38143.9,-38143.9
Warehouse,task_const_e05,winter,Warehouse-0999,-30841.2,-30841.2
Warehouse,task_const_e05,winter,Warehouse-1000,-193960.2,-193960.2
Warehouse,task_occ_e0,full_year,Warehouse-0015,-2684.5,-2684.5
Warehouse,task_occ_e0,full_year,Warehouse-0027,-3086.2,-3086.2
Warehouse,task_occ_e0,full_year,Warehouse-0033,-4208.4,-4208.4
Warehouse,task_occ_e0,full_year,Warehouse-0035,-3893.4,-3893.4
Warehouse,task_occ_e0,full_year,Warehouse-0038,-3856.0,-3856.0
Warehouse,task_occ_e0,full_year,Warehouse-0043,-7815.9,-7815.9
Warehouse,task_occ_e0,full_year,Warehouse-0074,-3876.9,-3876.9
Warehouse,task_occ_e0,full_year,Warehouse-0078,-9780.4,-9780.4
Warehouse,task_occ_e0,full_year,Warehouse-0083,-2207.4,-2207.4
Warehouse,task_occ_e0,full_year,Warehouse-0099,-3981.0,-3981.0
Warehouse,task_occ_e0,full_year,Warehouse-0113,-2440.7,-2440.7
Warehouse,task_occ_e0,full_year,Warehouse-0131,-3280.4,-3280.4
Warehouse,task_occ_e0,full_year,Warehouse-0135,-2728.7,-2728.7
Warehouse,task_occ_e0,full_year,Warehouse-0145,-2793.7,-2793.7
Warehouse,task_occ_e0,full_year,Warehouse-0160,-4822.8,-4822.8
Warehouse,task_occ_e0,full_year,Warehouse-0165,-2474.6,-2474.6
Warehouse,task_occ_e0,full_year,Warehouse-0170,-4239.4,-4239.4
Warehouse,task_occ_e0,full_year,Warehouse-0185,-3478.4,-3478.4
Warehouse,task_occ_e0,full_year,Warehouse-0190,-11173.2,-11173.2
Warehouse,task_occ_e0,full_year,Warehouse-0207,-3442.2,-3442.2
Warehouse,task_occ_e0,full_year,Warehouse-0209,-3583.7,-3583.7
Warehouse,task_occ_e0,full_year,Warehouse-0212,-2430.7,-2430.7
Warehouse,task_occ_e0,full_year,Warehouse-0218,-3083.9,-3083.9
Warehouse,task_occ_e0,full_year,Warehouse-0251,-2849.5,-2849.5
Warehouse,task_occ_e0,full_year,Warehouse-0274,-2397.8,-2397.8
Warehouse,task_occ_e0,full_year,Warehouse-0286,-9745.2,-9745.2
Warehouse,task_occ_e0,full_year,Warehouse-0288,-6284.7,-6284.7
Warehouse,task_occ_e0,full_year,Warehouse-0314,-5808.2,-5808.2
Warehouse,task_occ_e0,full_year,Warehouse-0317,-2116.8,-2116.8
Warehouse,task_occ_e0,full_year,Warehouse-0322,-8217.1,-8217.1
Warehouse,task_occ_e0,full_year,Warehouse-0338,-3165.0,-3165.0
Warehouse,task_occ_e0,full_year,Warehouse-0394,-3270.6,-3270.6
Warehouse,task_occ_e0,full_year,Warehouse-0401,-2525.2,-2525.2
Warehouse,task_occ_e0,full_year,Warehouse-0424,-4977.5,-4977.5
Warehouse,task_occ_e0,full_year,Warehouse-0425,-2110.9,-2110.9
Warehouse,task_occ_e0,full_year,Warehouse-0428,-3098.3,-3098.3
Warehouse,task_occ_e0,full_year,Warehouse-0433,-2728.8,-2728.8
Warehouse,task_occ_e0,full_year,Warehouse-0440,-5879.3,-5879.3
Warehouse,task_occ_e0,full_year,Warehouse-0448,-3260.5,-3260.5
Warehouse,task_occ_e0,full_year,Warehouse-0450,-6202.6,-6202.6
Warehouse,task_occ_e0,full_year,Warehouse-0452,-2428.0,-2428.0
Warehouse,task_occ_e0,full_year,Warehouse-0457,-5378.3,-5378.3
Warehouse,task_occ_e0,full_year,Warehouse-0462,-7479.8,-7479.8
Warehouse,task_occ_e0,full_year,Warehouse-0469,-4911.8,-4911.8
Warehouse,task_occ_e0,full_year,Warehouse-0475,-2402.1,-2402.1
Warehouse,task_occ_e0,full_year,Warehouse-0479,-5322.2,-5322.2
Warehouse,task_occ_e0,full_year,Warehouse-0488,-3450.9,-3450.9
Warehouse,task_occ_e0,full_year,Warehouse-0493,-7272.2,-7272.2
Warehouse,task_occ_e0,full_year,Warehouse-0500,-4269.0,-4269.0
Warehouse,task_occ_e0,full_year,Warehouse-0511,-2970.3,-2970.3
Warehouse,task_occ_e0,full_year,Warehouse-0514,-3000.0,-3000.0
Warehouse,task_occ_e0,full_year,Warehouse-0518,-5645.4,-5645.4
Warehouse,task_occ_e0,full_year,Warehouse-0519,-6245.2,-6245.2
Warehouse,task_occ_e0,full_year,Warehouse-0523,-3356.0,-3356.0
Warehouse,task_occ_e0,full_year,Warehouse-0531,-4508.9,-4508.9
Warehouse,task_occ_e0,full_year,Warehouse-0543,-4401.9,-4401.9
Warehouse,task_occ_e0,full_year,Warehouse-0547,-6133.2,-6133.2
Warehouse,task_occ_e0,full_year,Warehouse-0548,-4550.3,-4550.3
Warehouse,task_occ_e0,full_year,Warehouse-0550,-5832.2,-5832.2
Warehouse,task_occ_e0,full_year,Warehouse-0552,-2083.0,-2083.0
Warehouse,task_occ_e0,full_year,Warehouse-0560,-2847.9,-2847.9
Warehouse,task_occ_e0,full_year,Warehouse-0584,-2155.8,-2155.8
Warehouse,task_occ_e0,full_year,Warehouse-0609,-11395.6,-11395.6
Warehouse,task_occ_e0,full_year,Warehouse-0615,-3084.0,-3084.0
Warehouse,task_occ_e0,full_year,Warehouse-0625,-6234.2,-6234.2
Warehouse,task_occ_e0,full_year,Warehouse-0646,-2325.3,-2325.3
Warehouse,task_occ_e0,full_year,Warehouse-0647,-2535.9,-2535.9
Warehouse,task_occ_e0,full_year,Warehouse-0648,-2423.5,-2423.5
Warehouse,task_occ_e0,full_year,Warehouse-0665,-10215.3,-10215.3
Warehouse,task_occ_e0,full_year,Warehouse-0680,-3723.9,-3723.9
Warehouse,task_occ_e0,full_year,Warehouse-0682,-3581.5,-3581.5
Warehouse,task_occ_e0,full_year,Warehouse-0685,-4338.5,-4338.5
Warehouse,task_occ_e0,full_year,Warehouse-0702,-6187.4,-6187.4
Warehouse,task_occ_e0,full_year,Warehouse-0704,-3051.3,-3051.3
Warehouse,task_occ_e0,full_year,Warehouse-0711,-2197.8,-2197.8
Warehouse,task_occ_e0,full_year,Warehouse-0730,-4241.5,-4241.5
Warehouse,task_occ_e0,full_year,Warehouse-0742,-7232.7,-7232.7
Warehouse,task_occ_e0,full_year,Warehouse-0772,-2796.8,-2796.8
Warehouse,task_occ_e0,full_year,Warehouse-0792,-5478.9,-5478.9
Warehouse,task_occ_e0,full_year,Warehouse-0797,-6686.8,-6686.8
Warehouse,task_occ_e0,full_year,Warehouse-0809,-5951.8,-5951.8
Warehouse,task_occ_e0,full_year,Warehouse-0827,-3389.2,-3389.2
Warehouse,task_occ_e0,full_year,Warehouse-0868,-3181.3,-3181.3
Warehouse,task_occ_e0,full_year,Warehouse-0876,-2552.8,-2552.8
Warehouse,task_occ_e0,full_year,Warehouse-0898,-2400.0,-2400.0
Warehouse,task_occ_e0,full_year,Warehouse-0903,-6843.3,-6843.3
Warehouse,task_occ_e0,full_year,Warehouse-0909,-3166.4,-3166.4
Warehouse,task_occ_e0,full_year,Warehouse-0919,-3194.3,-3194.3
Warehouse,task_occ_e0,full_year,Warehouse-0944,-4479.2,-4479.2
Warehouse,task_occ_e0,full_year,Warehouse-0951,-3473.0,-3473.0
Warehouse,task_occ_e0,full_year,Warehouse-0956,-2575.5,-2575.5
Warehouse,task_occ_e0,full_year,Warehouse-0966,-4006.8,-4006.8
Warehouse,task_occ_e0,full_year,Warehouse-0979,-4248.9,-4248.9
Warehouse,task_occ_e0,full_year,Warehouse-0981,-2058.2,-2058.2
Warehouse,task_occ_e0,full_year,Warehouse-0993,-5254.7,-5254.7
Warehouse,task_occ_e0,full_year,Warehouse-0995,-2528.0,-2528.0
Warehouse,task_occ_e0,full_year,Warehouse-0997,-3279.2,-3279.2
Warehouse,task_occ_e0,full_year,Warehouse-0998,-2880.4,-2880.4
Warehouse,task_occ_e0,full_year,Warehouse-0999,-2169.7,-2169.7
Warehouse,task_occ_e0,full_year,Warehouse-1000,-10101.5,-10101.5
Warehouse,task_occ_e0,summer,Warehouse-0015,-4649.4,-4649.4
Warehouse,task_occ_e0,summer,Warehouse-0027,-5261.4,-5261.4
Warehouse,task_occ_e0,summer,Warehouse-0033,-5582.5,-5582.5
Warehouse,task_occ_e0,summer,Warehouse-0035,-5481.7,-5481.7
Warehouse,task_occ_e0,summer,Warehouse-0038,-5447.9,-5447.9
Warehouse,task_occ_e0,summer,Warehouse-0043,-6047.1,-6047.1
Warehouse,task_occ_e0,summer,Warehouse-0074,-5406.3,-5406.3
Warehouse,task_occ_e0,summer,Warehouse-0078,-3237.4,-3237.4
Warehouse,task_occ_e0,summer,Warehouse-0083,-5033.5,-5033.5
Warehouse,task_occ_e0,summer,Warehouse-0099,-5279.7,-5279.7
Warehouse,task_occ_e0,summer,Warehouse-0113,-3513.8,-3513.8
Warehouse,task_occ_e0,summer,Warehouse-0131,-2550.8,-2550.8
Warehouse,task_occ_e0,summer,Warehouse-0135,-3018.0,-3018.0
Warehouse,task_occ_e0,summer,Warehouse-0145,-3900.7,-3900.7
Warehouse,task_occ_e0,summer,Warehouse-0160,-3961.6,-3961.6
Warehouse,task_occ_e0,summer,Warehouse-0165,-5410.3,-5410.3
Warehouse,task_occ_e0,summer,Warehouse-0170,-14443.8,-14443.8
Warehouse,task_occ_e0,summer,Warehouse-0185,-5198.3,-5198.3
Warehouse,task_occ_e0,summer,Warehouse-0190,-6512.6,-6512.6
Warehouse,task_occ_e0,summer,Warehouse-0207,-2963.9,-2963.9
Warehouse,task_occ_e0,summer,Warehouse-0209,-7716.0,-7716.0
Warehouse,task_occ_e0,summer,Warehouse-0212,-3380.0,-3380.0
Warehouse,task_occ_e0,summer,Warehouse-0218,-8579.2,-8579.2
Warehouse,task_occ_e0,summer,Warehouse-0251,-4776.6,-4776.6
Warehouse,task_occ_e0,summer,Warehouse-0274,-3820.1,-3820.1
Warehouse,task_occ_e0,summer,Warehouse-0286,-2597.1,-2597.1
Warehouse,task_occ_e0,summer,Warehouse-0288,-6802.2,-6802.2
Warehouse,task_occ_e0,summer,Warehouse-0314,-4434.2,-4434.2
Warehouse,task_occ_e0,summer,Warehouse-0317,-3216.6,-3216.6
Warehouse,task_occ_e0,summer,Warehouse-0322,-3957.2,-3957.2
Warehouse,task_occ_e0,summer,Warehouse-0338,-3786.4,-3786.4
Warehouse,task_occ_e0,summer,Warehouse-0394,-7898.2,-7898.2
Warehouse,task_occ_e0,summer,Warehouse-0401,-2045.9,-2045.9
Warehouse,task_occ_e0,summer,Warehouse-0424,-4205.8,-4205.8
Warehouse,task_occ_e0,summer,Warehouse-0425,-5350.9,-5350.9
Warehouse,task_occ_e0,summer,Warehouse-0428,-8449.0,-8449.0
Warehouse,task_occ_e0,summer,Warehouse-0433,-3122.0,-3122.0
Warehouse,task_occ_e0,summer,Warehouse-0440,-5406.5,-5406.5
Warehouse,task_occ_e0,summer,Warehouse-0448,-2906.7,-2906.7
Warehouse,task_occ_e0,summer,Warehouse-0450,-7193.7,-7193.7
Warehouse,task_occ_e0,summer,Warehouse-0452,-5586.6,-5586.6
Warehouse,task_occ_e0,summer,Warehouse-0457,-5560.6,-5560.6
Warehouse,task_occ_e0,summer,Warehouse-0462,-6159.5,-6159.5
Warehouse,task_occ_e0,summer,Warehouse-0469,-4661.1,-4661.1
Warehouse,task_occ_e0,summer,Warehouse-0475,-3301.2,-3301.2
Warehouse,task_occ_e0,summer,Warehouse-0479,-4324.6,-4324.6
Warehouse,task_occ_e0,summer,Warehouse-0488,-5256.9,-5256.9
Warehouse,task_occ_e0,summer,Warehouse-0493,-6999.9,-6999.9
Warehouse,task_occ_e0,summer,Warehouse-0500,-5729.0,-5729.0
Warehouse,task_occ_e0,summer,Warehouse-0511,-5044.2,-5044.2
Warehouse,task_occ_e0,summer,Warehouse-0514,-4873.7,-4873.7
Warehouse,task_occ_e0,summer,Warehouse-0518,-5424.6,-5424.6
Warehouse,task_occ_e0,summer,Warehouse-0519,-6134.5,-6134.5
Warehouse,task_occ_e0,summer,Warehouse-0523,-8241.3,-8241.3
Warehouse,task_occ_e0,summer,Warehouse-0531,-7163.7,-7163.7
Warehouse,task_occ_e0,summer,Warehouse-0543,-6871.4,-6871.4
Warehouse,task_occ_e0,summer,Warehouse-0547,-5539.9,-5539.9
Warehouse,task_occ_e0,summer,Warehouse-0548,-6876.4,-6876.4
Warehouse,task_occ_e0,summer,Warehouse-0550,-5600.9,-5600.9
Warehouse,task_occ_e0,summer,Warehouse-0552,-5459.8,-5459.8
Warehouse,task_occ_e0,summer,Warehouse-0560,-4640.5,-4640.5
Warehouse,task_occ_e0,summer,Warehouse-0584,-3480.1,-3480.1
Warehouse,task_occ_e0,summer,Warehouse-0609,-6558.7,-6558.7
Warehouse,task_occ_e0,summer,Warehouse-0615,-9006.0,-9006.0
Warehouse,task_occ_e0,summer,Warehouse-0625,-7766.0,-7766.0
Warehouse,task_occ_e0,summer,Warehouse-0646,-2045.4,-2045.4
Warehouse,task_occ_e0,summer,Warehouse-0647,-3656.5,-3656.5
Warehouse,task_occ_e0,summer,Warehouse-0648,-3516.9,-3516.9
Warehouse,task_occ_e0,summer,Warehouse-0665,-4525.5,-4525.5
Warehouse,task_occ_e0,summer,Warehouse-0680,-8350.7,-8350.7
Warehouse,task_occ_e0,summer,Warehouse-0682,-8532.3,-8532.3
Warehouse,task_occ_e0,summer,Warehouse-0685,-5057.3,-5057.3
Warehouse,task_occ_e0,summer,Warehouse-0702,-7570.1,-7570.1
Warehouse,task_occ_e0,summer,Warehouse-0704,-4197.9,-4197.9
Warehouse,task_occ_e0,summer,Warehouse-0711,-3144.8,-3144.8
Warehouse,task_occ_e0,summer,Warehouse-0730,-5740.6,-5740.6
Warehouse,task_occ_e0,summer,Warehouse-0742,-6089.4,-6089.4
Warehouse,task_occ_e0,summer,Warehouse-0772,-1976.5,-1976.5
Warehouse,task_occ_e0,summer,Warehouse-0792,-5239.6,-5239.6
Warehouse,task_occ_e0,summer,Warehouse-0797,-6903.9,-6903.9
Warehouse,task_occ_e0,summer,Warehouse-0809,-6894.5,-6894.5
Warehouse,task_occ_e0,summer,Warehouse-0827,-8986.0,-8986.0
Warehouse,task_occ_e0,summer,Warehouse-0868,-4631.0,-4631.0
Warehouse,task_occ_e0,summer,Warehouse-0876,-3264.5,-3264.5
Warehouse,task_occ_e0,summer,Warehouse-0898,-2075.8,-2075.8
Warehouse,task_occ_e0,summer,Warehouse-0903,-6687.8,-6687.8
Warehouse,task_occ_e0,summer,Warehouse-0909,-4142.6,-4142.6
Warehouse,task_occ_e0,summer,Warehouse-0919,-8145.1,-8145.1
Warehouse,task_occ_e0,summer,Warehouse-0944,-6825.9,-6825.9
Warehouse,task_occ_e0,summer,Warehouse-0951,-9681.0,-9681.0
Warehouse,task_occ_e0,summer,Warehouse-0956,-2351.5,-2351.5
Warehouse,task_occ_e0,summer,Warehouse-0966,-10312.3,-10312.3
Warehouse,task_occ_e0,summer,Warehouse-0979,-8222.9,-8222.9
Warehouse,task_occ_e0,summer,Warehouse-0981,-4305.7,-4305.7
Warehouse,task_occ_e0,summer,Warehouse-0993,-4818.4,-4818.4
Warehouse,task_occ_e0,summer,Warehouse-0995,-3138.4,-3138.4
Warehouse,task_occ_e0,summer,Warehouse-0997,-4093.9,-4093.9
Warehouse,task_occ_e0,summer,Warehouse-0998,-4000.0,-4000.0
Warehouse,task_occ_e0,summer,Warehouse-0999,-5329.7,-5329.7
Warehouse,task_occ_e0,summer,Warehouse-1000,-3436.4,-3436.4
Warehouse,task_occ_e0,winter,Warehouse-0015,-725.0,-725.0
Warehouse,task_occ_e0,winter,Warehouse-0027,-515.9,-515.9
Warehouse,task_occ_e0,winter,Warehouse-0033,-1445.3,-1445.3
Warehouse,task_occ_e0,winter,Warehouse-0035,-1184.2,-1184.2
Warehouse,task_occ_e0,winter,Warehouse-0038,-1184.0,-1184.0
Warehouse,task_occ_e0,winter,Warehouse-0043,-3294.7,-3294.7
Warehouse,task_occ_e0,winter,Warehouse-0074,-1339.9,-1339.9
Warehouse,task_occ_e0,winter,Warehouse-0078,-2505.9,-2505.9
Warehouse,task_occ_e0,winter,Warehouse-0083,-786.1,-786.1
Warehouse,task_occ_e0,winter,Warehouse-0099,-1379.2,-1379.2
Warehouse,task_occ_e0,winter,Warehouse-0113,-855.9,-855.9
Warehouse,task_occ_e0,winter,Warehouse-0131,-587.4,-587.4
Warehouse,task_occ_e0,winter,Warehouse-0135,-947.5,-947.5
Warehouse,task_occ_e0,winter,Warehouse-0145,-843.7,-843.7
Warehouse,task_occ_e0,winter,Warehouse-0160,-986.7,-986.7
Warehouse,task_occ_e0,winter,Warehouse-0165,-798.8,-798.8
Warehouse,task_occ_e0,winter,Warehouse-0170,-1459.5,-1459.5
Warehouse,task_occ_e0,winter,Warehouse-0185,-1034.4,-1034.4
Warehouse,task_occ_e0,winter,Warehouse-0190,-1974.4,-1974.4
Warehouse,task_occ_e0,winter,Warehouse-0207,-1124.5,-1124.5
Warehouse,task_occ_e0,winter,Warehouse-0209,-667.9,-667.9
Warehouse,task_occ_e0,winter,Warehouse-0212,-756.7,-756.7
Warehouse,task_occ_e0,winter,Warehouse-0218,-772.3,-772.3
Warehouse,task_occ_e0,winter,Warehouse-0251,-719.7,-719.7
Warehouse,task_occ_e0,winter,Warehouse-0274,-833.5,-833.5
Warehouse,task_occ_e0,winter,Warehouse-0286,-2600.1,-2600.1
Warehouse,task_occ_e0,winter,Warehouse-0288,-2381.6,-2381.6
Warehouse,task_occ_e0,winter,Warehouse-0314,-1150.5,-1150.5
Warehouse,task_occ_e0,winter,Warehouse-0317,-716.4,-716.4
Warehouse,task_occ_e0,winter,Warehouse-0322,-1690.3,-1690.3
Warehouse,task_occ_e0,winter,Warehouse-0338,-911.7,-911.7
Warehouse,task_occ_e0,winter,Warehouse-0394,-854.5,-854.5
Warehouse,task_occ_e0,winter,Warehouse-0401,-690.8,-690.8
Warehouse,task_occ_e0,winter,Warehouse-0424,-952.6,-952.6
Warehouse,task_occ_e0,winter,Warehouse-0425,-754.5,-754.5
Warehouse,task_occ_e0,winter,Warehouse-0428,-574.8,-574.8
Warehouse,task_occ_e0,winter,Warehouse-0433,-896.3,-896.3
Warehouse,task_occ_e0,winter,Warehouse-0440,-1049.4,-1049.4
Warehouse,task_occ_e0,winter,Warehouse-0448,-1116.3,-1116.3
Warehouse,task_occ_e0,winter,Warehouse-0450,-2293.6,-2293.6
Warehouse,task_occ_e0,winter,Warehouse-0452,-849.6,-849.6
Warehouse,task_occ_e0,winter,Warehouse-0457,-788.4,-788.4
Warehouse,task_occ_e0,winter,Warehouse-0462,-3159.4,-3159.4
Warehouse,task_occ_e0,winter,Warehouse-0469,-958.7,-958.7
Warehouse,task_occ_e0,winter,Warehouse-0475,-749.4,-749.4
Warehouse,task_occ_e0,winter,Warehouse-0479,-1039.5,-1039.5
Warehouse,task_occ_e0,winter,Warehouse-0488,-989.0,-989.0
Warehouse,task_occ_e0,winter,Warehouse-0493,-2094.7,-2094.7
Warehouse,task_occ_e0,winter,Warehouse-0500,-1436.7,-1436.7
Warehouse,task_occ_e0,winter,Warehouse-0511,-815.5,-815.5
Warehouse,task_occ_e0,winter,Warehouse-0514,-530.0,-530.0
Warehouse,task_occ_e0,winter,Warehouse-0518,-1069.7,-1069.7
Warehouse,task_occ_e0,winter,Warehouse-0519,-2405.7,-2405.7
Warehouse,task_occ_e0,winter,Warehouse-0523,-586.2,-586.2
Warehouse,task_occ_e0,winter,Warehouse-0531,-1573.4,-1573.4
Warehouse,task_occ_e0,winter,Warehouse-0543,-1502.0,-1502.0
Warehouse,task_occ_e0,winter,Warehouse-0547,-917.5,-917.5
Warehouse,task_occ_e0,winter,Warehouse-0548,-1532.2,-1532.2
Warehouse,task_occ_e0,winter,Warehouse-0550,-888.3,-888.3
Warehouse,task_occ_e0,winter,Warehouse-0552,-738.8,-738.8
Warehouse,task_occ_e0,winter,Warehouse-0560,-516.0,-516.0
Warehouse,task_occ_e0,winter,Warehouse-0584,-718.0,-718.0
Warehouse,task_occ_e0,winter,Warehouse-0609,-1911.6,-1911.6
Warehouse,task_occ_e0,winter,Warehouse-0615,-596.9,-596.9
Warehouse,task_occ_e0,winter,Warehouse-0625,-2219.3,-2219.3
Warehouse,task_occ_e0,winter,Warehouse-0646,-608.3,-608.3
Warehouse,task_occ_e0,winter,Warehouse-0647,-800.5,-800.5
Warehouse,task_occ_e0,winter,Warehouse-0648,-852.6,-852.6
Warehouse,task_occ_e0,winter,Warehouse-0665,-2234.4,-2234.4
Warehouse,task_occ_e0,winter,Warehouse-0680,-649.4,-649.4
Warehouse,task_occ_e0,winter,Warehouse-0682,-967.7,-967.7
Warehouse,task_occ_e0,winter,Warehouse-0685,-1304.1,-1304.1
Warehouse,task_occ_e0,winter,Warehouse-0702,-2293.3,-2293.3
Warehouse,task_occ_e0,winter,Warehouse-0704,-522.5,-522.5
Warehouse,task_occ_e0,winter,Warehouse-0711,-720.8,-720.8
Warehouse,task_occ_e0,winter,Warehouse-0730,-1410.6,-1410.6
Warehouse,task_occ_e0,winter,Warehouse-0742,-2984.9,-2984.9
Warehouse,task_occ_e0,winter,Warehouse-0772,-615.1,-615.1
Warehouse,task_occ_e0,winter,Warehouse-0792,-803.1,-803.1
Warehouse,task_occ_e0,winter,Warehouse-0797,-2700.0,-2700.0
Warehouse,task_occ_e0,winter,Warehouse-0809,-2261.2,-2261.2
Warehouse,task_occ_e0,winter,Warehouse-0827,-609.7,-609.7
Warehouse,task_occ_e0,winter,Warehouse-0868,-520.4,-520.4
Warehouse,task_occ_e0,winter,Warehouse-0876,-875.0,-875.0
Warehouse,task_occ_e0,winter,Warehouse-0898,-678.0,-678.0
Warehouse,task_occ_e0,winter,Warehouse-0903,-2704.1,-2704.1
Warehouse,task_occ_e0,winter,Warehouse-0909,-519.1,-519.1
Warehouse,task_occ_e0,winter,Warehouse-0919,-917.7,-917.7
Warehouse,task_occ_e0,winter,Warehouse-0944,-1559.9,-1559.9
Warehouse,task_occ_e0,winter,Warehouse-0951,-640.3,-640.3
Warehouse,task_occ_e0,winter,Warehouse-0956,-708.8,-708.8
Warehouse,task_occ_e0,winter,Warehouse-0966,-1023.8,-1023.8
Warehouse,task_occ_e0,winter,Warehouse-0979,-1454.6,-1454.6
Warehouse,task_occ_e0,winter,Warehouse-0981,-704.3,-704.3
Warehouse,task_occ_e0,winter,Warehouse-0993,-1036.8,-1036.8
Warehouse,task_occ_e0,winter,Warehouse-0995,-912.3,-912.3
Warehouse,task_occ_e0,winter,Warehouse-0997,-523.5,-523.5
Warehouse,task_occ_e0,winter,Warehouse-0998,-526.4,-526.4
Warehouse,task_occ_e0,winter,Warehouse-0999,-776.5,-776.5
Warehouse,task_occ_e0,winter,Warehouse-1000,-2635.0,-2635.0
Warehouse,task_occ_e05,full_year,Warehouse-0015,-171156.1,-171156.1
Warehouse,task_occ_e05,full_year,Warehouse-0027,-231374.3,-231374.3
Warehouse,task_occ_e05,full_year,Warehouse-0033,-149467.0,-149467.0
Warehouse,task_occ_e05,full_year,Warehouse-0035,-271253.3,-271253.3
Warehouse,task_occ_e05,full_year,Warehouse-0038,-260397.3,-260397.3
Warehouse,task_occ_e05,full_year,Warehouse-0043,-205433.2,-205433.2
Warehouse,task_occ_e05,full_year,Warehouse-0074,-135715.2,-135715.2
Warehouse,task_occ_e05,full_year,Warehouse-0078,-1119778.9,-1119778.9
Warehouse,task_occ_e05,full_year,Warehouse-0083,-154610.5,-154610.5
Warehouse,task_occ_e05,full_year,Warehouse-0099,-141346.8,-141346.8
Warehouse,task_occ_e05,full_year,Warehouse-0113,-146815.1,-146815.1
Warehouse,task_occ_e05,full_year,Warehouse-0131,-227040.7,-227040.7
Warehouse,task_occ_e05,full_year,Warehouse-0135,-149003.9,-149003.9
Warehouse,task_occ_e05,full_year,Warehouse-0145,-142251.8,-142251.8
Warehouse,task_occ_e05,full_year,Warehouse-0160,-413227.0,-413227.0
Warehouse,task_occ_e05,full_year,Warehouse-0165,-186828.1,-186828.1
Warehouse,task_occ_e05,full_year,Warehouse-0170,-146325.5,-146325.5
Warehouse,task_occ_e05,full_year,Warehouse-0185,-227284.7,-227284.7
Warehouse,task_occ_e05,full_year,Warehouse-0190,-1272477.0,-1272477.0
Warehouse,task_occ_e05,full_year,Warehouse-0207,-177379.0,-177379.0
Warehouse,task_occ_e05,full_year,Warehouse-0209,-306930.3,-306930.3
Warehouse,task_occ_e05,full_year,Warehouse-0212,-221387.9,-221387.9
Warehouse,task_occ_e05,full_year,Warehouse-0218,-301310.5,-301310.5
Warehouse,task_occ_e05,full_year,Warehouse-0251,-192320.3,-192320.3
Warehouse,task_occ_e05,full_year,Warehouse-0274,-144306.2,-144306.2
Warehouse,task_occ_e05,full_year,Warehouse-0286,-1118688.4,-1118688.4
Warehouse,task_occ_e05,full_year,Warehouse-0288,-153601.1,-153601.1
Warehouse,task_occ_e05,full_year,Warehouse-0314,-516652.5,-516652.5
Warehouse,task_occ_e05,full_year,Warehouse-0317,-176224.8,-176224.8
Warehouse,task_occ_e05,full_year,Warehouse-0322,-946516.6,-946516.6
Warehouse,task_occ_e05,full_year,Warehouse-0338,-157411.1,-157411.1
Warehouse,task_occ_e05,full_year,Warehouse-0394,-310339.3,-310339.3
Warehouse,task_occ_e05,full_year,Warehouse-0401,-195365.6,-195365.6
Warehouse,task_occ_e05,full_year,Warehouse-0424,-418545.8,-418545.8
Warehouse,task_occ_e05,full_year,Warehouse-0425,-149163.9,-149163.9
Warehouse,task_occ_e05,full_year,Warehouse-0428,-239756.9,-239756.9
Warehouse,task_occ_e05,full_year,Warehouse-0433,-183470.5,-183470.5
Warehouse,task_occ_e05,full_year,Warehouse-0440,-314191.9,-314191.9
Warehouse,task_occ_e05,full_year,Warehouse-0448,-171241.8,-171241.8
Warehouse,task_occ_e05,full_year,Warehouse-0450,-153007.5,-153007.5
Warehouse,task_occ_e05,full_year,Warehouse-0452,-176773.4,-176773.4
Warehouse,task_occ_e05,full_year,Warehouse-0457,-289660.7,-289660.7
Warehouse,task_occ_e05,full_year,Warehouse-0462,-195683.1,-195683.1
Warehouse,task_occ_e05,full_year,Warehouse-0469,-418853.6,-418853.6
Warehouse,task_occ_e05,full_year,Warehouse-0475,-211429.7,-211429.7
Warehouse,task_occ_e05,full_year,Warehouse-0479,-440785.1,-440785.1
Warehouse,task_occ_e05,full_year,Warehouse-0488,-230066.3,-230066.3
Warehouse,task_occ_e05,full_year,Warehouse-0493,-175898.9,-175898.9
Warehouse,task_occ_e05,full_year,Warehouse-0500,-157668.2,-157668.2
Warehouse,task_occ_e05,full_year,Warehouse-0511,-200450.1,-200450.1
Warehouse,task_occ_e05,full_year,Warehouse-0514,-226758.6,-226758.6
Warehouse,task_occ_e05,full_year,Warehouse-0518,-306953.2,-306953.2
Warehouse,task_occ_e05,full_year,Warehouse-0519,-163476.1,-163476.1
Warehouse,task_occ_e05,full_year,Warehouse-0523,-253961.0,-253961.0
Warehouse,task_occ_e05,full_year,Warehouse-0531,-171023.1,-171023.1
Warehouse,task_occ_e05,full_year,Warehouse-0543,-164889.1,-164889.1
Warehouse,task_occ_e05,full_year,Warehouse-0547,-320914.6,-320914.6
Warehouse,task_occ_e05,full_year,Warehouse-0548,-171005.6,-171005.6
Warehouse,task_occ_e05,full_year,Warehouse-0550,-307410.2,-307410.2
Warehouse,task_occ_e05,full_year,Warehouse-0552,-157357.1,-157357.1
Warehouse,task_occ_e05,full_year,Warehouse-0560,-221071.9,-221071.9
Warehouse,task_occ_e05,full_year,Warehouse-0584,-180975.7,-180975.7
Warehouse,task_occ_e05,full_year,Warehouse-0609,-1297113.9,-1297113.9
Warehouse,task_occ_e05,full_year,Warehouse-0615,-271803.7,-271803.7
Warehouse,task_occ_e05,full_year,Warehouse-0625,-147899.2,-147899.2
Warehouse,task_occ_e05,full_year,Warehouse-0646,-172368.6,-172368.6
Warehouse,task_occ_e05,full_year,Warehouse-0647,-133025.9,-133025.9
Warehouse,task_occ_e05,full_year,Warehouse-0648,-147679.7,-147679.7
Warehouse,task_occ_e05,full_year,Warehouse-0665,-1162767.1,-1162767.1
Warehouse,task_occ_e05,full_year,Warehouse-0680,-283718.1,-283718.1
Warehouse,task_occ_e05,full_year,Warehouse-0682,-341418.2,-341418.2
Warehouse,task_occ_e05,full_year,Warehouse-0685,-138981.0,-138981.0
Warehouse,task_occ_e05,full_year,Warehouse-0702,-147874.9,-147874.9
Warehouse,task_occ_e05,full_year,Warehouse-0704,-271481.3,-271481.3
Warehouse,task_occ_e05,full_year,Warehouse-0711,-197149.0,-197149.0
Warehouse,task_occ_e05,full_year,Warehouse-0730,-149314.2,-149314.2
Warehouse,task_occ_e05,full_year,Warehouse-0742,-190253.7,-190253.7
Warehouse,task_occ_e05,full_year,Warehouse-0772,-199753.7,-199753.7
Warehouse,task_occ_e05,full_year,Warehouse-0792,-292470.8,-292470.8
Warehouse,task_occ_e05,full_year,Warehouse-0797,-169461.5,-169461.5
Warehouse,task_occ_e05,full_year,Warehouse-0809,-155437.4,-155437.4
Warehouse,task_occ_e05,full_year,Warehouse-0827,-251360.5,-251360.5
Warehouse,task_occ_e05,full_year,Warehouse-0868,-244496.1,-244496.1
Warehouse,task_occ_e05,full_year,Warehouse-0876,-157756.6,-157756.6
Warehouse,task_occ_e05,full_year,Warehouse-0898,-187300.8,-187300.8
Warehouse,task_occ_e05,full_year,Warehouse-0903,-178592.9,-178592.9
Warehouse,task_occ_e05,full_year,Warehouse-0909,-252888.3,-252888.3
Warehouse,task_occ_e05,full_year,Warehouse-0919,-298164.0,-298164.0
Warehouse,task_occ_e05,full_year,Warehouse-0944,-168214.8,-168214.8
Warehouse,task_occ_e05,full_year,Warehouse-0951,-301335.0,-301335.0
Warehouse,task_occ_e05,full_year,Warehouse-0956,-203687.0,-203687.0
Warehouse,task_occ_e05,full_year,Warehouse-0966,-430281.5,-430281.5
Warehouse,task_occ_e05,full_year,Warehouse-0979,-155721.8,-155721.8
Warehouse,task_occ_e05,full_year,Warehouse-0981,-162625.4,-162625.4
Warehouse,task_occ_e05,full_year,Warehouse-0993,-430467.7,-430467.7
Warehouse,task_occ_e05,full_year,Warehouse-0995,-161157.9,-161157.9
Warehouse,task_occ_e05,full_year,Warehouse-0997,-264323.1,-264323.1
Warehouse,task_occ_e05,full_year,Warehouse-0998,-237818.3,-237818.3
Warehouse,task_occ_e05,full_year,Warehouse-0999,-153764.2,-153764.2
Warehouse,task_occ_e05,full_year,Warehouse-1000,-1166364.8,-1166364.8
Warehouse,task_occ_e05,summer,Warehouse-0015,-181009.2,-181009.2
Warehouse,task_occ_e05,summer,Warehouse-0027,-284973.0,-284973.0
Warehouse,task_occ_e05,summer,Warehouse-0033,-216453.1,-216453.1
Warehouse,task_occ_e05,summer,Warehouse-0035,-227431.8,-227431.8
Warehouse,task_occ_e05,summer,Warehouse-0038,-223934.7,-223934.7
Warehouse,task_occ_e05,summer,Warehouse-0043,-205711.8,-205711.8
Warehouse,task_occ_e05,summer,Warehouse-0074,-207247.3,-207247.3
Warehouse,task_occ_e05,summer,Warehouse-0078,-329582.2,-329582.2
Warehouse,task_occ_e05,summer,Warehouse-0083,-196834.5,-196834.5
Warehouse,task_occ_e05,summer,Warehouse-0099,-204369.2,-204369.2
Warehouse,task_occ_e05,summer,Warehouse-0113,-168306.8,-168306.8
Warehouse,task_occ_e05,summer,Warehouse-0131,-142579.8,-142579.8
Warehouse,task_occ_e05,summer,Warehouse-0135,-152389.8,-152389.8
Warehouse,task_occ_e05,summer,Warehouse-0145,-186130.5,-186130.5
Warehouse,task_occ_e05,summer,Warehouse-0160,-306048.7,-306048.7
Warehouse,task_occ_e05,summer,Warehouse-0165,-220582.5,-220582.5
Warehouse,task_occ_e05,summer,Warehouse-0170,-530840.5,-530840.5
Warehouse,task_occ_e05,summer,Warehouse-0185,-208726.9,-208726.9
Warehouse,task_occ_e05,summer,Warehouse-0190,-649293.2,-649293.2
Warehouse,task_occ_e05,summer,Warehouse-0207,-151788.9,-151788.9
Warehouse,task_occ_e05,summer,Warehouse-0209,-579326.2,-579326.2
Warehouse,task_occ_e05,summer,Warehouse-0212,-145044.4,-145044.4
Warehouse,task_occ_e05,summer,Warehouse-0218,-652611.0,-652611.0
Warehouse,task_occ_e05,summer,Warehouse-0251,-191215.0,-191215.0
Warehouse,task_occ_e05,summer,Warehouse-0274,-181560.3,-181560.3
Warehouse,task_occ_e05,summer,Warehouse-0286,-268177.8,-268177.8
Warehouse,task_occ_e05,summer,Warehouse-0288,-228996.3,-228996.3
Warehouse,task_occ_e05,summer,Warehouse-0314,-350249.9,-350249.9
Warehouse,task_occ_e05,summer,Warehouse-0317,-129814.0,-129814.0
Warehouse,task_occ_e05,summer,Warehouse-0322,-398611.6,-398611.6
Warehouse,task_occ_e05,summer,Warehouse-0338,-180734.5,-180734.5
Warehouse,task_occ_e05,summer,Warehouse-0394,-602151.2,-602151.2
Warehouse,task_occ_e05,summer,Warehouse-0401,-124232.7,-124232.7
Warehouse,task_occ_e05,summer,Warehouse-0424,-322001.4,-322001.4
Warehouse,task_occ_e05,summer,Warehouse-0425,-208337.3,-208337.3
Warehouse,task_occ_e05,summer,Warehouse-0428,-456411.9,-456411.9
Warehouse,task_occ_e05,summer,Warehouse-0433,-160575.9,-160575.9
Warehouse,task_occ_e05,summer,Warehouse-0440,-210788.5,-210788.5
Warehouse,task_occ_e05,summer,Warehouse-0448,-149281.2,-149281.2
Warehouse,task_occ_e05,summer,Warehouse-0450,-241660.3,-241660.3
Warehouse,task_occ_e05,summer,Warehouse-0452,-221242.6,-221242.6
Warehouse,task_occ_e05,summer,Warehouse-0457,-214662.4,-214662.4
Warehouse,task_occ_e05,summer,Warehouse-0462,-209698.0,-209698.0
Warehouse,task_occ_e05,summer,Warehouse-0469,-357023.9,-357023.9
Warehouse,task_occ_e05,summer,Warehouse-0475,-138915.9,-138915.9
Warehouse,task_occ_e05,summer,Warehouse-0479,-330200.6,-330200.6
Warehouse,task_occ_e05,summer,Warehouse-0488,-211101.8,-211101.8
Warehouse,task_occ_e05,summer,Warehouse-0493,-232004.7,-232004.7
Warehouse,task_occ_e05,summer,Warehouse-0500,-224187.1,-224187.1
Warehouse,task_occ_e05,summer,Warehouse-0511,-200168.4,-200168.4
Warehouse,task_occ_e05,summer,Warehouse-0514,-265327.3,-265327.3
Warehouse,task_occ_e05,summer,Warehouse-0518,-212005.5,-212005.5
Warehouse,task_occ_e05,summer,Warehouse-0519,-208691.8,-208691.8
Warehouse,task_occ_e05,summer,Warehouse-0523,-444417.3,-444417.3
Warehouse,task_occ_e05,summer,Warehouse-0531,-271492.1,-271492.1
Warehouse,task_occ_e05,summer,Warehouse-0543,-260747.2,-260747.2
Warehouse,task_occ_e05,summer,Warehouse-0547,-212234.5,-212234.5
Warehouse,task_occ_e05,summer,Warehouse-0548,-261754.8,-261754.8
Warehouse,task_occ_e05,summer,Warehouse-0550,-214823.5,-214823.5
Warehouse,task_occ_e05,summer,Warehouse-0552,-215971.8,-215971.8
Warehouse,task_occ_e05,summer,Warehouse-0560,-253853.9,-253853.9
Warehouse,task_occ_e05,summer,Warehouse-0584,-139684.0,-139684.0
Warehouse,task_occ_e05,summer,Warehouse-0609,-653737.5,-653737.5
Warehouse,task_occ_e05,summer,Warehouse-0615,-496289.0,-496289.0
Warehouse,task_occ_e05,summer,Warehouse-0625,-258096.6,-258096.6
Warehouse,task_occ_e05,summer,Warehouse-0646,-118181.5,-118181.5
Warehouse,task_occ_e05,summer,Warehouse-0647,-175740.2,-175740.2
Warehouse,task_occ_e05,summer,Warehouse-0648,-168810.0,-168810.0
Warehouse,task_occ_e05,summer,Warehouse-0665,-454116.9,-454116.9
Warehouse,task_occ_e05,summer,Warehouse-0680,-453228.6,-453228.6
Warehouse,task_occ_e05,summer,Warehouse-0682,-650191.4,-650191.4
Warehouse,task_occ_e05,summer,Warehouse-0685,-192373.9,-192373.9
Warehouse,task_occ_e05,summer,Warehouse-0702,-252183.5,-252183.5
Warehouse,task_occ_e05,summer,Warehouse-0704,-244090.1,-244090.1
Warehouse,task_occ_e05,summer,Warehouse-0711,-130900.9,-130900.9
Warehouse,task_occ_e05,summer,Warehouse-0730,-222282.5,-222282.5
Warehouse,task_occ_e05,summer,Warehouse-0742,-207927.5,-207927.5
Warehouse,task_occ_e05,summer,Warehouse-0772,-113765.4,-113765.4
Warehouse,task_occ_e05,summer,Warehouse-0792,-202926.1,-202926.1
Warehouse,task_occ_e05,summer,Warehouse-0797,-234061.5,-234061.5
Warehouse,task_occ_e05,summer,Warehouse-0809,-229458.0,-229458.0
Warehouse,task_occ_e05,summer,Warehouse-0827,-482660.5,-482660.5
Warehouse,task_occ_e05,summer,Warehouse-0868,-254332.1,-254332.1
Warehouse,task_occ_e05,summer,Warehouse-0876,-158552.3,-158552.3
Warehouse,task_occ_e05,summer,Warehouse-0898,-125454.4,-125454.4
Warehouse,task_occ_e05,summer,Warehouse-0903,-232209.3,-232209.3
Warehouse,task_occ_e05,summer,Warehouse-0909,-232638.1,-232638.1
Warehouse,task_occ_e05,summer,Warehouse-0919,-619070.1,-619070.1
Warehouse,task_occ_e05,summer,Warehouse-0944,-259078.0,-259078.0
Warehouse,task_occ_e05,summer,Warehouse-0951,-532622.1,-532622.1
Warehouse,task_occ_e05,summer,Warehouse-0956,-142400.9,-142400.9
Warehouse,task_occ_e05,summer,Warehouse-0966,-793703.9,-793703.9
Warehouse,task_occ_e05,summer,Warehouse-0979,-307915.1,-307915.1
Warehouse,task_occ_e05,summer,Warehouse-0981,-166134.1,-166134.1
Warehouse,task_occ_e05,summer,Warehouse-0993,-364991.8,-364991.8
Warehouse,task_occ_e05,summer,Warehouse-0995,-152705.9,-152705.9
Warehouse,task_occ_e05,summer,Warehouse-0997,-231388.4,-231388.4
Warehouse,task_occ_e05,summer,Warehouse-0998,-226026.1,-226026.1
Warehouse,task_occ_e05,summer,Warehouse-0999,-208857.6,-208857.6
Warehouse,task_occ_e05,summer,Warehouse-1000,-350469.0,-350469.0
Warehouse,task_occ_e05,winter,Warehouse-0015,-45838.4,-45838.4
Warehouse,task_occ_e05,winter,Warehouse-0027,-46410.9,-46410.9
Warehouse,task_occ_e05,winter,Warehouse-0033,-47762.7,-47762.7
Warehouse,task_occ_e05,winter,Warehouse-0035,-69792.0,-69792.0
Warehouse,task_occ_e05,winter,Warehouse-0038,-68144.0,-68144.0
Warehouse,task_occ_e05,winter,Warehouse-0043,-76110.0,-76110.0
Warehouse,task_occ_e05,winter,Warehouse-0074,-43674.6,-43674.6
Warehouse,task_occ_e05,winter,Warehouse-0078,-312001.9,-312001.9
Warehouse,task_occ_e05,winter,Warehouse-0083,-49668.0,-49668.0
Warehouse,task_occ_e05,winter,Warehouse-0099,-45287.2,-45287.2
Warehouse,task_occ_e05,winter,Warehouse-0113,-47274.3,-47274.3
Warehouse,task_occ_e05,winter,Warehouse-0131,-42630.5,-42630.5
Warehouse,task_occ_e05,winter,Warehouse-0135,-45960.2,-45960.2
Warehouse,task_occ_e05,winter,Warehouse-0145,-40860.7,-40860.7
Warehouse,task_occ_e05,winter,Warehouse-0160,-82564.8,-82564.8
Warehouse,task_occ_e05,winter,Warehouse-0165,-53286.7,-53286.7
Warehouse,task_occ_e05,winter,Warehouse-0170,-47417.3,-47417.3
Warehouse,task_occ_e05,winter,Warehouse-0185,-59536.7,-59536.7
Warehouse,task_occ_e05,winter,Warehouse-0190,-251496.5,-251496.5
Warehouse,task_occ_e05,winter,Warehouse-0207,-53309.8,-53309.8
Warehouse,task_occ_e05,winter,Warehouse-0209,-58502.1,-58502.1
Warehouse,task_occ_e05,winter,Warehouse-0212,-60304.5,-60304.5
Warehouse,task_occ_e05,winter,Warehouse-0218,-74279.8,-74279.8
Warehouse,task_occ_e05,winter,Warehouse-0251,-44583.3,-44583.3
Warehouse,task_occ_e05,winter,Warehouse-0274,-45977.3,-45977.3
Warehouse,task_occ_e05,winter,Warehouse-0286,-323352.5,-323352.5
Warehouse,task_occ_e05,winter,Warehouse-0288,-53698.8,-53698.8
Warehouse,task_occ_e05,winter,Warehouse-0314,-103134.6,-103134.6
Warehouse,task_occ_e05,winter,Warehouse-0317,-54208.3,-54208.3
Warehouse,task_occ_e05,winter,Warehouse-0322,-214259.5,-214259.5
Warehouse,task_occ_e05,winter,Warehouse-0338,-43877.0,-43877.0
Warehouse,task_occ_e05,winter,Warehouse-0394,-79372.8,-79372.8
Warehouse,task_occ_e05,winter,Warehouse-0401,-50329.1,-50329.1
Warehouse,task_occ_e05,winter,Warehouse-0424,-79158.4,-79158.4
Warehouse,task_occ_e05,winter,Warehouse-0425,-47944.2,-47944.2
Warehouse,task_occ_e05,winter,Warehouse-0428,-46432.0,-46432.0
Warehouse,task_occ_e05,winter,Warehouse-0433,-52483.5,-52483.5
Warehouse,task_occ_e05,winter,Warehouse-0440,-57287.5,-57287.5
Warehouse,task_occ_e05,winter,Warehouse-0448,-53250.7,-53250.7
Warehouse,task_occ_e05,winter,Warehouse-0450,-52144.0,-52144.0
Warehouse,task_occ_e05,winter,Warehouse-0452,-54787.4,-54787.4
Warehouse,task_occ_e05,winter,Warehouse-0457,-45517.7,-45517.7
Warehouse,task_occ_e05,winter,Warehouse-0462,-73302.5,-73302.5
Warehouse,task_occ_e05,winter,Warehouse-0469,-80412.2,-80412.2
Warehouse,task_occ_e05,winter,Warehouse-0475,-59080.8,-59080.8
Warehouse,task_occ_e05,winter,Warehouse-0479,-84505.4,-84505.4
Warehouse,task_occ_e05,winter,Warehouse-0488,-58748.1,-58748.1
Warehouse,task_occ_e05,winter,Warehouse-0493,-49605.0,-49605.0
Warehouse,task_occ_e05,winter,Warehouse-0500,-48283.9,-48283.9
Warehouse,task_occ_e05,winter,Warehouse-0511,-49779.4,-49779.4
Warehouse,task_occ_e05,winter,Warehouse-0514,-46988.7,-46988.7
Warehouse,task_occ_e05,winter,Warehouse-0518,-59277.2,-59277.2
Warehouse,task_occ_e05,winter,Warehouse-0519,-56630.6,-56630.6
Warehouse,task_occ_e05,winter,Warehouse-0523,-47080.0,-47080.0
Warehouse,task_occ_e05,winter,Warehouse-0531,-54456.5,-54456.5
Warehouse,task_occ_e05,winter,Warehouse-0543,-51508.1,-51508.1
Warehouse,task_occ_e05,winter,Warehouse-0547,-50872.3,-50872.3
Warehouse,task_occ_e05,winter,Warehouse-0548,-53119.5,-53119.5
Warehouse,task_occ_e05,winter,Warehouse-0550,-49525.2,-49525.2
Warehouse,task_occ_e05,winter,Warehouse-0552,-49379.2,-49379.2
Warehouse,task_occ_e05,winter,Warehouse-0560,-46671.3,-46671.3
Warehouse,task_occ_e05,winter,Warehouse-0584,-54657.7,-54657.7
Warehouse,task_occ_e05,winter,Warehouse-0609,-243995.6,-243995.6
Warehouse,task_occ_e05,winter,Warehouse-0615,-52883.5,-52883.5
Warehouse,task_occ_e05,winter,Warehouse-0625,-49758.0,-49758.0
Warehouse,task_occ_e05,winter,Warehouse-0646,-44022.4,-44022.4
Warehouse,task_occ_e05,winter,Warehouse-0647,-39222.4,-39222.4
Warehouse,task_occ_e05,winter,Warehouse-0648,-47402.4,-47402.4
Warehouse,task_occ_e05,winter,Warehouse-0665,-279475.9,-279475.9
Warehouse,task_occ_e05,winter,Warehouse-0680,-51686.5,-51686.5
Warehouse,task_occ_e05,winter,Warehouse-0682,-89087.1,-89087.1
Warehouse,task_occ_e05,winter,Warehouse-0685,-40926.9,-40926.9
Warehouse,task_occ_e05,winter,Warehouse-0702,-51161.3,-51161.3
Warehouse,task_occ_e05,winter,Warehouse-0704,-52985.0,-52985.0
Warehouse,task_occ_e05,winter,Warehouse-0711,-57042.3,-57042.3
Warehouse,task_occ_e05,winter,Warehouse-0730,-46388.8,-46388.8
Warehouse,task_occ_e05,winter,Warehouse-0742,-69515.8,-69515.8
Warehouse,task_occ_e05,winter,Warehouse-0772,-44189.2,-44189.2
Warehouse,task_occ_e05,winter,Warehouse-0792,-45726.2,-45726.2
Warehouse,task_occ_e05,winter,Warehouse-0797,-61429.5,-61429.5
Warehouse,task_occ_e05,winter,Warehouse-0809,-53962.6,-53962.6
Warehouse,task_occ_e05,winter,Warehouse-0827,-47649.8,-47649.8
Warehouse,task_occ_e05,winter,Warehouse-0868,-47357.7,-47357.7
Warehouse,task_occ_e05,winter,Warehouse-0876,-48790.4,-48790.4
Warehouse,task_occ_e05,winter,Warehouse-0898,-49469.9,-49469.9
Warehouse,task_occ_e05,winter,Warehouse-0903,-62524.8,-62524.8
Warehouse,task_occ_e05,winter,Warehouse-0909,-48599.1,-48599.1
Warehouse,task_occ_e05,winter,Warehouse-0919,-81494.9,-81494.9
Warehouse,task_occ_e05,winter,Warehouse-0944,-53099.8,-53099.8
Warehouse,task_occ_e05,winter,Warehouse-0951,-56817.2,-56817.2
Warehouse,task_occ_e05,winter,Warehouse-0956,-52677.7,-52677.7
Warehouse,task_occ_e05,winter,Warehouse-0966,-107067.0,-107067.0
Warehouse,task_occ_e05,winter,Warehouse-0979,-49607.7,-49607.7
Warehouse,task_occ_e05,winter,Warehouse-0981,-51010.8,-51010.8
Warehouse,task_occ_e05,winter,Warehouse-0993,-83746.8,-83746.8
Warehouse,task_occ_e05,winter,Warehouse-0995,-52064.5,-52064.5
Warehouse,task_occ_e05,winter,Warehouse-0997,-49677.4,-49677.4
Warehouse,task_occ_e05,winter,Warehouse-0998,-49287.7,-49287.7
Warehouse,task_occ_e05,winter,Warehouse-0999,-49029.7,-49029.7
Warehouse,task_occ_e05,winter,Warehouse-1000,-327694.4,-327694.4
Warehouse,task_rand_e0,full_year,Warehouse-0015,-5852.1,-5852.1
Warehouse,task_rand_e0,full_year,Warehouse-0027,-8034.8,-8034.8
Warehouse,task_rand_e0,full_year,Warehouse-0033,-9616.1,-9616.1
Warehouse,task_rand_e0,full_year,Warehouse-0035,-9322.4,-9322.4
Warehouse,task_rand_e0,full_year,Warehouse-0038,-9451.1,-9451.1
Warehouse,task_rand_e0,full_year,Warehouse-0043,-14951.1,-14951.1
Warehouse,task_rand_e0,full_year,Warehouse-0074,-8614.4,-8614.4
Warehouse,task_rand_e0,full_year,Warehouse-0078,-12646.4,-12646.4
Warehouse,task_rand_e0,full_year,Warehouse-0083,-5988.3,-5988.3
Warehouse,task_rand_e0,full_year,Warehouse-0099,-8874.2,-8874.2
Warehouse,task_rand_e0,full_year,Warehouse-0113,-5768.4,-5768.4
Warehouse,task_rand_e0,full_year,Warehouse-0131,-7772.8,-7772.8
Warehouse,task_rand_e0,full_year,Warehouse-0135,-7664.6,-7664.6
Warehouse,task_rand_e0,full_year,Warehouse-0145,-8695.5,-8695.5
Warehouse,task_rand_e0,full_year,Warehouse-0160,-8065.3,-8065.3
Warehouse,task_rand_e0,full_year,Warehouse-0165,-6123.3,-6123.3
Warehouse,task_rand_e0,full_year,Warehouse-0170,-9411.2,-9411.2
Warehouse,task_rand_e0,full_year,Warehouse-0185,-9367.2,-9367.2
Warehouse,task_rand_e0,full_year,Warehouse-0190,-16709.5,-16709.5
Warehouse,task_rand_e0,full_year,Warehouse-0207,-8768.2,-8768.2
Warehouse,task_rand_e0,full_year,Warehouse-0209,-6521.9,-6521.9
Warehouse,task_rand_e0,full_year,Warehouse-0212,-5781.6,-5781.6
Warehouse,task_rand_e0,full_year,Warehouse-0218,-4520.7,-4520.7
Warehouse,task_rand_e0,full_year,Warehouse-0251,-7488.7,-7488.7
Warehouse,task_rand_e0,full_year,Warehouse-0274,-5837.6,-5837.6
Warehouse,task_rand_e0,full_year,Warehouse-0286,-11829.7,-11829.7
Warehouse,task_rand_e0,full_year,Warehouse-0288,-12635.5,-12635.5
Warehouse,task_rand_e0,full_year,Warehouse-0314,-9088.3,-9088.3
Warehouse,task_rand_e0,full_year,Warehouse-0317,-5648.1,-5648.1
Warehouse,task_rand_e0,full_year,Warehouse-0322,-11985.5,-11985.5
Warehouse,task_rand_e0,full_year,Warehouse-0338,-9052.0,-9052.0
Warehouse,task_rand_e0,full_year,Warehouse-0394,-4554.4,-4554.4
Warehouse,task_rand_e0,full_year,Warehouse-0401,-5531.4,-5531.4
Warehouse,task_rand_e0,full_year,Warehouse-0424,-8415.2,-8415.2
Warehouse,task_rand_e0,full_year,Warehouse-0425,-5710.4,-5710.4
Warehouse,task_rand_e0,full_year,Warehouse-0428,-6296.7,-6296.7
Warehouse,task_rand_e0,full_year,Warehouse-0433,-5857.3,-5857.3
Warehouse,task_rand_e0,full_year,Warehouse-0440,-7171.5,-7171.5
Warehouse,task_rand_e0,full_year,Warehouse-0448,-8939.8,-8939.8
Warehouse,task_rand_e0,full_year,Warehouse-0450,-12761.5,-12761.5
Warehouse,task_rand_e0,full_year,Warehouse-0452,-6001.2,-6001.2
Warehouse,task_rand_e0,full_year,Warehouse-0457,-6048.2,-6048.2
Warehouse,task_rand_e0,full_year,Warehouse-0462,-14796.7,-14796.7
Warehouse,task_rand_e0,full_year,Warehouse-0469,-8337.3,-8337.3
Warehouse,task_rand_e0,full_year,Warehouse-0475,-5803.1,-5803.1
Warehouse,task_rand_e0,full_year,Warehouse-0479,-8947.7,-8947.7
Warehouse,task_rand_e0,full_year,Warehouse-0488,-9226.4,-9226.4
Warehouse,task_rand_e0,full_year,Warehouse-0493,-12433.5,-12433.5
Warehouse,task_rand_e0,full_year,Warehouse-0500,-9435.7,-9435.7
Warehouse,task_rand_e0,full_year,Warehouse-0511,-8513.4,-8513.4
Warehouse,task_rand_e0,full_year,Warehouse-0514,-8047.0,-8047.0
Warehouse,task_rand_e0,full_year,Warehouse-0518,-7148.1,-7148.1
Warehouse,task_rand_e0,full_year,Warehouse-0519,-13206.8,-13206.8
Warehouse,task_rand_e0,full_year,Warehouse-0523,-7382.5,-7382.5
Warehouse,task_rand_e0,full_year,Warehouse-0531,-9014.5,-9014.5
Warehouse,task_rand_e0,full_year,Warehouse-0543,-8945.8,-8945.8
Warehouse,task_rand_e0,full_year,Warehouse-0547,-6942.7,-6942.7
Warehouse,task_rand_e0,full_year,Warehouse-0548,-9153.3,-9153.3
Warehouse,task_rand_e0,full_year,Warehouse-0550,-6722.4,-6722.4
Warehouse,task_rand_e0,full_year,Warehouse-0552,-5516.9,-5516.9
Warehouse,task_rand_e0,full_year,Warehouse-0560,-7124.7,-7124.7
Warehouse,task_rand_e0,full_year,Warehouse-0584,-5552.1,-5552.1
Warehouse,task_rand_e0,full_year,Warehouse-0609,-17730.0,-17730.0
Warehouse,task_rand_e0,full_year,Warehouse-0615,-6297.7,-6297.7
Warehouse,task_rand_e0,full_year,Warehouse-0625,-12486.7,-12486.7
Warehouse,task_rand_e0,full_year,Warehouse-0646,-6410.4,-6410.4
Warehouse,task_rand_e0,full_year,Warehouse-0647,-8138.3,-8138.3
Warehouse,task_rand_e0,full_year,Warehouse-0648,-5690.3,-5690.3
Warehouse,task_rand_e0,full_year,Warehouse-0665,-14191.7,-14191.7
Warehouse,task_rand_e0,full_year,Warehouse-0680,-7354.3,-7354.3
Warehouse,task_rand_e0,full_year,Warehouse-0682,-4938.8,-4938.8
Warehouse,task_rand_e0,full_year,Warehouse-0685,-8602.6,-8602.6
Warehouse,task_rand_e0,full_year,Warehouse-0702,-12592.2,-12592.2
Warehouse,task_rand_e0,full_year,Warehouse-0704,-7012.9,-7012.9
Warehouse,task_rand_e0,full_year,Warehouse-0711,-5325.0,-5325.0
Warehouse,task_rand_e0,full_year,Warehouse-0730,-9498.1,-9498.1
Warehouse,task_rand_e0,full_year,Warehouse-0742,-14553.5,-14553.5
Warehouse,task_rand_e0,full_year,Warehouse-0772,-6943.2,-6943.2
Warehouse,task_rand_e0,full_year,Warehouse-0792,-6305.4,-6305.4
Warehouse,task_rand_e0,full_year,Warehouse-0797,-12927.8,-12927.8
Warehouse,task_rand_e0,full_year,Warehouse-0809,-12697.2,-12697.2
Warehouse,task_rand_e0,full_year,Warehouse-0827,-7423.9,-7423.9
Warehouse,task_rand_e0,full_year,Warehouse-0868,-7457.3,-7457.3
Warehouse,task_rand_e0,full_year,Warehouse-0876,-5633.5,-5633.5
Warehouse,task_rand_e0,full_year,Warehouse-0898,-5372.9,-5372.9
Warehouse,task_rand_e0,full_year,Warehouse-0903,-13586.7,-13586.7
Warehouse,task_rand_e0,full_year,Warehouse-0909,-6812.8,-6812.8
Warehouse,task_rand_e0,full_year,Warehouse-0919,-4868.0,-4868.0
Warehouse,task_rand_e0,full_year,Warehouse-0944,-8897.7,-8897.7
Warehouse,task_rand_e0,full_year,Warehouse-0951,-6908.3,-6908.3
Warehouse,task_rand_e0,full_year,Warehouse-0956,-5763.0,-5763.0
Warehouse,task_rand_e0,full_year,Warehouse-0966,-5458.5,-5458.5
Warehouse,task_rand_e0,full_year,Warehouse-0979,-9061.1,-9061.1
Warehouse,task_rand_e0,full_year,Warehouse-0981,-5940.6,-5940.6
Warehouse,task_rand_e0,full_year,Warehouse-0993,-9967.7,-9967.7
Warehouse,task_rand_e0,full_year,Warehouse-0995,-5565.8,-5565.8
Warehouse,task_rand_e0,full_year,Warehouse-0997,-7032.7,-7032.7
Warehouse,task_rand_e0,full_year,Warehouse-0998,-6542.1,-6542.1
Warehouse,task_rand_e0,full_year,Warehouse-0999,-5760.7,-5760.7
Warehouse,task_rand_e0,full_year,Warehouse-1000,-12257.1,-12257.1
Warehouse,task_rand_e0,summer,Warehouse-0015,-2396.7,-2396.7
Warehouse,task_rand_e0,summer,Warehouse-0027,-12717.6,-12717.6
Warehouse,task_rand_e0,summer,Warehouse-0033,-2827.8,-2827.8
Warehouse,task_rand_e0,summer,Warehouse-0035,-9171.2,-9171.2
Warehouse,task_rand_e0,summer,Warehouse-0038,-8800.3,-8800.3
Warehouse,task_rand_e0,summer,Warehouse-0043,-1697.6,-1697.6
Warehouse,task_rand_e0,summer,Warehouse-0074,-2974.8,-2974.8
Warehouse,task_rand_e0,summer,Warehouse-0078,-8728.4,-8728.4
Warehouse,task_rand_e0,summer,Warehouse-0083,-2273.1,-2273.1
Warehouse,task_rand_e0,summer,Warehouse-0099,-3067.9,-3067.9
Warehouse,task_rand_e0,summer,Warehouse-0113,-5161.0,-5161.0
Warehouse,task_rand_e0,summer,Warehouse-0131,-5353.3,-5353.3
Warehouse,task_rand_e0,summer,Warehouse-0135,-8410.2,-8410.2
Warehouse,task_rand_e0,summer,Warehouse-0145,-10218.2,-10218.2
Warehouse,task_rand_e0,summer,Warehouse-0160,-9088.4,-9088.4
Warehouse,task_rand_e0,summer,Warehouse-0165,-2379.7,-2379.7
Warehouse,task_rand_e0,summer,Warehouse-0170,-16771.5,-16771.5
Warehouse,task_rand_e0,summer,Warehouse-0185,-8997.6,-8997.6
Warehouse,task_rand_e0,summer,Warehouse-0190,-18681.8,-18681.8
Warehouse,task_rand_e0,summer,Warehouse-0207,-8372.3,-8372.3
Warehouse,task_rand_e0,summer,Warehouse-0209,-14932.9,-14932.9
Warehouse,task_rand_e0,summer,Warehouse-0212,-6273.7,-6273.7
Warehouse,task_rand_e0,summer,Warehouse-0218,-15509.4,-15509.4
Warehouse,task_rand_e0,summer,Warehouse-0251,-8295.7,-8295.7
Warehouse,task_rand_e0,summer,Warehouse-0274,-6461.7,-6461.7
Warehouse,task_rand_e0,summer,Warehouse-0286,-7058.3,-7058.3
Warehouse,task_rand_e0,summer,Warehouse-0288,-3222.9,-3222.9
Warehouse,task_rand_e0,summer,Warehouse-0314,-8915.6,-8915.6
Warehouse,task_rand_e0,summer,Warehouse-0317,-7597.3,-7597.3
Warehouse,task_rand_e0,summer,Warehouse-0322,-11929.3,-11929.3
Warehouse,task_rand_e0,summer,Warehouse-0338,-9679.7,-9679.7
Warehouse,task_rand_e0,summer,Warehouse-0394,-15036.9,-15036.9
Warehouse,task_rand_e0,summer,Warehouse-0401,-2966.6,-2966.6
Warehouse,task_rand_e0,summer,Warehouse-0424,-9698.1,-9698.1
Warehouse,task_rand_e0,summer,Warehouse-0425,-2110.4,-2110.4
Warehouse,task_rand_e0,summer,Warehouse-0428,-15507.8,-15507.8
Warehouse,task_rand_e0,summer,Warehouse-0433,-3891.7,-3891.7
Warehouse,task_rand_e0,summer,Warehouse-0440,-1669.4,-1669.4
Warehouse,task_rand_e0,summer,Warehouse-0448,-8261.6,-8261.6
Warehouse,task_rand_e0,summer,Warehouse-0450,-2979.5,-2979.5
Warehouse,task_rand_e0,summer,Warehouse-0452,-2223.4,-2223.4
Warehouse,task_rand_e0,summer,Warehouse-0457,-1467.2,-1467.2
Warehouse,task_rand_e0,summer,Warehouse-0462,-1659.3,-1659.3
Warehouse,task_rand_e0,summer,Warehouse-0469,-10138.6,-10138.6
Warehouse,task_rand_e0,summer,Warehouse-0475,-6414.0,-6414.0
Warehouse,task_rand_e0,summer,Warehouse-0479,-9689.7,-9689.7
Warehouse,task_rand_e0,summer,Warehouse-0488,-9215.4,-9215.4
Warehouse,task_rand_e0,summer,Warehouse-0493,-1520.6,-1520.6
Warehouse,task_rand_e0,summer,Warehouse-0500,-2814.8,-2814.8
Warehouse,task_rand_e0,summer,Warehouse-0511,-8652.2,-8652.2
Warehouse,task_rand_e0,summer,Warehouse-0514,-12114.1,-12114.1
Warehouse,task_rand_e0,summer,Warehouse-0518,-1695.3,-1695.3
Warehouse,task_rand_e0,summer,Warehouse-0519,-1569.0,-1569.0
Warehouse,task_rand_e0,summer,Warehouse-0523,-15488.0,-15488.0
Warehouse,task_rand_e0,summer,Warehouse-0531,-5367.2,-5367.2
Warehouse,task_rand_e0,summer,Warehouse-0543,-5279.0,-5279.0
Warehouse,task_rand_e0,summer,Warehouse-0547,-1808.5,-1808.5
Warehouse,task_rand_e0,summer,Warehouse-0548,-5377.2,-5377.2
Warehouse,task_rand_e0,summer,Warehouse-0550,-1700.0,-1700.0
Warehouse,task_rand_e0,summer,Warehouse-0552,-2084.5,-2084.5
Warehouse,task_rand_e0,summer,Warehouse-0560,-11776.0,-11776.0
Warehouse,task_rand_e0,summer,Warehouse-0584,-7798.6,-7798.6
Warehouse,task_rand_e0,summer,Warehouse-0609,-18870.4,-18870.4
Warehouse,task_rand_e0,summer,Warehouse-0615,-16007.2,-16007.2
Warehouse,task_rand_e0,summer,Warehouse-0625,-4555.8,-4555.8
Warehouse,task_rand_e0,summer,Warehouse-0646,-3870.2,-3870.2
Warehouse,task_rand_e0,summer,Warehouse-0647,-9573.7,-9573.7
Warehouse,task_rand_e0,summer,Warehouse-0648,-5459.1,-5459.1
Warehouse,task_rand_e0,summer,Warehouse-0665,-13715.8,-13715.8
Warehouse,task_rand_e0,summer,Warehouse-0680,-15587.2,-15587.2
Warehouse,task_rand_e0,summer,Warehouse-0682,-15305.6,-15305.6
Warehouse,task_rand_e0,summer,Warehouse-0685,-3292.2,-3292.2
Warehouse,task_rand_e0,summer,Warehouse-0702,-4180.7,-4180.7
Warehouse,task_rand_e0,summer,Warehouse-0704,-10478.3,-10478.3
Warehouse,task_rand_e0,summer,Warehouse-0711,-6943.9,-6943.9
Warehouse,task_rand_e0,summer,Warehouse-0730,-2876.9,-2876.9
Warehouse,task_rand_e0,summer,Warehouse-0742,-1678.8,-1678.8
Warehouse,task_rand_e0,summer,Warehouse-0772,-4093.7,-4093.7
Warehouse,task_rand_e0,summer,Warehouse-0792,-1522.7,-1522.7
Warehouse,task_rand_e0,summer,Warehouse-0797,-2761.7,-2761.7
Warehouse,task_rand_e0,summer,Warehouse-0809,-1516.9,-1516.9
Warehouse,task_rand_e0,summer,Warehouse-0827,-15726.4,-15726.4
Warehouse,task_rand_e0,summer,Warehouse-0868,-11580.6,-11580.6
Warehouse,task_rand_e0,summer,Warehouse-0876,-4879.4,-4879.4
Warehouse,task_rand_e0,summer,Warehouse-0898,-2860.8,-2860.8
Warehouse,task_rand_e0,summer,Warehouse-0903,-2293.7,-2293.7
Warehouse,task_rand_e0,summer,Warehouse-0909,-10804.6,-10804.6
Warehouse,task_rand_e0,summer,Warehouse-0919,-15390.4,-15390.4
Warehouse,task_rand_e0,summer,Warehouse-0944,-5531.8,-5531.8
Warehouse,task_rand_e0,summer,Warehouse-0951,-16101.3,-16101.3
Warehouse,task_rand_e0,summer,Warehouse-0956,-3373.3,-3373.3
Warehouse,task_rand_e0,summer,Warehouse-0966,-16081.6,-16081.6
Warehouse,task_rand_e0,summer,Warehouse-0979,-8780.0,-8780.0
Warehouse,task_rand_e0,summer,Warehouse-0981,-9660.2,-9660.2
Warehouse,task_rand_e0,summer,Warehouse-0993,-10415.6,-10415.6
Warehouse,task_rand_e0,summer,Warehouse-0995,-4123.3,-4123.3
Warehouse,task_rand_e0,summer,Warehouse-0997,-10679.0,-10679.0
Warehouse,task_rand_e0,summer,Warehouse-0998,-10540.4,-10540.4
Warehouse,task_rand_e0,summer,Warehouse-0999,-2129.5,-2129.5
Warehouse,task_rand_e0,summer,Warehouse-1000,-7960.1,-7960.1
Warehouse,task_rand_e0,winter,Warehouse-0015,-1163.2,-1163.2
Warehouse,task_rand_e0,winter,Warehouse-0027,-832.8,-832.8
Warehouse,task_rand_e0,winter,Warehouse-0033,-2010.4,-2010.4
Warehouse,task_rand_e0,winter,Warehouse-0035,-1745.3,-1745.3
Warehouse,task_rand_e0,winter,Warehouse-0038,-1794.6,-1794.6
Warehouse,task_rand_e0,winter,Warehouse-0043,-3981.0,-3981.0
Warehouse,task_rand_e0,winter,Warehouse-0074,-1918.9,-1918.9
Warehouse,task_rand_e0,winter,Warehouse-0078,-2743.1,-2743.1
Warehouse,task_rand_e0,winter,Warehouse-0083,-1249.2,-1249.2
Warehouse,task_rand_e0,winter,Warehouse-0099,-1870.1,-1870.1
Warehouse,task_rand_e0,winter,Warehouse-0113,-1237.2,-1237.2
Warehouse,task_rand_e0,winter,Warehouse-0131,-1001.1,-1001.1
Warehouse,task_rand_e0,winter,Warehouse-0135,-1499.2,-1499.2
Warehouse,task_rand_e0,winter,Warehouse-0145,-1340.6,-1340.6
Warehouse,task_rand_e0,winter,Warehouse-0160,-1368.7,-1368.7
Warehouse,task_rand_e0,winter,Warehouse-0165,-1241.5,-1241.5
Warehouse,task_rand_e0,winter,Warehouse-0170,-2088.6,-2088.6
Warehouse,task_rand_e0,winter,Warehouse-0185,-1627.1,-1627.1
Warehouse,task_rand_e0,winter,Warehouse-0190,-2422.1,-2422.1
Warehouse,task_rand_e0,winter,Warehouse-0207,-1744.5,-1744.5
Warehouse,task_rand_e0,winter,Warehouse-0209,-825.1,-825.1
Warehouse,task_rand_e0,winter,Warehouse-0212,-995.6,-995.6
Warehouse,task_rand_e0,winter,Warehouse-0218,-1001.9,-1001.9
Warehouse,task_rand_e0,winter,Warehouse-0251,-1244.8,-1244.8
Warehouse,task_rand_e0,winter,Warehouse-0274,-1223.8,-1223.8
Warehouse,task_rand_e0,winter,Warehouse-0286,-2781.8,-2781.8
Warehouse,task_rand_e0,winter,Warehouse-0288,-2801.5,-2801.5
Warehouse,task_rand_e0,winter,Warehouse-0314,-1398.4,-1398.4
Warehouse,task_rand_e0,winter,Warehouse-0317,-952.1,-952.1
Warehouse,task_rand_e0,winter,Warehouse-0322,-1985.6,-1985.6
Warehouse,task_rand_e0,winter,Warehouse-0338,-1449.1,-1449.1
Warehouse,task_rand_e0,winter,Warehouse-0394,-1128.1,-1128.1
Warehouse,task_rand_e0,winter,Warehouse-0401,-1247.6,-1247.6
Warehouse,task_rand_e0,winter,Warehouse-0424,-1241.6,-1241.6
Warehouse,task_rand_e0,winter,Warehouse-0425,-1193.5,-1193.5
Warehouse,task_rand_e0,winter,Warehouse-0428,-1011.1,-1011.1
Warehouse,task_rand_e0,winter,Warehouse-0433,-1251.4,-1251.4
Warehouse,task_rand_e0,winter,Warehouse-0440,-1646.5,-1646.5
Warehouse,task_rand_e0,winter,Warehouse-0448,-1750.0,-1750.0
Warehouse,task_rand_e0,winter,Warehouse-0450,-2771.5,-2771.5
Warehouse,task_rand_e0,winter,Warehouse-0452,-1318.9,-1318.9
Warehouse,task_rand_e0,winter,Warehouse-0457,-1261.5,-1261.5
Warehouse,task_rand_e0,winter,Warehouse-0462,-3793.1,-3793.1
Warehouse,task_rand_e0,winter,Warehouse-0469,-1331.0,-1331.0
Warehouse,task_rand_e0,winter,Warehouse-0475,-1001.2,-1001.2
Warehouse,task_rand_e0,winter,Warehouse-0479,-1397.4,-1397.4
Warehouse,task_rand_e0,winter,Warehouse-0488,-1536.5,-1536.5
Warehouse,task_rand_e0,winter,Warehouse-0493,-2734.8,-2734.8
Warehouse,task_rand_e0,winter,Warehouse-0500,-1913.2,-1913.2
Warehouse,task_rand_e0,winter,Warehouse-0511,-1340.9,-1340.9
Warehouse,task_rand_e0,winter,Warehouse-0514,-879.4,-879.4
Warehouse,task_rand_e0,winter,Warehouse-0518,-1601.8,-1601.8
Warehouse,task_rand_e0,winter,Warehouse-0519,-3056.9,-3056.9
Warehouse,task_rand_e0,winter,Warehouse-0523,-1018.2,-1018.2
Warehouse,task_rand_e0,winter,Warehouse-0531,-2309.3,-2309.3
Warehouse,task_rand_e0,winter,Warehouse-0543,-2225.4,-2225.4
Warehouse,task_rand_e0,winter,Warehouse-0547,-1472.5,-1472.5
Warehouse,task_rand_e0,winter,Warehouse-0548,-2308.1,-2308.1
Warehouse,task_rand_e0,winter,Warehouse-0550,-1372.9,-1372.9
Warehouse,task_rand_e0,winter,Warehouse-0552,-1196.0,-1196.0
Warehouse,task_rand_e0,winter,Warehouse-0560,-797.4,-797.4
Warehouse,task_rand_e0,winter,Warehouse-0584,-931.7,-931.7
Warehouse,task_rand_e0,winter,Warehouse-0609,-2291.0,-2291.0
Warehouse,task_rand_e0,winter,Warehouse-0615,-1090.7,-1090.7
Warehouse,task_rand_e0,winter,Warehouse-0625,-2641.2,-2641.2
Warehouse,task_rand_e0,winter,Warehouse-0646,-1029.3,-1029.3
Warehouse,task_rand_e0,winter,Warehouse-0647,-1249.4,-1249.4
Warehouse,task_rand_e0,winter,Warehouse-0648,-1240.1,-1240.1
Warehouse,task_rand_e0,winter,Warehouse-0665,-2593.8,-2593.8
Warehouse,task_rand_e0,winter,Warehouse-0680,-1131.8,-1131.8
Warehouse,task_rand_e0,winter,Warehouse-0682,-1253.3,-1253.3
Warehouse,task_rand_e0,winter,Warehouse-0685,-1869.9,-1869.9
Warehouse,task_rand_e0,winter,Warehouse-0702,-2646.4,-2646.4
Warehouse,task_rand_e0,winter,Warehouse-0704,-732.9,-732.9
Warehouse,task_rand_e0,winter,Warehouse-0711,-915.5,-915.5
Warehouse,task_rand_e0,winter,Warehouse-0730,-1924.6,-1924.6
Warehouse,task_rand_e0,winter,Warehouse-0742,-3552.5,-3552.5
Warehouse,task_rand_e0,winter,Warehouse-0772,-1054.7,-1054.7
Warehouse,task_rand_e0,winter,Warehouse-0792,-1361.0,-1361.0
Warehouse,task_rand_e0,winter,Warehouse-0797,-2966.3,-2966.3
Warehouse,task_rand_e0,winter,Warehouse-0809,-2884.3,-2884.3
Warehouse,task_rand_e0,winter,Warehouse-0827,-1081.0,-1081.0
Warehouse,task_rand_e0,winter,Warehouse-0868,-781.1,-781.1
Warehouse,task_rand_e0,winter,Warehouse-0876,-1246.4,-1246.4
Warehouse,task_rand_e0,winter,Warehouse-0898,-1217.2,-1217.2
Warehouse,task_rand_e0,winter,Warehouse-0903,-3122.2,-3122.2
Warehouse,task_rand_e0,winter,Warehouse-0909,-753.6,-753.6
Warehouse,task_rand_e0,winter,Warehouse-0919,-1171.9,-1171.9
Warehouse,task_rand_e0,winter,Warehouse-0944,-2239.3,-2239.3
Warehouse,task_rand_e0,winter,Warehouse-0951,-1157.9,-1157.9
Warehouse,task_rand_e0,winter,Warehouse-0956,-1254.0,-1254.0
Warehouse,task_rand_e0,winter,Warehouse-0966,-1324.8,-1324.8
Warehouse,task_rand_e0,winter,Warehouse-0979,-2154.6,-2154.6
Warehouse,task_rand_e0,winter,Warehouse-0981,-931.0,-931.0
Warehouse,task_rand_e0,winter,Warehouse-0993,-1453.2,-1453.2
Warehouse,task_rand_e0,winter,Warehouse-0995,-1284.4,-1284.4
Warehouse,task_rand_e0,winter,Warehouse-0997,-773.3,-773.3
Warehouse,task_rand_e0,winter,Warehouse-0998,-766.5,-766.5
Warehouse,task_rand_e0,winter,Warehouse-0999,-1237.2,-1237.2
Warehouse,task_rand_e0,winter,Warehouse-1000,-2794.6,-2794.6
Warehouse,task_rand_e05,full_year,Warehouse-0015,-311000.9,-311000.9
Warehouse,task_rand_e05,full_year,Warehouse-0027,-569723.2,-569723.2
Warehouse,task_rand_e05,full_year,Warehouse-0033,-290038.4,-290038.4
Warehouse,task_rand_e05,full_year,Warehouse-0035,-537806.6,-537806.6
Warehouse,task_rand_e05,full_year,Warehouse-0038,-539219.0,-539219.0
Warehouse,task_rand_e05,full_year,Warehouse-0043,-327139.4,-327139.4
Warehouse,task_rand_e05,full_year,Warehouse-0074,-261989.0,-261989.0
Warehouse,task_rand_e05,full_year,Warehouse-0078,-1433987.4,-1433987.4
Warehouse,task_rand_e05,full_year,Warehouse-0083,-325378.4,-325378.4
Warehouse,task_rand_e05,full_year,Warehouse-0099,-273540.9,-273540.9
Warehouse,task_rand_e05,full_year,Warehouse-0113,-288733.8,-288733.8
Warehouse,task_rand_e05,full_year,Warehouse-0131,-498852.7,-498852.7
Warehouse,task_rand_e05,full_year,Warehouse-0135,-351335.2,-351335.2
Warehouse,task_rand_e05,full_year,Warehouse-0145,-383002.3,-383002.3
Warehouse,task_rand_e05,full_year,Warehouse-0160,-635847.6,-635847.6
Warehouse,task_rand_e05,full_year,Warehouse-0165,-361048.2,-361048.2
Warehouse,task_rand_e05,full_year,Warehouse-0170,-258664.0,-258664.0
Warehouse,task_rand_e05,full_year,Warehouse-0185,-524883.6,-524883.6
Warehouse,task_rand_e05,full_year,Warehouse-0190,-1909274.3,-1909274.3
Warehouse,task_rand_e05,full_year,Warehouse-0207,-383587.3,-383587.3
Warehouse,task_rand_e05,full_year,Warehouse-0209,-585514.8,-585514.8
Warehouse,task_rand_e05,full_year,Warehouse-0212,-376052.2,-376052.2
Warehouse,task_rand_e05,full_year,Warehouse-0218,-431755.7,-431755.7
Warehouse,task_rand_e05,full_year,Warehouse-0251,-434967.4,-434967.4
Warehouse,task_rand_e05,full_year,Warehouse-0274,-293415.2,-293415.2
Warehouse,task_rand_e05,full_year,Warehouse-0286,-1295071.5,-1295071.5
Warehouse,task_rand_e05,full_year,Warehouse-0288,-297465.2,-297465.2
Warehouse,task_rand_e05,full_year,Warehouse-0314,-702454.1,-702454.1
Warehouse,task_rand_e05,full_year,Warehouse-0317,-346796.1,-346796.1
Warehouse,task_rand_e05,full_year,Warehouse-0322,-1436538.6,-1436538.6
Warehouse,task_rand_e05,full_year,Warehouse-0338,-401858.4,-401858.4
Warehouse,task_rand_e05,full_year,Warehouse-0394,-439568.7,-439568.7
Warehouse,task_rand_e05,full_year,Warehouse-0401,-363209.6,-363209.6
Warehouse,task_rand_e05,full_year,Warehouse-0424,-651295.8,-651295.8
Warehouse,task_rand_e05,full_year,Warehouse-0425,-308602.2,-308602.2
Warehouse,task_rand_e05,full_year,Warehouse-0428,-477114.7,-477114.7
Warehouse,task_rand_e05,full_year,Warehouse-0433,-315638.5,-315638.5
Warehouse,task_rand_e05,full_year,Warehouse-0440,-374389.1,-374389.1
Warehouse,task_rand_e05,full_year,Warehouse-0448,-385454.9,-385454.9
Warehouse,task_rand_e05,full_year,Warehouse-0450,-297301.5,-297301.5
Warehouse,task_rand_e05,full_year,Warehouse-0452,-346640.2,-346640.2
Warehouse,task_rand_e05,full_year,Warehouse-0457,-320520.2,-320520.2
Warehouse,task_rand_e05,full_year,Warehouse-0462,-325068.6,-325068.6
Warehouse,task_rand_e05,full_year,Warehouse-0469,-648527.0,-648527.0
Warehouse,task_rand_e05,full_year,Warehouse-0475,-379057.2,-379057.2
Warehouse,task_rand_e05,full_year,Warehouse-0479,-700396.4,-700396.4
Warehouse,task_rand_e05,full_year,Warehouse-0488,-510773.6,-510773.6
Warehouse,task_rand_e05,full_year,Warehouse-0493,-274985.8,-274985.8
Warehouse,task_rand_e05,full_year,Warehouse-0500,-287064.3,-287064.3
Warehouse,task_rand_e05,full_year,Warehouse-0511,-488672.8,-488672.8
Warehouse,task_rand_e05,full_year,Warehouse-0514,-565969.1,-565969.1
Warehouse,task_rand_e05,full_year,Warehouse-0518,-373839.4,-373839.4
Warehouse,task_rand_e05,full_year,Warehouse-0519,-293962.7,-293962.7
Warehouse,task_rand_e05,full_year,Warehouse-0523,-502062.0,-502062.0
Warehouse,task_rand_e05,full_year,Warehouse-0531,-272269.8,-272269.8
Warehouse,task_rand_e05,full_year,Warehouse-0543,-265608.2,-265608.2
Warehouse,task_rand_e05,full_year,Warehouse-0547,-353074.1,-353074.1
Warehouse,task_rand_e05,full_year,Warehouse-0548,-275621.3,-275621.3
Warehouse,task_rand_e05,full_year,Warehouse-0550,-341387.1,-341387.1
Warehouse,task_rand_e05,full_year,Warehouse-0552,-310542.7,-310542.7
Warehouse,task_rand_e05,full_year,Warehouse-0560,-506356.1,-506356.1
Warehouse,task_rand_e05,full_year,Warehouse-0584,-352672.9,-352672.9
Warehouse,task_rand_e05,full_year,Warehouse-0609,-2052388.8,-2052388.8
Warehouse,task_rand_e05,full_year,Warehouse-0615,-521691.1,-521691.1
Warehouse,task_rand_e05,full_year,Warehouse-0625,-293089.7,-293089.7
Warehouse,task_rand_e05,full_year,Warehouse-0646,-424770.7,-424770.7
Warehouse,task_rand_e05,full_year,Warehouse-0647,-359584.4,-359584.4
Warehouse,task_rand_e05,full_year,Warehouse-0648,-286306.6,-286306.6
Warehouse,task_rand_e05,full_year,Warehouse-0665,-1659830.6,-1659830.6
Warehouse,task_rand_e05,full_year,Warehouse-0680,-537202.1,-537202.1
Warehouse,task_rand_e05,full_year,Warehouse-0682,-474105.5,-474105.5
Warehouse,task_rand_e05,full_year,Warehouse-0685,-253984.1,-253984.1
Warehouse,task_rand_e05,full_year,Warehouse-0702,-296832.4,-296832.4
Warehouse,task_rand_e05,full_year,Warehouse-0704,-525945.1,-525945.1
Warehouse,task_rand_e05,full_year,Warehouse-0711,-352665.6,-352665.6
Warehouse,task_rand_e05,full_year,Warehouse-0730,-288460.5,-288460.5
Warehouse,task_rand_e05,full_year,Warehouse-0742,-319415.6,-319415.6
Warehouse,task_rand_e05,full_year,Warehouse-0772,-449938.8,-449938.8
Warehouse,task_rand_e05,full_year,Warehouse-0792,-333709.8,-333709.8
Warehouse,task_rand_e05,full_year,Warehouse-0797,-311993.4,-311993.4
Warehouse,task_rand_e05,full_year,Warehouse-0809,-280872.6,-280872.6
Warehouse,task_rand_e05,full_year,Warehouse-0827,-497876.9,-497876.9
Warehouse,task_rand_e05,full_year,Warehouse-0868,-533413.3,-533413.3
Warehouse,task_rand_e05,full_year,Warehouse-0876,-286449.1,-286449.1
Warehouse,task_rand_e05,full_year,Warehouse-0898,-351965.3,-351965.3
Warehouse,task_rand_e05,full_year,Warehouse-0903,-330333.3,-330333.3
Warehouse,task_rand_e05,full_year,Warehouse-0909,-504516.4,-504516.4
Warehouse,task_rand_e05,full_year,Warehouse-0919,-452785.4,-452785.4
Warehouse,task_rand_e05,full_year,Warehouse-0944,-266967.0,-266967.0
Warehouse,task_rand_e05,full_year,Warehouse-0951,-568209.1,-568209.1
Warehouse,task_rand_e05,full_year,Warehouse-0956,-384507.9,-384507.9
Warehouse,task_rand_e05,full_year,Warehouse-0966,-559021.2,-559021.2
Warehouse,task_rand_e05,full_year,Warehouse-0979,-262842.8,-262842.8
Warehouse,task_rand_e05,full_year,Warehouse-0981,-366098.4,-366098.4
Warehouse,task_rand_e05,full_year,Warehouse-0993,-742892.4,-742892.4
Warehouse,task_rand_e05,full_year,Warehouse-0995,-291892.4,-291892.4
Warehouse,task_rand_e05,full_year,Warehouse-0997,-525582.1,-525582.1
Warehouse,task_rand_e05,full_year,Warehouse-0998,-475089.0,-475089.0
Warehouse,task_rand_e05,full_year,Warehouse-0999,-317732.1,-317732.1
Warehouse,task_rand_e05,full_year,Warehouse-1000,-1363833.9,-1363833.9
Warehouse,task_rand_e05,summer,Warehouse-0015,-81407.4,-81407.4
Warehouse,task_rand_e05,summer,Warehouse-0027,-687612.6,-687612.6
Warehouse,task_rand_e05,summer,Warehouse-0033,-98130.6,-98130.6
Warehouse,task_rand_e05,summer,Warehouse-0035,-354342.0,-354342.0
Warehouse,task_rand_e05,summer,Warehouse-0038,-338966.7,-338966.7
Warehouse,task_rand_e05,summer,Warehouse-0043,-68904.9,-68904.9
Warehouse,task_rand_e05,summer,Warehouse-0074,-101874.1,-101874.1
Warehouse,task_rand_e05,summer,Warehouse-0078,-880642.2,-880642.2
Warehouse,task_rand_e05,summer,Warehouse-0083,-82825.3,-82825.3
Warehouse,task_rand_e05,summer,Warehouse-0099,-105523.1,-105523.1
Warehouse,task_rand_e05,summer,Warehouse-0113,-220110.9,-220110.9
Warehouse,task_rand_e05,summer,Warehouse-0131,-284331.9,-284331.9
Warehouse,task_rand_e05,summer,Warehouse-0135,-392239.0,-392239.0
Warehouse,task_rand_e05,summer,Warehouse-0145,-457262.0,-457262.0
Warehouse,task_rand_e05,summer,Warehouse-0160,-692537.0,-692537.0
Warehouse,task_rand_e05,summer,Warehouse-0165,-102857.1,-102857.1
Warehouse,task_rand_e05,summer,Warehouse-0170,-659399.0,-659399.0
Warehouse,task_rand_e05,summer,Warehouse-0185,-355268.5,-355268.5
Warehouse,task_rand_e05,summer,Warehouse-0190,-1858722.0,-1858722.0
Warehouse,task_rand_e05,summer,Warehouse-0207,-398452.5,-398452.5
Warehouse,task_rand_e05,summer,Warehouse-0209,-1144856.7,-1144856.7
Warehouse,task_rand_e05,summer,Warehouse-0212,-266390.5,-266390.5
Warehouse,task_rand_e05,summer,Warehouse-0218,-1130522.7,-1130522.7
Warehouse,task_rand_e05,summer,Warehouse-0251,-336308.1,-336308.1
Warehouse,task_rand_e05,summer,Warehouse-0274,-269245.8,-269245.8
Warehouse,task_rand_e05,summer,Warehouse-0286,-707119.2,-707119.2
Warehouse,task_rand_e05,summer,Warehouse-0288,-147214.0,-147214.0
Warehouse,task_rand_e05,summer,Warehouse-0314,-731074.4,-731074.4
Warehouse,task_rand_e05,summer,Warehouse-0317,-280592.8,-280592.8
Warehouse,task_rand_e05,summer,Warehouse-0322,-1189635.1,-1189635.1
Warehouse,task_rand_e05,summer,Warehouse-0338,-437787.0,-437787.0
Warehouse,task_rand_e05,summer,Warehouse-0394,-1091821.8,-1091821.8
Warehouse,task_rand_e05,summer,Warehouse-0401,-172548.7,-172548.7
Warehouse,task_rand_e05,summer,Warehouse-0424,-738061.2,-738061.2
Warehouse,task_rand_e05,summer,Warehouse-0425,-77704.7,-77704.7
Warehouse,task_rand_e05,summer,Warehouse-0428,-753862.6,-753862.6
Warehouse,task_rand_e05,summer,Warehouse-0433,-171789.0,-171789.0
Warehouse,task_rand_e05,summer,Warehouse-0440,-76925.9,-76925.9
Warehouse,task_rand_e05,summer,Warehouse-0448,-409840.6,-409840.6
Warehouse,task_rand_e05,summer,Warehouse-0450,-143929.4,-143929.4
Warehouse,task_rand_e05,summer,Warehouse-0452,-87193.5,-87193.5
Warehouse,task_rand_e05,summer,Warehouse-0457,-71548.3,-71548.3
Warehouse,task_rand_e05,summer,Warehouse-0462,-66416.1,-66416.1
Warehouse,task_rand_e05,summer,Warehouse-0469,-775658.8,-775658.8
Warehouse,task_rand_e05,summer,Warehouse-0475,-266908.9,-266908.9
Warehouse,task_rand_e05,summer,Warehouse-0479,-745353.8,-745353.8
Warehouse,task_rand_e05,summer,Warehouse-0488,-361523.6,-361523.6
Warehouse,task_rand_e05,summer,Warehouse-0493,-64677.3,-64677.3
Warehouse,task_rand_e05,summer,Warehouse-0500,-100929.6,-100929.6
Warehouse,task_rand_e05,summer,Warehouse-0511,-354846.5,-354846.5
Warehouse,task_rand_e05,summer,Warehouse-0514,-659891.8,-659891.8
Warehouse,task_rand_e05,summer,Warehouse-0518,-76853.0,-76853.0
Warehouse,task_rand_e05,summer,Warehouse-0519,-60059.6,-60059.6
Warehouse,task_rand_e05,summer,Warehouse-0523,-752075.1,-752075.1
Warehouse,task_rand_e05,summer,Warehouse-0531,-190681.2,-190681.2
Warehouse,task_rand_e05,summer,Warehouse-0543,-193157.8,-193157.8
Warehouse,task_rand_e05,summer,Warehouse-0547,-80804.4,-80804.4
Warehouse,task_rand_e05,summer,Warehouse-0548,-202197.1,-202197.1
Warehouse,task_rand_e05,summer,Warehouse-0550,-76179.8,-76179.8
Warehouse,task_rand_e05,summer,Warehouse-0552,-82228.8,-82228.8
Warehouse,task_rand_e05,summer,Warehouse-0560,-644498.2,-644498.2
Warehouse,task_rand_e05,summer,Warehouse-0584,-282856.9,-282856.9
Warehouse,task_rand_e05,summer,Warehouse-0609,-1867877.0,-1867877.0
Warehouse,task_rand_e05,summer,Warehouse-0615,-797979.6,-797979.6
Warehouse,task_rand_e05,summer,Warehouse-0625,-165536.0,-165536.0
Warehouse,task_rand_e05,summer,Warehouse-0646,-233561.0,-233561.0
Warehouse,task_rand_e05,summer,Warehouse-0647,-442195.7,-442195.7
Warehouse,task_rand_e05,summer,Warehouse-0648,-216334.4,-216334.4
Warehouse,task_rand_e05,summer,Warehouse-0665,-1376223.5,-1376223.5
Warehouse,task_rand_e05,summer,Warehouse-0680,-755178.5,-755178.5
Warehouse,task_rand_e05,summer,Warehouse-0682,-1104965.9,-1104965.9
Warehouse,task_rand_e05,summer,Warehouse-0685,-101885.7,-101885.7
Warehouse,task_rand_e05,summer,Warehouse-0702,-169752.0,-169752.0
Warehouse,task_rand_e05,summer,Warehouse-0704,-579421.8,-579421.8
Warehouse,task_rand_e05,summer,Warehouse-0711,-264449.0,-264449.0
Warehouse,task_rand_e05,summer,Warehouse-0730,-100141.3,-100141.3
Warehouse,task_rand_e05,summer,Warehouse-0742,-68473.6,-68473.6
Warehouse,task_rand_e05,summer,Warehouse-0772,-220815.0,-220815.0
Warehouse,task_rand_e05,summer,Warehouse-0792,-72147.6,-72147.6
Warehouse,task_rand_e05,summer,Warehouse-0797,-136612.1,-136612.1
Warehouse,task_rand_e05,summer,Warehouse-0809,-60312.4,-60312.4
Warehouse,task_rand_e05,summer,Warehouse-0827,-758188.5,-758188.5
Warehouse,task_rand_e05,summer,Warehouse-0868,-637333.3,-637333.3
Warehouse,task_rand_e05,summer,Warehouse-0876,-201347.8,-201347.8
Warehouse,task_rand_e05,summer,Warehouse-0898,-159667.7,-159667.7
Warehouse,task_rand_e05,summer,Warehouse-0903,-118382.8,-118382.8
Warehouse,task_rand_e05,summer,Warehouse-0909,-590684.6,-590684.6
Warehouse,task_rand_e05,summer,Warehouse-0919,-1110205.2,-1110205.2
Warehouse,task_rand_e05,summer,Warehouse-0944,-179018.8,-179018.8
Warehouse,task_rand_e05,summer,Warehouse-0951,-808875.8,-808875.8
Warehouse,task_rand_e05,summer,Warehouse-0956,-191003.2,-191003.2
Warehouse,task_rand_e05,summer,Warehouse-0966,-1178131.9,-1178131.9
Warehouse,task_rand_e05,summer,Warehouse-0979,-279793.7,-279793.7
Warehouse,task_rand_e05,summer,Warehouse-0981,-360615.1,-360615.1
Warehouse,task_rand_e05,summer,Warehouse-0993,-797692.9,-797692.9
Warehouse,task_rand_e05,summer,Warehouse-0995,-165163.0,-165163.0
Warehouse,task_rand_e05,summer,Warehouse-0997,-591202.2,-591202.2
Warehouse,task_rand_e05,summer,Warehouse-0998,-587463.3,-587463.3
Warehouse,task_rand_e05,summer,Warehouse-0999,-81262.0,-81262.0
Warehouse,task_rand_e05,summer,Warehouse-1000,-799450.5,-799450.5
Warehouse,task_rand_e05,winter,Warehouse-0015,-66220.9,-66220.9
Warehouse,task_rand_e05,winter,Warehouse-0027,-59275.3,-59275.3
Warehouse,task_rand_e05,winter,Warehouse-0033,-57073.7,-57073.7
Warehouse,task_rand_e05,winter,Warehouse-0035,-94601.8,-94601.8
Warehouse,task_rand_e05,winter,Warehouse-0038,-95011.9,-95011.9
Warehouse,task_rand_e05,winter,Warehouse-0043,-86648.1,-86648.1
Warehouse,task_rand_e05,winter,Warehouse-0074,-52329.3,-52329.3
Warehouse,task_rand_e05,winter,Warehouse-0078,-364180.7,-364180.7
Warehouse,task_rand_e05,winter,Warehouse-0083,-72072.2,-72072.2
Warehouse,task_rand_e05,winter,Warehouse-0099,-53748.3,-53748.3
Warehouse,task_rand_e05,winter,Warehouse-0113,-55959.2,-55959.2
Warehouse,task_rand_e05,winter,Warehouse-0131,-78653.5,-78653.5
Warehouse,task_rand_e05,winter,Warehouse-0135,-69800.1,-69800.1
Warehouse,task_rand_e05,winter,Warehouse-0145,-64568.9,-64568.9
Warehouse,task_rand_e05,winter,Warehouse-0160,-105383.4,-105383.4
Warehouse,task_rand_e05,winter,Warehouse-0165,-76089.3,-76089.3
Warehouse,task_rand_e05,winter,Warehouse-0170,-55751.6,-55751.6
Warehouse,task_rand_e05,winter,Warehouse-0185,-83555.9,-83555.9
Warehouse,task_rand_e05,winter,Warehouse-0190,-303271.2,-303271.2
Warehouse,task_rand_e05,winter,Warehouse-0207,-76630.5,-76630.5
Warehouse,task_rand_e05,winter,Warehouse-0209,-84739.1,-84739.1
Warehouse,task_rand_e05,winter,Warehouse-0212,-74014.2,-74014.2
Warehouse,task_rand_e05,winter,Warehouse-0218,-100657.0,-100657.0
Warehouse,task_rand_e05,winter,Warehouse-0251,-62581.0,-62581.0
Warehouse,task_rand_e05,winter,Warehouse-0274,-53035.8,-53035.8
Warehouse,task_rand_e05,winter,Warehouse-0286,-359040.9,-359040.9
Warehouse,task_rand_e05,winter,Warehouse-0288,-56640.9,-56640.9
Warehouse,task_rand_e05,winter,Warehouse-0314,-119741.7,-119741.7
Warehouse,task_rand_e05,winter,Warehouse-0317,-68258.3,-68258.3
Warehouse,task_rand_e05,winter,Warehouse-0322,-250317.8,-250317.8
Warehouse,task_rand_e05,winter,Warehouse-0338,-69302.9,-69302.9
Warehouse,task_rand_e05,winter,Warehouse-0394,-106215.5,-106215.5
Warehouse,task_rand_e05,winter,Warehouse-0401,-98166.0,-98166.0
Warehouse,task_rand_e05,winter,Warehouse-0424,-96075.3,-96075.3
Warehouse,task_rand_e05,winter,Warehouse-0425,-69097.8,-69097.8
Warehouse,task_rand_e05,winter,Warehouse-0428,-60114.3,-60114.3
Warehouse,task_rand_e05,winter,Warehouse-0433,-59293.0,-59293.0
Warehouse,task_rand_e05,winter,Warehouse-0440,-79366.6,-79366.6
Warehouse,task_rand_e05,winter,Warehouse-0448,-77636.4,-77636.4
Warehouse,task_rand_e05,winter,Warehouse-0450,-56094.6,-56094.6
Warehouse,task_rand_e05,winter,Warehouse-0452,-77971.8,-77971.8
Warehouse,task_rand_e05,winter,Warehouse-0457,-64331.2,-64331.2
Warehouse,task_rand_e05,winter,Warehouse-0462,-84759.2,-84759.2
Warehouse,task_rand_e05,winter,Warehouse-0469,-102139.3,-102139.3
Warehouse,task_rand_e05,winter,Warehouse-0475,-73084.8,-73084.8
Warehouse,task_rand_e05,winter,Warehouse-0479,-103607.1,-103607.1
Warehouse,task_rand_e05,winter,Warehouse-0488,-80751.9,-80751.9
Warehouse,task_rand_e05,winter,Warehouse-0493,-66925.5,-66925.5
Warehouse,task_rand_e05,winter,Warehouse-0500,-57999.4,-57999.4
Warehouse,task_rand_e05,winter,Warehouse-0511,-69135.7,-69135.7
Warehouse,task_rand_e05,winter,Warehouse-0514,-62647.8,-62647.8
Warehouse,task_rand_e05,winter,Warehouse-0518,-81168.4,-81168.4
Warehouse,task_rand_e05,winter,Warehouse-0519,-69835.1,-69835.1
Warehouse,task_rand_e05,winter,Warehouse-0523,-63862.7,-63862.7
Warehouse,task_rand_e05,winter,Warehouse-0531,-62505.0,-62505.0
Warehouse,task_rand_e05,winter,Warehouse-0543,-59155.6,-59155.6
Warehouse,task_rand_e05,winter,Warehouse-0547,-71663.9,-71663.9
Warehouse,task_rand_e05,winter,Warehouse-0548,-61749.9,-61749.9
Warehouse,task_rand_e05,winter,Warehouse-0550,-68693.6,-68693.6
Warehouse,task_rand_e05,winter,Warehouse-0552,-70792.4,-70792.4
Warehouse,task_rand_e05,winter,Warehouse-0560,-58376.6,-58376.6
Warehouse,task_rand_e05,winter,Warehouse-0584,-67802.4,-67802.4
Warehouse,task_rand_e05,winter,Warehouse-0609,-296668.2,-296668.2
Warehouse,task_rand_e05,winter,Warehouse-0615,-66612.1,-66612.1
Warehouse,task_rand_e05,winter,Warehouse-0625,-54115.3,-54115.3
Warehouse,task_rand_e05,winter,Warehouse-0646,-83301.9,-83301.9
Warehouse,task_rand_e05,winter,Warehouse-0647,-63105.3,-63105.3
Warehouse,task_rand_e05,winter,Warehouse-0648,-53925.3,-53925.3
Warehouse,task_rand_e05,winter,Warehouse-0665,-322498.8,-322498.8
Warehouse,task_rand_e05,winter,Warehouse-0680,-71316.5,-71316.5
Warehouse,task_rand_e05,winter,Warehouse-0682,-114617.5,-114617.5
Warehouse,task_rand_e05,winter,Warehouse-0685,-48440.2,-48440.2
Warehouse,task_rand_e05,winter,Warehouse-0702,-54982.1,-54982.1
Warehouse,task_rand_e05,winter,Warehouse-0704,-65711.9,-65711.9
Warehouse,task_rand_e05,winter,Warehouse-0711,-69381.6,-69381.6
Warehouse,task_rand_e05,winter,Warehouse-0730,-55800.9,-55800.9
Warehouse,task_rand_e05,winter,Warehouse-0742,-80061.1,-80061.1
Warehouse,task_rand_e05,winter,Warehouse-0772,-84113.0,-84113.0
Warehouse,task_rand_e05,winter,Warehouse-0792,-67355.1,-67355.1
Warehouse,task_rand_e05,winter,Warehouse-0797,-61387.0,-61387.0
Warehouse,task_rand_e05,winter,Warehouse-0809,-69115.3,-69115.3
Warehouse,task_rand_e05,winter,Warehouse-0827,-65663.1,-65663.1
Warehouse,task_rand_e05,winter,Warehouse-0868,-58848.0,-58848.0
Warehouse,task_rand_e05,winter,Warehouse-0876,-54054.2,-54054.2
Warehouse,task_rand_e05,winter,Warehouse-0898,-95200.9,-95200.9
Warehouse,task_rand_e05,winter,Warehouse-0903,-62346.9,-62346.9
Warehouse,task_rand_e05,winter,Warehouse-0909,-59000.5,-59000.5
Warehouse,task_rand_e05,winter,Warehouse-0919,-111245.7,-111245.7
Warehouse,task_rand_e05,winter,Warehouse-0944,-60216.8,-60216.8
Warehouse,task_rand_e05,winter,Warehouse-0951,-71752.5,-71752.5
Warehouse,task_rand_e05,winter,Warehouse-0956,-101168.5,-101168.5
Warehouse,task_rand_e05,winter,Warehouse-0966,-134573.6,-134573.6
Warehouse,task_rand_e05,winter,Warehouse-0979,-57605.7,-57605.7
Warehouse,task_rand_e05,winter,Warehouse-0981,-65190.5,-65190.5
Warehouse,task_rand_e05,winter,Warehouse-0993,-100537.7,-100537.7
Warehouse,task_rand_e05,winter,Warehouse-0995,-57511.7,-57511.7
Warehouse,task_rand_e05,winter,Warehouse-0997,-61081.3,-61081.3
Warehouse,task_rand_e05,winter,Warehouse-0998,-60663.0,-60663.0
Warehouse,task_rand_e05,winter,Warehouse-0999,-70469.0,-70469.0
Warehouse,task_rand_e05,winter,Warehouse-1000,-364517.2,-364517.2
